company_id,month,headcount,new_hires_this_month,headcount_growth_rate_pct,cash_balance,net_cash_inflow,cash_inflow_spike_ratio,new_deal_value,deal_size_ratio,needs_human_review
0,1,9,0,0.0,845781.77,-15554.72,-0.36,18173.8,0.49,0
0,2,9,0,0.0,854501.74,8719.97,0.2,0,0.0,0
0,3,9,0,0.0,850529.67,-3972.07,-0.09,0,0.0,0
0,4,14,5,55.56,842232.59,-8297.07,-0.19,0,0.0,1
0,5,14,0,0.0,838421.79,-3810.8,-0.09,54720.54,1.47,0
0,6,14,0,0.0,827388.22,-11033.57,-0.26,0,0.0,0
0,7,14,0,0.0,819054.95,-8333.27,-0.19,18535.91,0.5,0
0,8,14,0,0.0,808130.15,-10924.8,-0.25,20967.36,0.56,0
0,9,14,0,0.0,800983.16,-7146.98,-0.17,20433.45,0.55,0
0,10,14,0,0.0,795821.71,-5161.45,-0.12,219715.95,5.88,1
0,11,14,0,0.0,784169.48,-11652.22,-0.27,0,0.0,0
0,12,14,0,0.0,775740.51,-8428.97,-0.2,0,0.0,0
1,1,5,0,0.0,143137.61,-1558.11,-0.18,0,0.0,0
1,2,5,0,0.0,143155.63,18.02,0.0,9959.39,0.67,0
1,3,5,0,0.0,140382.36,-2773.27,-0.33,0,0.0,0
1,4,5,0,0.0,138797.58,-1584.78,-0.19,0,0.0,0
1,5,5,0,0.0,136719.39,-2078.19,-0.25,7824.37,0.53,0
1,6,5,0,0.0,136711.81,-7.59,-0.0,20052.95,1.35,0
1,7,5,0,0.0,137119.29,407.48,0.05,6023.87,0.41,0
1,8,5,0,0.0,136047.75,-1071.54,-0.13,0,0.0,0
1,9,5,0,0.0,136143.02,95.27,0.01,0,0.0,0
1,10,5,0,0.0,135925.61,-217.42,-0.03,6089.34,0.41,0
1,11,5,0,0.0,3730291.69,3594366.08,425.42,5130.15,0.35,1
1,12,5,0,0.0,3730037.81,-253.88,-0.03,7620.83,0.51,0
2,1,46,8,21.05,301045.03,-1632.66,-0.07,6114.73,1.15,0
2,2,50,4,8.7,291175.45,-9869.58,-0.44,0,0.0,0
2,3,56,6,12.0,291407.26,231.81,0.01,3403.61,0.64,0
2,4,65,9,16.07,287545.38,-3861.88,-0.17,5430.95,1.02,0
2,5,71,6,9.23,285511.11,-2034.26,-0.09,2711.16,0.51,0
2,6,83,12,16.9,282256.83,-3254.28,-0.15,0,0.0,0
2,7,96,13,15.66,276062.98,-6193.85,-0.28,0,0.0,0
2,8,104,8,8.33,268832.57,-7230.42,-0.32,4295.72,0.81,0
2,9,124,20,19.23,263096.9,-5735.67,-0.26,3850.12,0.72,0
2,10,138,14,11.29,266029.05,2932.16,0.13,4168.34,0.78,0
2,11,155,17,12.32,262443.47,-3585.58,-0.16,0,0.0,0
2,12,175,20,12.9,262678.82,235.34,0.01,7978.34,1.5,0
3,1,2,0,0.0,2740834.13,-41948.47,-0.14,0,0.0,0
3,2,2,0,0.0,2678819.98,-62014.14,-0.21,5847.21,0.59,0
3,3,2,0,0.0,2641137.7,-37682.28,-0.13,0,0.0,0
3,4,2,0,0.0,2608854.17,-32283.53,-0.11,0,0.0,0
3,5,2,0,0.0,2682374.11,73519.94,0.25,9718.84,0.97,0
3,6,2,0,0.0,2643784.54,-38589.57,-0.13,0,0.0,0
3,7,3,1,50.0,12678006.9,10034222.36,33.89,8781.16,0.88,1
3,8,4,1,33.33,12564224.9,-113782.0,-0.38,7133.02,0.71,1
3,9,5,1,25.0,12511982.08,-52242.82,-0.18,0,0.0,0
3,10,5,0,0.0,12402376.64,-109605.44,-0.37,0,0.0,0
3,11,5,0,0.0,12343315.83,-59060.81,-0.2,0,0.0,0
3,12,6,1,20.0,12370499.46,27183.63,0.09,12816.77,1.28,0
4,1,24,3,14.29,2900484.84,-61852.7,-0.23,1533.97,0.65,0
4,2,41,17,70.83,2906879.35,6394.52,0.02,3279.64,1.38,1
4,3,42,1,2.44,2850391.63,-56487.73,-0.21,1505.18,0.63,0
4,4,44,2,4.76,2909687.77,59296.14,0.23,2654.32,1.12,0
4,5,48,4,9.09,2772261.31,-137426.46,-0.52,0,0.0,0
4,6,50,2,4.17,2685482.66,-86778.66,-0.33,1802.35,0.76,0
4,7,52,2,4.0,2582584.74,-102897.92,-0.39,0,0.0,0
4,8,54,2,3.85,2505216.51,-77368.22,-0.29,0,0.0,0
4,9,58,4,7.41,2434160.14,-71056.37,-0.27,0,0.0,0
4,10,65,7,12.07,2478431.49,44271.35,0.17,2945.28,1.24,0
4,11,68,3,4.62,2461164.58,-17266.92,-0.07,0,0.0,0
4,12,77,9,13.24,2392171.13,-68993.45,-0.26,0,0.0,0
5,1,17,0,0.0,2347734.68,-25020.12,-0.27,58060.98,1.32,0
5,2,18,1,5.88,2317849.44,-29885.25,-0.32,64721.1,1.48,0
5,3,19,1,5.56,2338916.24,21066.8,0.22,0,0.0,0
5,4,19,0,0.0,2355420.43,16504.19,0.18,33553.02,0.76,0
5,5,20,1,5.26,2328493.76,-26926.67,-0.29,30737.88,0.7,0
5,6,21,1,5.0,2294920.57,-33573.19,-0.36,61552.07,1.4,0
5,7,22,1,4.76,2281999.96,-12920.61,-0.14,0,0.0,0
5,8,23,1,4.55,2241398.72,-40601.24,-0.43,26673.28,0.61,0
5,9,24,1,4.35,2245145.64,3746.92,0.04,32060.67,0.73,0
5,10,25,1,4.17,2235427.96,-9717.67,-0.1,62395.35,1.42,0
5,11,26,1,4.0,2235917.85,489.88,0.01,40017.94,0.91,0
5,12,26,0,0.0,2214378.16,-21539.69,-0.23,46106.22,1.05,0
6,1,34,3,9.68,2028573.35,-14526.99,-0.09,18400.32,0.46,0
6,2,35,1,2.94,1987013.33,-41560.02,-0.27,0,0.0,0
6,3,36,1,2.86,1949016.78,-37996.55,-0.24,44320.17,1.11,0
6,4,38,2,5.56,1896152.21,-52864.57,-0.34,47166.95,1.18,0
6,5,41,3,7.89,1846962.69,-49189.52,-0.32,57957.76,1.45,0
6,6,44,3,7.32,1804325.47,-42637.22,-0.27,0,0.0,0
6,7,47,3,6.82,1794026.39,-10299.08,-0.07,0,0.0,0
6,8,51,4,8.51,1781362.63,-12663.76,-0.08,0,0.0,0
6,9,55,4,7.84,1737907.28,-43455.35,-0.28,54790.5,1.37,0
6,10,60,5,9.09,1727605.62,-10301.66,-0.07,41260.57,1.03,0
6,11,65,5,8.33,8355249.27,6627643.65,42.68,22914.61,0.57,1
6,12,68,3,4.62,8315463.75,-39785.53,-0.26,20075.31,0.5,0
7,1,13,2,18.18,239964.48,489.37,0.03,18433.82,0.66,0
7,2,15,2,15.38,237494.88,-2469.6,-0.15,32862.69,1.17,0
7,3,17,2,13.33,237709.04,214.16,0.01,21499.18,0.77,0
7,4,18,1,5.88,232860.94,-4848.1,-0.3,11626.42,0.41,0
7,5,20,2,11.11,226711.4,-6149.54,-0.39,19974.63,0.71,0
7,6,22,2,10.0,219628.3,-7083.1,-0.44,22442.1,0.8,0
7,7,23,1,4.55,218109.44,-1518.86,-0.1,33362.69,1.19,0
7,8,25,2,8.7,215606.04,-2503.4,-0.16,8595.28,0.31,0
7,9,26,1,4.0,210332.18,-5273.87,-0.33,29312.63,1.05,0
7,10,30,4,15.38,207524.54,-2807.63,-0.18,0,0.0,0
7,11,32,2,6.67,203520.08,-4004.47,-0.25,30016.82,1.07,0
7,12,36,4,12.5,197598.66,-5921.42,-0.37,0,0.0,0
8,1,13,1,8.33,2945429.55,52412.05,0.19,50337.43,1.28,0
8,2,14,1,7.69,2953086.78,7657.23,0.03,0,0.0,0
8,3,16,2,14.29,2945348.5,-7738.28,-0.03,35108.31,0.89,0
8,4,18,2,12.5,2829096.86,-116251.64,-0.42,29346.18,0.75,0
8,5,20,2,11.11,2794015.5,-35081.37,-0.13,0,0.0,0
8,6,22,2,10.0,2740903.58,-53111.91,-0.19,41127.43,1.05,0
8,7,24,2,9.09,2727198.99,-13704.59,-0.05,50090.09,1.27,0
8,8,26,2,8.33,2689671.7,-37527.29,-0.14,0,0.0,0
8,9,28,2,7.69,2614426.0,-75245.7,-0.27,42034.09,1.07,0
8,10,30,2,7.14,2591738.49,-22687.5,-0.08,26010.5,0.66,0
8,11,32,2,6.67,2509963.79,-81774.71,-0.3,0,0.0,0
8,12,35,3,9.38,2505005.01,-4958.78,-0.02,28649.18,0.73,0
9,1,41,4,10.81,2068029.88,-19267.67,-0.1,0,0.0,0
9,2,45,4,9.76,2075951.2,7921.32,0.04,9120.95,0.36,0
9,3,48,3,6.67,2010726.19,-65225.01,-0.35,0,0.0,0
9,4,51,3,6.25,1958209.07,-52517.11,-0.29,0,0.0,0
9,5,61,10,19.61,1948849.19,-9359.88,-0.05,11561.88,0.45,0
9,6,65,4,6.56,1927521.58,-21327.62,-0.12,14226.5,0.56,0
9,7,77,12,18.46,1890309.55,-37212.03,-0.2,33968.46,1.33,0
9,8,86,9,11.69,1891548.34,1238.79,0.01,19747.45,0.77,0
9,9,91,5,5.81,1790236.86,-101311.48,-0.55,32428.53,1.27,0
9,10,100,9,9.89,1713943.4,-76293.46,-0.41,10069.31,0.39,0
9,11,112,12,12.0,1631963.42,-81979.97,-0.45,30512.24,1.19,0
9,12,127,15,13.39,1651296.4,19332.98,0.11,20081.24,0.79,0
10,1,31,1,3.33,1749287.16,-36862.0,-0.3,21416.2,0.73,0
10,2,33,2,6.45,1751970.39,2683.23,0.02,16625.46,0.57,0
10,3,35,2,6.06,1720387.14,-31583.25,-0.26,35991.52,1.23,0
10,4,37,2,5.71,1735435.72,15048.58,0.12,14420.14,0.49,0
10,5,38,1,2.7,1720233.61,-15202.11,-0.12,36044.1,1.23,0
10,6,40,2,5.26,1701076.72,-19156.9,-0.16,23708.02,0.81,0
10,7,41,1,2.5,1687888.11,-13188.61,-0.11,22529.79,0.77,0
10,8,43,2,4.88,1681872.1,-6016.01,-0.05,0,0.0,0
10,9,44,1,2.33,1638345.88,-43526.23,-0.36,0,0.0,0
10,10,46,2,4.55,1577633.2,-60712.68,-0.5,0,0.0,0
10,11,48,2,4.35,1591291.55,13658.35,0.11,22700.03,0.77,0
10,12,49,1,2.08,1606498.62,15207.07,0.12,0,0.0,0
11,1,7,0,0.0,1235641.94,-18984.93,-0.26,8455.23,1.2,0
11,2,8,1,14.29,1251307.19,15665.24,0.21,0,0.0,0
11,3,9,1,12.5,1223208.17,-28099.02,-0.38,0,0.0,0
11,4,10,1,11.11,1223235.94,27.77,0.0,2599.92,0.37,0
11,5,10,0,0.0,1226674.75,3438.81,0.05,7154.39,1.02,0
11,6,11,1,10.0,1228935.19,2260.44,0.03,5127.9,0.73,0
11,7,11,0,0.0,1241889.74,12954.55,0.18,0,0.0,0
11,8,12,1,9.09,1205233.94,-36655.8,-0.5,7842.47,1.12,0
11,9,13,1,8.33,1194324.73,-10909.21,-0.15,2724.31,0.39,0
11,10,14,1,7.69,1179633.0,-14691.73,-0.2,2041.32,0.29,0
11,11,15,1,7.14,1186376.06,6743.05,0.09,0,0.0,0
11,12,16,1,6.67,1150232.91,-36143.15,-0.49,0,0.0,0
12,1,43,4,10.26,1471692.69,-22746.33,-0.35,17090.72,0.61,0
12,2,49,6,13.95,1478448.32,6755.63,0.1,0,0.0,0
12,3,59,10,20.41,1482672.41,4224.1,0.07,0,0.0,0
12,4,63,4,6.78,1492387.44,9715.03,0.15,36167.08,1.3,0
12,5,67,4,6.35,1508532.72,16145.28,0.25,37104.62,1.33,0
12,6,84,17,25.37,1477730.9,-30801.82,-0.48,28136.99,1.01,1
12,7,95,11,13.1,1458851.11,-18879.79,-0.29,0,0.0,0
12,8,110,15,15.79,1460559.11,1707.99,0.03,0,0.0,0
12,9,126,16,14.55,1449120.09,-11439.02,-0.18,30350.72,1.09,0
12,10,139,13,10.32,1441185.67,-7934.42,-0.12,0,0.0,0
12,11,167,28,20.14,1448428.72,7243.06,0.11,16413.27,0.59,0
12,12,176,9,5.39,1444522.7,-3906.03,-0.06,221230.08,7.94,1
13,1,30,1,3.45,1585932.11,-31008.53,-0.24,0,0.0,0
13,2,31,1,3.33,1549967.42,-35964.69,-0.27,57210.74,1.43,0
13,3,32,1,3.23,1493010.59,-56956.84,-0.44,0,0.0,0
13,4,33,1,3.12,1434293.09,-58717.5,-0.45,0,0.0,0
13,5,33,0,0.0,1414283.68,-20009.41,-0.15,44407.91,1.11,0
13,6,33,0,0.0,1421703.24,7419.57,0.06,53037.73,1.32,0
13,7,34,1,3.03,1411568.38,-10134.87,-0.08,0,0.0,0
13,8,35,1,2.94,1403869.75,-7698.63,-0.06,261519.45,6.53,1
13,9,36,1,2.86,1382074.16,-21795.59,-0.17,47338.42,1.18,0
13,10,64,28,77.78,1393291.34,11217.18,0.09,40669.4,1.02,1
13,11,64,0,0.0,1416972.54,23681.2,0.18,14848.59,0.37,0
13,12,66,2,3.12,1390427.73,-26544.82,-0.2,48948.71,1.22,0
14,1,26,1,4.0,2727305.06,-17481.51,-0.06,0,0.0,0
14,2,29,3,11.54,2716322.66,-10982.4,-0.04,115013.74,8.02,1
14,3,32,3,10.34,2599119.32,-117203.34,-0.41,15405.02,1.07,0
14,4,35,3,9.38,2531072.82,-68046.51,-0.24,0,0.0,0
14,5,36,1,2.86,2504307.26,-26765.56,-0.09,0,0.0,0
14,6,39,3,8.33,2552917.38,48610.12,0.17,18219.4,1.27,0
14,7,44,5,12.82,2491904.06,-61013.32,-0.21,20500.43,1.43,0
14,8,47,3,6.82,2494041.74,2137.68,0.01,0,0.0,0
14,9,49,2,4.26,2424648.1,-69393.64,-0.24,0,0.0,0
14,10,55,6,12.24,2342037.81,-82610.29,-0.29,10598.26,0.74,0
14,11,57,2,3.64,2307948.61,-34089.2,-0.12,0,0.0,0
14,12,59,2,3.51,2252724.02,-55224.59,-0.19,0,0.0,0
15,1,25,0,0.0,1990219.48,-82537.3,-0.5,17798.24,0.36,0
15,2,25,0,0.0,1912968.29,-77251.19,-0.47,23525.55,0.48,0
15,3,26,1,4.0,1897454.14,-15514.15,-0.09,0,0.0,0
15,4,35,9,34.62,1925509.38,28055.24,0.17,25733.25,0.53,1
15,5,35,0,0.0,1945195.09,19685.71,0.12,60044.04,1.23,0
15,6,35,0,0.0,1927540.56,-17654.53,-0.11,56973.44,1.16,0
15,7,36,1,2.86,1924647.76,-2892.8,-0.02,0,0.0,0
15,8,37,1,2.78,11603606.59,9678958.83,59.11,59614.13,1.22,1
15,9,38,1,2.7,11583548.4,-20058.19,-0.12,0,0.0,0
15,10,38,0,0.0,11563708.9,-19839.5,-0.12,0,0.0,0
15,11,39,1,2.63,11600627.42,36918.52,0.23,48485.57,0.99,0
15,12,39,0,0.0,11548927.26,-51700.15,-0.32,30474.73,0.62,0
16,1,45,5,12.5,1350445.28,-38015.2,-0.32,7764.48,1.15,0
16,2,48,3,6.67,1333354.07,-17091.21,-0.15,0,0.0,0
16,3,53,5,10.42,1333429.62,75.55,0.0,5147.76,0.76,0
16,4,59,6,11.32,1325719.76,-7709.86,-0.07,9759.63,1.44,0
16,5,64,5,8.47,1322280.64,-3439.12,-0.03,0,0.0,0
16,6,72,8,12.5,1280651.37,-41629.27,-0.35,3880.01,0.57,0
16,7,76,4,5.56,1239456.65,-41194.72,-0.35,5589.95,0.83,0
16,8,85,9,11.84,1210428.68,-29027.97,-0.25,35585.85,5.26,1
16,9,90,5,5.88,1180096.68,-30332.0,-0.26,8096.88,1.2,0
16,10,98,8,8.89,1170101.08,-9995.6,-0.09,0,0.0,0
16,11,108,10,10.2,1185955.87,15854.79,0.14,8052.73,1.19,0
16,12,122,14,12.96,1174570.99,-11384.88,-0.1,7129.34,1.05,0
17,1,6,0,0.0,1906638.67,-11218.77,-0.18,37933.98,1.0,0
17,2,6,0,0.0,1885985.81,-20652.86,-0.33,29292.4,0.77,0
17,3,6,0,0.0,1894275.53,8289.73,0.13,21486.33,0.57,0
17,4,6,0,0.0,1880231.32,-14044.22,-0.22,26992.78,0.71,0
17,5,6,0,0.0,1860332.37,-19898.94,-0.32,14308.78,0.38,0
17,6,6,0,0.0,1857880.17,-2452.2,-0.04,0,0.0,0
17,7,6,0,0.0,1839574.49,-18305.68,-0.29,48528.18,1.28,0
17,8,6,0,0.0,1807616.23,-31958.27,-0.51,8483.96,0.22,0
17,9,6,0,0.0,1807663.43,47.2,0.0,42439.78,1.12,0
17,10,6,0,0.0,1798191.83,-9471.6,-0.15,46953.57,1.24,0
17,11,6,0,0.0,1788648.67,-9543.16,-0.15,49075.31,1.3,0
17,12,6,0,0.0,1781414.14,-7234.53,-0.12,22814.96,0.6,0
18,1,23,0,0.0,2326663.63,-21734.09,-0.25,12916.8,0.4,0
18,2,24,1,4.35,2279656.29,-47007.33,-0.54,0,0.0,0
18,3,25,1,4.17,2266673.99,-12982.3,-0.15,0,0.0,0
18,4,26,1,4.0,2243023.39,-23650.6,-0.27,47369.76,1.46,0
18,5,27,1,3.85,2228502.51,-14520.88,-0.17,0,0.0,0
18,6,28,1,3.7,2224599.92,-3902.58,-0.05,25924.42,0.8,0
18,7,28,0,0.0,2213302.55,-11297.38,-0.13,0,0.0,0
18,8,30,2,7.14,2179315.36,-33987.18,-0.39,30918.5,0.95,0
18,9,32,2,6.67,2192568.87,13253.51,0.15,0,0.0,0
18,10,33,1,3.12,2162443.93,-30124.95,-0.35,46811.73,1.45,0
18,11,34,1,3.03,2151232.67,-11211.26,-0.13,0,0.0,0
18,12,34,0,0.0,2160533.57,9300.9,0.11,0,0.0,0
19,1,33,3,10.0,1836451.74,-12474.2,-0.11,0,0.0,0
19,2,37,4,12.12,1841231.96,4780.22,0.04,225538.53,4.9,0
19,3,41,4,10.81,1856811.4,15579.44,0.13,0,0.0,0
19,4,45,4,9.76,1808191.64,-48619.76,-0.42,42680.03,0.93,0
19,5,49,4,8.89,1798111.78,-10079.87,-0.09,0,0.0,0
19,6,55,6,12.24,1790408.27,-7703.5,-0.07,49358.6,1.07,0
19,7,59,4,7.27,1753927.46,-36480.81,-0.31,0,0.0,0
19,8,63,4,6.78,1766257.78,12330.31,0.11,0,0.0,0
19,9,66,3,4.76,1723637.0,-42620.77,-0.37,41533.26,0.9,0
19,10,73,7,10.61,1700257.97,-23379.04,-0.2,0,0.0,0
19,11,80,7,9.59,5359644.75,3659386.78,31.54,0,0.0,1
19,12,87,7,8.75,5355335.1,-4309.65,-0.04,31026.17,0.67,0
20,1,21,4,23.53,1870711.47,19454.98,0.11,27594.41,0.7,0
20,2,24,3,14.29,1862820.35,-7891.12,-0.04,0,0.0,0
20,3,26,2,8.33,1802858.79,-59961.57,-0.33,0,0.0,0
20,4,30,4,15.38,1714751.26,-88107.53,-0.49,0,0.0,0
20,5,33,3,10.0,1727855.7,13104.44,0.07,0,0.0,0
20,6,35,2,6.06,1662764.1,-65091.6,-0.36,31161.7,0.79,0
20,7,39,4,11.43,1625143.6,-37620.5,-0.21,20069.21,0.51,0
20,8,49,10,25.64,1620834.9,-4308.7,-0.02,0,0.0,1
20,9,60,11,22.45,1586180.32,-34654.58,-0.19,22701.4,0.57,0
20,10,73,13,21.67,1602916.62,16736.29,0.09,0,0.0,0
20,11,83,10,13.7,1561479.75,-41436.87,-0.23,270033.24,6.82,1
20,12,101,18,21.69,1522317.27,-39162.48,-0.22,13651.62,0.34,0
21,1,21,1,5.0,410353.65,901.03,0.04,21518.24,0.66,0
21,2,22,1,4.76,402481.2,-7872.46,-0.37,21848.99,0.67,0
21,3,23,1,4.55,397371.16,-5110.04,-0.24,7397.55,0.23,0
21,4,24,1,4.35,390355.07,-7016.08,-0.33,38272.91,1.17,0
21,5,25,1,4.17,384820.54,-5534.53,-0.26,0,0.0,0
21,6,25,0,0.0,380359.55,-4460.99,-0.21,21496.28,0.66,0
21,7,26,1,4.0,375918.87,-4440.67,-0.21,0,0.0,0
21,8,28,2,7.69,375209.95,-708.92,-0.03,36944.79,1.13,0
21,9,30,2,7.14,369686.5,-5523.45,-0.26,0,0.0,0
21,10,32,2,6.67,366183.94,-3502.56,-0.17,41164.71,1.26,0
21,11,33,1,3.12,356903.55,-9280.39,-0.44,43149.47,1.32,0
21,12,33,0,0.0,357295.02,391.47,0.02,0,0.0,0
22,1,34,5,17.24,2143236.04,-99521.69,-0.4,0,0.0,0
22,2,39,5,14.71,2125533.16,-17702.88,-0.07,0,0.0,0
22,3,43,4,10.26,2108396.95,-17136.21,-0.07,0,0.0,0
22,4,48,5,11.63,1977813.11,-130583.84,-0.53,30789.0,1.5,0
22,5,52,4,8.33,1955716.53,-22096.58,-0.09,21150.35,1.03,0
22,6,58,6,11.54,1938064.61,-17651.92,-0.07,0,0.0,0
22,7,62,4,6.9,1886325.95,-51738.66,-0.21,5908.71,0.29,0
22,8,73,11,17.74,1844194.69,-42131.26,-0.17,20283.94,0.99,0
22,9,85,12,16.44,1875327.96,31133.27,0.13,0,0.0,0
22,10,98,13,15.29,1851908.89,-23419.07,-0.09,0,0.0,0
22,11,106,8,8.16,1743457.21,-108451.68,-0.44,14454.66,0.7,0
22,12,121,15,14.15,1700520.38,-42936.83,-0.17,30741.27,1.5,0
23,1,24,4,20.0,2974391.92,-21563.17,-0.15,4917.14,0.58,0
23,2,26,2,8.33,2916120.59,-58271.33,-0.41,0,0.0,0
23,3,27,1,3.85,2900447.62,-15672.97,-0.11,0,0.0,0
23,4,31,4,14.81,2860277.75,-40169.87,-0.28,8037.79,0.94,0
23,5,34,3,9.68,2894744.79,34467.04,0.24,0,0.0,0
23,6,35,1,2.94,2853358.96,-41385.83,-0.29,6250.27,0.73,0
23,7,38,3,8.57,2858727.52,5368.56,0.04,2523.96,0.3,0
23,8,42,4,10.53,2859784.3,1056.77,0.01,0,0.0,0
23,9,47,5,11.9,2829111.81,-30672.49,-0.21,7269.42,0.85,0
23,10,54,7,14.89,2830328.03,1216.22,0.01,3495.88,0.41,0
23,11,63,9,16.67,2763254.97,-67073.06,-0.47,4847.25,0.57,0
23,12,66,3,4.76,2693573.61,-69681.36,-0.48,8621.65,1.01,0
24,1,64,28,77.78,1916349.58,-24563.33,-0.15,29976.8,1.0,1
24,2,64,0,0.0,1920594.55,4244.97,0.03,0,0.0,0
24,3,65,1,1.56,1855871.31,-64723.23,-0.4,23586.39,0.79,0
24,4,66,1,1.54,1809456.77,-46414.55,-0.29,19184.68,0.64,0
24,5,66,0,0.0,1826104.75,16647.98,0.1,0,0.0,0
24,6,67,1,1.52,1776829.9,-49274.84,-0.3,10097.58,0.34,0
24,7,68,1,1.49,1725345.95,-51483.95,-0.32,7939.33,0.27,0
24,8,70,2,2.94,1735822.53,10476.58,0.06,0,0.0,0
24,9,72,2,2.86,1708872.88,-26949.65,-0.17,0,0.0,0
24,10,73,1,1.39,11074252.48,9365379.59,57.95,0,0.0,1
24,11,74,1,1.37,11023787.47,-50465.01,-0.31,269721.59,9.03,1
24,12,75,1,1.35,11035456.83,11669.36,0.07,29177.26,0.98,0
25,1,33,1,3.12,3090038.63,3015915.29,1025.53,0,0.0,1
25,2,35,2,6.06,3090197.6,158.97,0.05,5775.11,0.69,0
25,3,38,3,8.57,3089999.61,-198.0,-0.07,8287.29,0.98,0
25,4,39,1,2.63,3089424.86,-574.75,-0.2,0,0.0,0
25,5,41,2,5.13,3089425.12,0.26,0.0,0,0.0,0
25,6,42,1,2.44,3089831.76,406.63,0.14,8441.1,1.0,0
25,7,45,3,7.14,3089519.84,-311.91,-0.11,7053.29,0.84,0
25,8,47,2,4.44,3089610.4,90.55,0.03,2886.77,0.34,0
25,9,49,2,4.26,3088417.4,-1193.0,-0.41,114574.49,13.59,1
25,10,51,2,4.08,3088394.59,-22.81,-0.01,0,0.0,0
25,11,55,4,7.84,3088389.35,-5.24,-0.0,6950.31,0.82,0
25,12,57,2,3.64,3087950.43,-438.92,-0.15,10689.16,1.27,0
26,1,17,0,0.0,2863447.42,16242.17,0.14,1365.9,0.47,0
26,2,17,0,0.0,2854466.06,-8981.36,-0.08,1236.72,0.43,0
26,3,17,0,0.0,2835095.41,-19370.66,-0.17,0,0.0,0
26,4,17,0,0.0,2817414.83,-17680.58,-0.16,0,0.0,0
26,5,17,0,0.0,2783344.64,-34070.19,-0.3,4261.05,1.46,0
26,6,17,0,0.0,2767624.6,-15720.05,-0.14,0,0.0,0
26,7,17,0,0.0,2722298.57,-45326.03,-0.4,0,0.0,0
26,8,17,0,0.0,2675764.84,-46533.73,-0.41,4288.46,1.47,0
26,9,17,0,0.0,2670705.92,-5058.92,-0.04,1669.53,0.57,0
26,10,17,0,0.0,2647562.54,-23143.38,-0.2,2393.53,0.82,0
26,11,17,0,0.0,2613044.23,-34518.31,-0.3,0,0.0,0
26,12,17,0,0.0,2598632.06,-14412.17,-0.13,3114.9,1.07,0
27,1,37,2,5.71,738254.23,1386.38,0.05,25943.57,1.45,0
27,2,38,1,2.7,731347.51,-6906.73,-0.24,16896.64,0.95,0
27,3,39,1,2.63,725220.42,-6127.09,-0.21,0,0.0,0
27,4,40,1,2.56,730131.29,4910.87,0.17,0,0.0,0
27,5,42,2,5.0,724390.97,-5740.31,-0.2,0,0.0,0
27,6,44,2,4.76,721870.16,-2520.81,-0.09,16753.4,0.94,0
27,7,45,1,2.27,726978.42,5108.25,0.18,0,0.0,0
27,8,47,2,4.44,717534.64,-9443.77,-0.33,0,0.0,0
27,9,49,2,4.26,713260.72,-4273.92,-0.15,14222.37,0.8,0
27,10,50,1,2.04,701715.84,-11544.89,-0.4,0,0.0,0
27,11,52,2,4.0,704833.69,3117.85,0.11,239559.3,13.42,1
27,12,55,3,5.77,705045.95,212.26,0.01,19104.46,1.07,0
28,1,15,2,15.38,1400354.1,-58135.49,-0.35,948.9,0.41,0
28,2,18,3,20.0,1384766.22,-15587.88,-0.09,0,0.0,0
28,3,21,3,16.67,1341968.21,-42798.0,-0.26,1133.9,0.49,0
28,4,26,5,23.81,1318161.71,-23806.5,-0.14,0,0.0,0
28,5,29,3,11.54,1282485.68,-35676.04,-0.21,0,0.0,0
28,6,35,6,20.69,1267168.59,-15317.09,-0.09,0,0.0,0
28,7,41,6,17.14,1264416.89,-2751.7,-0.02,1560.4,0.67,0
28,8,51,10,24.39,1185216.79,-79200.1,-0.48,0,0.0,0
28,9,55,4,7.84,1185635.81,419.02,0.0,0,0.0,0
28,10,62,7,12.73,7624280.53,6438644.72,38.65,0,0.0,1
28,11,70,8,12.9,7586803.36,-37477.17,-0.22,19948.87,8.57,1
28,12,81,11,15.71,7555198.89,-31604.47,-0.19,531.45,0.23,0
29,1,19,1,5.56,2178326.05,-71797.18,-0.39,0,0.0,0
29,2,23,4,21.05,2110146.02,-68180.03,-0.37,5811.13,1.39,0
29,3,25,2,8.7,2009430.77,-100715.24,-0.55,0,0.0,0
29,4,26,1,4.0,2043158.67,33727.89,0.18,0,0.0,0
29,5,29,3,11.54,1945714.22,-97444.45,-0.53,0,0.0,0
29,6,34,5,17.24,1964922.59,19208.37,0.1,0,0.0,0
29,7,38,4,11.76,1946049.56,-18873.03,-0.1,37844.34,9.07,1
29,8,55,17,44.74,1861892.66,-84156.9,-0.46,0,0.0,1
29,9,57,2,3.64,1840500.88,-21391.79,-0.12,0,0.0,0
29,10,68,11,19.3,1820823.68,-19677.19,-0.11,3257.21,0.78,0
29,11,78,10,14.71,1846340.23,25516.54,0.14,3216.63,0.77,0
29,12,88,10,12.82,1821743.07,-24597.15,-0.13,6225.51,1.49,0
30,1,17,1,6.25,2187458.12,-20518.46,-0.16,0,0.0,0
30,2,18,1,5.88,2176704.9,-10753.22,-0.08,19885.63,0.65,0
30,3,21,3,16.67,2148293.11,-28411.79,-0.22,0,0.0,0
30,4,23,2,9.52,2132272.22,-16020.89,-0.12,15757.07,0.51,0
30,5,25,2,8.7,2154439.6,22167.39,0.17,8439.78,0.27,0
30,6,28,3,12.0,2128032.26,-26407.34,-0.2,16316.9,0.53,0
30,7,31,3,10.71,2083915.28,-44116.99,-0.34,27517.26,0.9,0
30,8,37,6,19.35,2041778.83,-42136.44,-0.33,0,0.0,0
30,9,39,2,5.41,1978856.75,-62922.09,-0.49,32937.64,1.07,0
30,10,42,3,7.69,1919447.06,-59409.69,-0.46,42418.02,1.38,0
30,11,45,3,7.14,11983662.9,10064215.84,77.65,0,0.0,1
30,12,54,9,20.0,11966334.62,-17328.27,-0.13,15691.72,0.51,0
31,1,26,4,18.18,1156457.78,-16494.37,-0.18,9384.68,0.49,0
31,2,28,2,7.69,1115865.53,-40592.25,-0.44,14295.77,0.74,0
31,3,30,2,7.14,1098750.29,-17115.23,-0.19,0,0.0,0
31,4,33,3,10.0,1085329.75,-13420.55,-0.15,24403.31,1.27,0
31,5,39,6,18.18,1078429.68,-6900.06,-0.08,23737.43,1.23,0
31,6,41,2,5.13,1075210.81,-3218.87,-0.04,0,0.0,0
31,7,46,5,12.2,1084126.31,8915.5,0.1,25031.39,1.3,0
31,8,55,9,19.57,1068418.3,-15708.01,-0.17,24927.5,1.3,0
31,9,59,4,7.27,1082140.29,13721.98,0.15,13185.55,0.69,0
31,10,67,8,13.56,1071777.02,-10363.26,-0.11,16053.93,0.83,0
31,11,69,2,2.99,1078282.66,6505.63,0.07,10722.3,0.56,0
31,12,82,13,18.84,8278062.17,7199779.52,78.67,0,0.0,1
32,1,13,0,0.0,337095.47,2969.49,0.2,0,0.0,0
32,2,13,0,0.0,333957.09,-3138.37,-0.22,0,0.0,0
32,3,13,0,0.0,330600.78,-3356.31,-0.23,2380.3,0.21,0
32,4,13,0,0.0,328807.91,-1792.87,-0.12,0,0.0,0
32,5,13,0,0.0,331575.28,2767.37,0.19,2862.81,0.26,0
32,6,13,0,0.0,329821.15,-1754.13,-0.12,2921.26,0.26,0
32,7,13,0,0.0,328415.51,-1405.65,-0.1,2722.14,0.24,0
32,8,13,0,0.0,322218.43,-6197.07,-0.43,13207.83,1.18,0
32,9,13,0,0.0,321759.8,-458.63,-0.03,5747.81,0.51,0
32,10,13,0,0.0,316480.85,-5278.95,-0.36,13256.73,1.18,0
32,11,13,0,0.0,316547.17,66.32,0.0,16444.83,1.47,0
32,12,13,0,0.0,311951.33,-4595.84,-0.32,13452.01,1.2,0
33,1,43,3,7.5,2301165.68,-30821.33,-0.4,0,0.0,0
33,2,46,3,6.98,2284355.65,-16810.02,-0.22,0,0.0,0
33,3,49,3,6.52,2287643.19,3287.54,0.04,3126.05,0.21,0
33,4,51,2,4.08,2277896.46,-9746.73,-0.13,6707.24,0.44,0
33,5,54,3,5.88,2271356.81,-6539.65,-0.09,9980.34,0.66,0
33,6,55,1,1.85,2269014.33,-2342.47,-0.03,8760.38,0.58,0
33,7,58,3,5.45,2229546.46,-39467.87,-0.52,0,0.0,0
33,8,64,6,10.34,2230928.86,1382.39,0.02,5752.93,0.38,0
33,9,67,3,4.69,2232548.02,1619.16,0.02,11300.96,0.75,0
33,10,71,4,5.97,2212572.84,-19975.18,-0.26,15309.36,1.01,0
33,11,76,5,7.04,2201525.98,-11046.85,-0.15,21673.64,1.43,0
33,12,79,3,3.95,2185411.83,-16114.15,-0.21,9603.38,0.64,0
34,1,41,1,2.5,978838.23,-17123.98,-0.15,0,0.0,0
34,2,42,1,2.44,1000202.15,21363.92,0.19,0,0.0,0
34,3,42,0,0.0,1020065.66,19863.5,0.17,0,0.0,0
34,4,43,1,2.38,972514.01,-47551.65,-0.41,0,0.0,0
34,5,43,0,0.0,961709.51,-10804.5,-0.09,0,0.0,0
34,6,43,0,0.0,944530.5,-17179.01,-0.15,8731.43,0.75,0
34,7,44,1,2.33,919892.01,-24638.49,-0.21,10414.83,0.89,0
34,8,45,1,2.27,927639.92,7747.91,0.07,16983.52,1.46,0
34,9,46,1,2.22,924037.88,-3602.04,-0.03,0,0.0,0
34,10,46,0,0.0,884807.11,-39230.77,-0.34,11599.91,1.0,0
34,11,47,1,2.17,869174.83,-15632.28,-0.14,0,0.0,0
34,12,48,1,2.13,2802487.56,1933312.73,16.84,13630.4,1.17,1
35,1,42,5,13.51,11634165.97,9887221.54,80.71,13420.01,0.65,1
35,2,47,5,11.9,11624517.86,-9648.11,-0.08,23653.61,1.14,0
35,3,51,4,8.51,11601943.58,-22574.28,-0.18,0,0.0,0
35,4,52,1,1.96,11593098.63,-8844.95,-0.07,0,0.0,0
35,5,59,7,13.46,11588670.06,-4428.57,-0.04,13093.85,0.63,0
35,6,64,5,8.47,11553382.04,-35288.03,-0.29,0,0.0,0
35,7,67,3,4.69,11549758.73,-3623.3,-0.03,0,0.0,0
35,8,76,9,13.43,11531747.72,-18011.01,-0.15,9955.84,0.48,0
35,9,81,5,6.58,11511349.3,-20398.42,-0.17,25746.87,1.24,0
35,10,88,7,8.64,11499597.88,-11751.42,-0.1,22268.37,1.07,0
35,11,96,8,9.09,11518902.81,19304.93,0.16,14756.23,0.71,0
35,12,100,4,4.17,11493527.57,-25375.24,-0.21,22346.35,1.08,0
36,1,24,3,14.29,1763183.27,-27813.41,-0.17,0,0.0,0
36,2,29,5,20.83,1733990.31,-29192.96,-0.18,7549.47,0.44,0
36,3,35,6,20.69,1695660.8,-38329.51,-0.24,0,0.0,0
36,4,40,5,14.29,1654169.44,-41491.36,-0.26,17867.37,1.05,0
36,5,45,5,12.5,1615566.03,-38603.42,-0.24,7110.04,0.42,0
36,6,52,7,15.56,1633349.43,17783.41,0.11,8385.24,0.49,0
36,7,57,5,9.62,10107148.54,8473799.1,52.29,160934.6,9.45,1
36,8,65,8,14.04,10103777.78,-3370.76,-0.02,25347.73,1.49,0
36,9,74,9,13.85,10083420.76,-20357.01,-0.13,8245.71,0.48,0
36,10,83,9,12.16,10068271.65,-15149.12,-0.09,22777.31,1.34,0
36,11,87,4,4.82,10001261.39,-67010.26,-0.41,22566.53,1.32,0
36,12,93,6,6.9,10021032.48,19771.09,0.12,0,0.0,0
37,1,26,2,8.33,1872139.96,21867.64,0.17,45408.9,1.44,0
37,2,29,3,11.54,1862503.18,-9636.77,-0.08,37104.79,1.18,0
37,3,32,3,10.34,1826833.67,-35669.51,-0.28,0,0.0,0
37,4,37,5,15.62,1802467.18,-24366.5,-0.19,16476.64,0.52,0
37,5,44,7,18.92,1794792.95,-7674.23,-0.06,0,0.0,0
37,6,51,7,15.91,1789388.33,-5404.62,-0.04,0,0.0,0
37,7,60,9,17.65,1751536.56,-37851.77,-0.3,0,0.0,0
37,8,72,12,20.0,1730249.22,-21287.34,-0.17,41981.83,1.33,0
37,9,86,14,19.44,1661482.34,-68766.88,-0.54,0,0.0,0
37,10,100,14,16.28,1649661.5,-11820.84,-0.09,46054.63,1.46,0
37,11,119,19,19.0,1639290.02,-10371.49,-0.08,28780.96,0.91,0
37,12,126,7,5.88,1627990.09,-11299.93,-0.09,0,0.0,0
38,1,5,0,0.0,1921269.18,24039.59,0.12,0,0.0,0
38,2,5,0,0.0,1861832.5,-59436.67,-0.3,2959.14,1.06,0
38,3,5,0,0.0,1777054.4,-84778.1,-0.42,0,0.0,0
38,4,5,0,0.0,1772686.28,-4368.13,-0.02,1328.02,0.48,0
38,5,5,0,0.0,1750522.61,-22163.67,-0.11,585.45,0.21,0
38,6,5,0,0.0,1653859.11,-96663.5,-0.48,0,0.0,0
38,7,5,0,0.0,1629633.46,-24225.65,-0.12,0,0.0,0
38,8,5,0,0.0,1602478.52,-27154.94,-0.14,3497.4,1.26,0
38,9,5,0,0.0,1572497.53,-29980.99,-0.15,2593.14,0.93,0
38,10,5,0,0.0,1520869.9,-51627.63,-0.26,3262.01,1.17,0
38,11,5,0,0.0,1507101.65,-13768.25,-0.07,3798.34,1.37,0
38,12,5,0,0.0,1421109.47,-85992.18,-0.43,2108.95,0.76,0
39,1,10,0,0.0,1957320.31,5689.63,0.06,42177.99,1.37,0
39,2,11,1,10.0,1957559.97,239.66,0.0,29987.57,0.97,0
39,3,11,0,0.0,1946743.02,-10816.95,-0.11,0,0.0,0
39,4,11,0,0.0,1947055.04,312.02,0.0,33557.17,1.09,0
39,5,12,1,9.09,1943896.88,-3158.16,-0.03,8877.81,0.29,0
39,6,12,0,0.0,1923032.59,-20864.28,-0.2,0,0.0,0
39,7,12,0,0.0,1914234.96,-8797.64,-0.09,34313.84,1.11,0
39,8,12,0,0.0,1896040.35,-18194.61,-0.18,18597.58,0.6,0
39,9,12,0,0.0,1852976.11,-43064.24,-0.42,21838.84,0.71,0
39,10,13,1,8.33,1847342.24,-5633.87,-0.06,145826.49,4.73,0
39,11,14,1,7.69,8962343.58,7115001.35,69.66,23593.4,0.76,1
39,12,14,0,0.0,8960372.32,-1971.26,-0.02,0,0.0,0
40,1,13,0,0.0,2162054.61,23747.82,0.12,0,0.0,0
40,2,13,0,0.0,2123244.16,-38810.45,-0.19,14476.02,1.47,0
40,3,22,9,69.23,2092128.99,-31115.17,-0.16,12992.5,1.32,1
40,4,22,0,0.0,2006359.27,-85769.73,-0.43,0,0.0,0
40,5,22,0,0.0,1919002.58,-87356.68,-0.44,12983.9,1.32,0
40,6,22,0,0.0,1854756.46,-64246.12,-0.32,0,0.0,0
40,7,22,0,0.0,1907735.77,52979.31,0.27,0,0.0,0
40,8,23,1,4.55,1915312.58,7576.81,0.04,13716.94,1.39,0
40,9,23,0,0.0,1912202.66,-3109.92,-0.02,10606.95,1.08,0
40,10,23,0,0.0,1853509.41,-58693.25,-0.29,7113.92,0.72,0
40,11,24,1,4.35,1838295.28,-15214.13,-0.08,3080.53,0.31,0
40,12,24,0,0.0,1811971.81,-26323.47,-0.13,0,0.0,0
41,1,18,1,5.88,13216961.28,11421473.02,85.5,41215.4,1.05,1
41,2,20,2,11.11,13233262.83,16301.56,0.12,19918.64,0.51,0
41,3,21,1,5.0,13157272.72,-75990.11,-0.57,0,0.0,0
41,4,22,1,4.76,13144143.92,-13128.81,-0.1,43427.87,1.11,0
41,5,23,1,4.55,13177984.14,33840.22,0.25,14601.07,0.37,0
41,6,25,2,8.7,13125922.86,-52061.28,-0.39,56810.05,1.45,0
41,7,26,1,4.0,13099805.18,-26117.68,-0.2,0,0.0,0
41,8,28,2,7.69,13105209.29,5404.11,0.04,11612.04,0.3,0
41,9,29,1,3.57,13099342.78,-5866.51,-0.04,223158.93,5.71,1
41,10,30,1,3.45,13082032.69,-17310.09,-0.13,56831.21,1.45,0
41,11,31,1,3.33,13061747.33,-20285.36,-0.15,15825.69,0.4,0
41,12,34,3,9.68,13052989.54,-8757.79,-0.07,50291.32,1.29,0
42,1,23,1,4.55,2099246.87,-48667.46,-0.19,0,0.0,0
42,2,23,0,0.0,1978069.27,-121177.6,-0.48,9618.06,0.46,0
42,3,23,0,0.0,1919716.9,-58352.37,-0.23,20220.03,0.96,0
42,4,24,1,4.35,1778452.92,-141263.98,-0.56,21855.96,1.04,0
42,5,25,1,4.17,1654413.79,-124039.12,-0.49,0,0.0,0
42,6,25,0,0.0,1717546.82,63133.03,0.25,0,0.0,0
42,7,26,1,4.0,8270688.77,6553141.95,26.04,13875.68,0.66,1
42,8,27,1,3.85,8210065.0,-60623.77,-0.24,20984.81,1.0,0
42,9,28,1,3.7,8190961.05,-19103.95,-0.08,0,0.0,0
42,10,29,1,3.57,8113117.07,-77843.99,-0.31,21764.85,1.04,0
42,11,30,1,3.45,7994075.49,-119041.58,-0.47,4737.62,0.23,0
42,12,31,1,3.33,7985220.63,-8854.86,-0.04,0,0.0,0
43,1,29,5,20.83,1523124.84,-8935.26,-0.09,11204.43,1.05,0
43,2,32,3,10.34,1507325.89,-15798.95,-0.16,15896.88,1.5,0
43,3,35,3,9.38,1497802.04,-9523.85,-0.1,13724.71,1.29,0
43,4,42,7,20.0,1463075.9,-34726.14,-0.35,0,0.0,0
43,5,49,7,16.67,1487527.2,24451.3,0.25,0,0.0,0
43,6,60,11,22.45,1473252.9,-14274.31,-0.14,15780.98,1.48,0
43,7,73,13,21.67,1465539.79,-7713.11,-0.08,3373.64,0.32,0
43,8,108,35,47.95,1435568.69,-29971.1,-0.3,14812.03,1.39,1
43,9,117,9,8.33,1393620.56,-41948.13,-0.42,0,0.0,0
43,10,141,24,20.51,1388946.32,-4674.24,-0.05,14802.74,1.39,0
43,11,168,27,19.15,1376902.41,-12043.9,-0.12,0,0.0,0
43,12,187,19,11.31,1388119.96,11217.54,0.11,6296.78,0.59,0
44,1,11,1,10.0,2180863.91,-29574.57,-0.19,37724.55,1.15,0
44,2,12,1,9.09,2163723.55,-17140.35,-0.11,0,0.0,0
44,3,14,2,16.67,2151013.1,-12710.45,-0.08,14273.64,0.44,0
44,4,16,2,14.29,2144861.33,-6151.77,-0.04,0,0.0,0
44,5,17,1,6.25,2131933.12,-12928.21,-0.08,21272.98,0.65,0
44,6,19,2,11.76,2091001.23,-40931.89,-0.27,0,0.0,0
44,7,22,3,15.79,2095650.52,4649.29,0.03,15446.48,0.47,0
44,8,26,4,18.18,2043620.8,-52029.71,-0.34,0,0.0,0
44,9,27,1,3.85,2020828.62,-22792.19,-0.15,24128.71,0.74,0
44,10,33,6,22.22,1994087.52,-26741.1,-0.17,0,0.0,0
44,11,40,7,21.21,1961256.37,-32831.15,-0.21,25712.25,0.79,0
44,12,48,8,20.0,1931940.91,-29315.46,-0.19,10986.74,0.34,0
45,1,23,0,0.0,1177804.69,20203.93,0.18,13202.68,0.47,0
45,2,23,0,0.0,1162242.13,-15562.56,-0.14,0,0.0,0
45,3,23,0,0.0,1145121.18,-17120.95,-0.15,26656.0,0.94,0
45,4,24,1,4.35,1115427.51,-29693.68,-0.27,16472.12,0.58,0
45,5,25,1,4.17,1117673.69,2246.18,0.02,11927.28,0.42,0
45,6,25,0,0.0,1062563.16,-55110.53,-0.5,20252.88,0.72,0
45,7,26,1,4.0,1073003.39,10440.23,0.09,12443.38,0.44,0
45,8,27,1,3.85,1051514.85,-21488.54,-0.19,22735.87,0.8,0
45,9,27,0,0.0,1041484.22,-10030.62,-0.09,0,0.0,0
45,10,28,1,3.7,1008779.82,-32704.4,-0.29,41311.18,1.46,0
45,11,29,1,3.57,979976.13,-28803.69,-0.26,367426.31,13.0,1
45,12,30,1,3.45,949010.1,-30966.03,-0.28,38039.8,1.35,0
46,1,34,2,6.25,1234629.38,19956.5,0.15,5444.58,1.48,0
46,2,35,1,2.94,1240826.25,6196.87,0.05,0,0.0,0
46,3,36,1,2.86,1226514.28,-14311.97,-0.11,17370.91,4.74,0
46,4,37,1,2.78,1209410.99,-17103.29,-0.13,2917.46,0.8,0
46,5,40,3,8.11,1202149.33,-7261.66,-0.06,2733.62,0.75,0
46,6,42,2,5.0,1155284.35,-46864.98,-0.36,0,0.0,0
46,7,45,3,7.14,1160137.4,4853.05,0.04,2097.21,0.57,0
46,8,74,29,64.44,1135162.38,-24975.02,-0.19,3048.2,0.83,1
46,9,78,4,5.41,1097336.33,-37826.05,-0.29,3634.89,0.99,0
46,10,82,4,5.13,1027710.18,-69626.15,-0.54,1865.95,0.51,0
46,11,87,5,6.1,1014939.16,-12771.03,-0.1,4629.92,1.26,0
46,12,90,3,3.45,981650.49,-33288.67,-0.26,0,0.0,0
47,1,10,2,25.0,715586.61,-6887.76,-0.17,0,0.0,0
47,2,11,1,10.0,705491.12,-10095.48,-0.24,14187.72,0.38,0
47,3,13,2,18.18,714891.11,9399.99,0.23,48360.27,1.28,0
47,4,16,3,23.08,704265.17,-10625.94,-0.26,0,0.0,0
47,5,19,3,18.75,688092.9,-16172.27,-0.39,38680.14,1.03,0
47,6,20,1,5.26,674340.15,-13752.75,-0.33,16242.83,0.43,0
47,7,24,4,20.0,672425.27,-1914.88,-0.05,218601.76,5.8,1
47,8,44,20,83.33,668260.37,-4164.9,-0.1,26484.69,0.7,1
47,9,47,3,6.82,655903.37,-12357.01,-0.3,0,0.0,0
47,10,55,8,17.02,657189.77,1286.41,0.03,8522.48,0.23,0
47,11,66,11,20.0,664617.35,7427.57,0.18,0,0.0,0
47,12,78,12,18.18,668622.58,4005.24,0.1,46995.67,1.25,0
48,1,22,1,4.76,2118081.52,-24554.66,-0.21,0,0.0,0
48,2,24,2,9.09,2104001.63,-14079.89,-0.12,15318.39,0.34,0
48,3,25,1,4.17,2108455.42,4453.79,0.04,0,0.0,0
48,4,27,2,8.0,2084814.31,-23641.11,-0.2,17764.22,0.39,0
48,5,31,4,14.81,2076324.23,-8490.08,-0.07,0,0.0,0
48,6,35,4,12.9,2059651.58,-16672.65,-0.14,0,0.0,0
48,7,40,5,14.29,2082536.91,22885.33,0.19,31702.23,0.7,0
48,8,41,1,2.5,2073758.77,-8778.14,-0.07,51483.92,1.14,0
48,9,44,3,7.32,13683713.97,11609955.21,98.91,0,0.0,1
48,10,49,5,11.36,13670385.7,-13328.28,-0.11,0,0.0,0
48,11,52,3,6.12,13646630.32,-23755.38,-0.2,56267.08,1.25,0
48,12,60,8,15.38,13601983.86,-44646.46,-0.38,14218.72,0.32,0
49,1,25,1,4.17,14949574.07,12328848.99,69.34,0,0.0,1
49,2,26,1,4.0,14936693.26,-12880.82,-0.07,0,0.0,0
49,3,26,0,0.0,14889838.79,-46854.47,-0.26,61442.44,1.38,0
49,4,27,1,3.85,14831508.04,-58330.74,-0.33,0,0.0,0
49,5,28,1,3.7,14839470.96,7962.92,0.04,0,0.0,0
49,6,28,0,0.0,14774092.77,-65378.2,-0.37,53207.15,1.19,0
49,7,29,1,3.57,14800152.07,26059.3,0.15,0,0.0,0
49,8,30,1,3.45,14731800.93,-68351.14,-0.38,11099.47,0.25,0
49,9,31,1,3.33,14728408.55,-3392.39,-0.02,57190.17,1.28,0
49,10,32,1,3.23,14708441.86,-19966.69,-0.11,49095.85,1.1,0
49,11,33,1,3.12,14657066.68,-51375.19,-0.29,18590.69,0.42,0
49,12,35,2,6.06,14627333.75,-29732.93,-0.17,0,0.0,0
50,1,42,2,5.0,1320911.03,-8401.4,-0.07,5697.99,0.68,0
50,2,46,4,9.52,1255991.2,-64919.83,-0.53,7538.89,0.9,0
50,3,47,1,2.17,1259964.01,3972.81,0.03,0,0.0,0
50,4,64,17,36.17,1257299.12,-2664.88,-0.02,7676.28,0.91,1
50,5,69,5,7.81,1208296.65,-49002.47,-0.4,0,0.0,0
50,6,73,4,5.8,1191923.06,-16373.59,-0.13,8315.14,0.99,0
50,7,76,3,4.11,6532988.05,5341064.99,43.76,2932.64,0.35,1
50,8,79,3,3.95,6510949.7,-22038.35,-0.18,7412.02,0.88,0
50,9,83,4,5.06,6515047.69,4098.0,0.03,7118.7,0.85,0
50,10,87,4,4.82,6531440.79,16393.1,0.13,9037.73,1.07,0
50,11,98,11,12.64,6525339.46,-6101.33,-0.05,2670.65,0.32,0
50,12,106,8,8.16,6540139.26,14799.8,0.12,4215.23,0.5,0
51,1,34,14,70.0,192477.44,-5259.14,-0.26,44325.76,1.01,1
51,2,36,2,5.88,182693.68,-9783.76,-0.48,31694.73,0.72,0
51,3,38,2,5.56,178238.14,-4455.54,-0.22,587173.94,13.36,1
51,4,40,2,5.26,174272.88,-3965.26,-0.19,48575.33,1.11,0
51,5,41,1,2.5,178506.13,4233.26,0.21,42550.98,0.97,0
51,6,43,2,4.88,179866.9,1360.77,0.07,29284.37,0.67,0
51,7,44,1,2.33,175925.27,-3941.63,-0.19,0,0.0,0
51,8,45,1,2.27,180312.55,4387.28,0.22,11418.9,0.26,0
51,9,46,1,2.22,173687.31,-6625.24,-0.32,0,0.0,0
51,10,49,3,6.52,170878.13,-2809.18,-0.14,0,0.0,0
51,11,51,2,4.08,165979.39,-4898.73,-0.24,0,0.0,0
51,12,52,1,1.96,166620.6,641.2,0.03,47439.58,1.08,0
52,1,26,0,0.0,2447981.34,-40010.23,-0.15,28769.43,0.92,0
52,2,26,0,0.0,2496553.62,48572.28,0.18,29690.06,0.94,0
52,3,26,0,0.0,2475371.69,-21181.92,-0.08,0,0.0,0
52,4,27,1,3.85,2378651.76,-96719.93,-0.35,28712.37,0.91,0
52,5,28,1,3.7,2326688.72,-51963.03,-0.19,0,0.0,0
52,6,29,1,3.57,2277114.18,-49574.54,-0.18,20206.45,0.64,0
52,7,30,1,3.45,2241599.22,-35514.96,-0.13,37629.74,1.2,0
52,8,31,1,3.33,2245169.36,3570.14,0.01,282083.12,8.98,1
52,9,31,0,0.0,2280449.37,35280.01,0.13,32166.39,1.02,0
52,10,32,1,3.23,2259675.1,-20774.27,-0.08,42917.67,1.37,0
52,11,33,1,3.12,2236054.27,-23620.83,-0.09,16670.63,0.53,0
52,12,33,0,0.0,2104208.75,-131845.52,-0.48,39963.58,1.27,0
53,1,15,1,7.14,363879.54,-4029.41,-0.16,65808.34,1.42,0
53,2,17,2,13.33,359871.53,-4008.01,-0.16,0,0.0,0
53,3,18,1,5.88,354846.98,-5024.55,-0.2,32703.24,0.7,0
53,4,20,2,11.11,355830.09,983.11,0.04,68478.52,1.47,0
53,5,23,3,15.0,357606.68,1776.59,0.07,0,0.0,0
53,6,27,4,17.39,356939.96,-666.72,-0.03,51591.52,1.11,0
53,7,31,4,14.81,348740.54,-8199.43,-0.33,0,0.0,0
53,8,35,4,12.9,349105.09,364.55,0.01,47008.75,1.01,0
53,9,38,3,8.57,341768.3,-7336.79,-0.3,0,0.0,0
53,10,43,5,13.16,343689.91,1921.61,0.08,0,0.0,0
53,11,46,3,6.98,336677.74,-7012.17,-0.28,43774.43,0.94,0
53,12,52,6,13.04,329486.9,-7190.84,-0.29,0,0.0,0
54,1,21,1,5.0,1276551.74,-19488.05,-0.48,6424.58,0.9,0
54,2,23,2,9.52,1267664.26,-8887.48,-0.22,0,0.0,0
54,3,26,3,13.04,7091725.27,5824061.01,144.26,8787.85,1.24,1
54,4,30,4,15.38,7096879.65,5154.38,0.13,5272.75,0.74,0
54,5,36,6,20.0,7087038.91,-9840.74,-0.24,8296.42,1.17,0
54,6,39,3,8.33,7082608.1,-4430.81,-0.11,3507.03,0.49,0
54,7,45,6,15.38,7082918.0,309.9,0.01,8248.17,1.16,0
54,8,48,3,6.67,7086351.86,3433.87,0.09,10512.92,1.48,0
54,9,51,3,6.25,7085835.35,-516.51,-0.01,1797.73,0.25,0
54,10,56,5,9.8,7080496.24,-5339.11,-0.13,0,0.0,0
54,11,58,2,3.57,7066696.21,-13800.03,-0.34,10006.13,1.41,0
54,12,67,9,15.52,7064140.09,-2556.12,-0.06,0,0.0,0
55,1,22,1,4.76,1720483.23,-18913.9,-0.17,26516.29,0.67,0
55,2,23,1,4.55,1716600.52,-3882.71,-0.04,0,0.0,0
55,3,25,2,8.7,1747669.9,31069.39,0.29,0,0.0,0
55,4,27,2,8.0,1748402.44,732.54,0.01,0,0.0,0
55,5,30,3,11.11,1749798.82,1396.37,0.01,0,0.0,0
55,6,34,4,13.33,1725644.6,-24154.22,-0.22,54881.98,1.38,0
55,7,38,4,11.76,1689531.01,-36113.59,-0.33,10186.1,0.26,0
55,8,42,4,10.53,1656052.6,-33478.41,-0.31,0,0.0,0
55,9,61,19,45.24,6336732.14,4680679.53,43.24,42464.76,1.07,1
55,10,67,6,9.84,6343528.62,6796.49,0.06,35633.71,0.9,0
55,11,73,6,8.96,6341150.54,-2378.08,-0.02,0,0.0,0
55,12,82,9,12.33,6353267.16,12116.63,0.11,25017.86,0.63,0
56,1,7,0,0.0,570739.11,-4337.77,-0.14,0,0.0,0
56,2,7,0,0.0,575427.1,4687.99,0.15,0,0.0,0
56,3,7,0,0.0,573472.89,-1954.21,-0.06,0,0.0,0
56,4,7,0,0.0,560450.56,-13022.33,-0.43,6827.47,1.27,0
56,5,7,0,0.0,554096.12,-6354.43,-0.21,0,0.0,0
56,6,7,0,0.0,557329.38,3233.26,0.11,0,0.0,0
56,7,7,0,0.0,553008.26,-4321.12,-0.14,0,0.0,0
56,8,7,0,0.0,561314.94,8306.68,0.27,0,0.0,0
56,9,7,0,0.0,548950.41,-12364.52,-0.41,4906.51,0.91,0
56,10,7,0,0.0,537090.38,-11860.03,-0.39,0,0.0,0
56,11,7,0,0.0,534431.82,-2658.56,-0.09,2363.38,0.44,0
56,12,7,0,0.0,530812.79,-3619.03,-0.12,0,0.0,0
57,1,42,4,10.53,2445433.74,-116160.05,-0.4,49994.09,1.01,0
57,2,50,8,19.05,11576830.41,9131396.68,31.29,47709.15,0.96,1
57,3,57,7,14.0,11534727.66,-42102.75,-0.14,10257.76,0.21,0
57,4,62,5,8.77,11422337.08,-112390.58,-0.39,64254.43,1.29,0
57,5,66,4,6.45,11368451.05,-53886.02,-0.18,33136.3,0.67,0
57,6,72,6,9.09,11370064.08,1613.02,0.01,0,0.0,0
57,7,86,14,19.44,11420649.33,50585.25,0.17,26962.24,0.54,0
57,8,103,17,19.77,11364644.59,-56004.74,-0.19,42732.02,0.86,0
57,9,108,5,4.85,11343895.15,-20749.44,-0.07,68533.52,1.38,0
57,10,179,71,65.74,11248255.91,-95639.24,-0.33,60058.13,1.21,1
57,11,198,19,10.61,11132351.78,-115904.14,-0.4,0,0.0,0
57,12,216,18,9.09,11082216.46,-50135.32,-0.17,42408.08,0.85,0
58,1,20,3,17.65,2408214.33,-21078.84,-0.1,8306.4,0.83,0
58,2,21,1,5.0,2401502.14,-6712.19,-0.03,13745.91,1.38,0
58,3,23,2,9.52,2371049.92,-30452.22,-0.15,14689.4,1.47,0
58,4,25,2,8.7,2359309.61,-11740.31,-0.06,0,0.0,0
58,5,30,5,20.0,2300053.62,-59255.99,-0.29,10456.3,1.05,0
58,6,33,3,10.0,2257070.26,-42983.36,-0.21,6865.04,0.69,0
58,7,40,7,21.21,2239884.05,-17186.21,-0.08,0,0.0,0
58,8,45,5,12.5,2198327.81,-41556.24,-0.2,3791.55,0.38,0
58,9,48,3,6.67,2111572.35,-86755.46,-0.42,4412.27,0.44,0
58,10,53,5,10.42,2134629.84,23057.49,0.11,12495.68,1.25,0
58,11,62,9,16.98,2103401.45,-31228.39,-0.15,4080.02,0.41,0
58,12,74,12,19.35,2060725.61,-42675.85,-0.21,4078.5,0.41,0
59,1,34,0,0.0,1749580.71,11386.27,0.19,0,0.0,0
59,2,34,0,0.0,1746724.16,-2856.55,-0.05,5550.21,0.39,0
59,3,34,0,0.0,1742733.28,-3990.88,-0.07,6018.27,0.42,0
59,4,34,0,0.0,1744107.18,1373.9,0.02,9957.67,0.69,0
59,5,34,0,0.0,1719701.24,-24405.94,-0.4,0,0.0,0
59,6,34,0,0.0,1717938.56,-1762.68,-0.03,19753.25,1.37,0
59,7,34,0,0.0,1719540.3,1601.74,0.03,0,0.0,0
59,8,34,0,0.0,1705468.18,-14072.13,-0.23,2901.75,0.2,0
59,9,34,0,0.0,1703439.29,-2028.88,-0.03,19251.98,1.34,0
59,10,34,0,0.0,1681463.74,-21975.55,-0.36,17265.29,1.2,0
59,11,34,0,0.0,1671670.21,-9793.54,-0.16,0,0.0,0
59,12,57,23,67.65,1666246.96,-5423.25,-0.09,0,0.0,1
60,1,7,0,0.0,11767678.32,9131217.7,51.86,9931.78,0.9,1
60,2,7,0,0.0,11716484.3,-51194.02,-0.29,5146.75,0.46,0
60,3,7,0,0.0,11717768.38,1284.08,0.01,9178.29,0.83,0
60,4,8,1,14.29,11678885.55,-38882.82,-0.22,4202.09,0.38,0
60,5,9,1,12.5,11637975.7,-40909.85,-0.23,0,0.0,0
60,6,10,1,11.11,11575792.31,-62183.39,-0.35,140039.15,12.65,1
60,7,11,1,10.0,11546423.51,-29368.8,-0.17,7815.71,0.71,0
60,8,12,1,9.09,11524043.45,-22380.07,-0.13,10855.08,0.98,0
60,9,12,0,0.0,11485876.15,-38167.29,-0.22,0,0.0,0
60,10,13,1,8.33,11504377.14,18500.99,0.11,0,0.0,0
60,11,13,0,0.0,11549937.4,45560.26,0.26,0,0.0,0
60,12,13,0,0.0,11557490.3,7552.9,0.04,0,0.0,0
61,1,37,2,5.71,3498007.94,3348860.35,267.44,30987.07,1.16,1
61,2,38,1,2.7,3494643.12,-3364.81,-0.27,0,0.0,0
61,3,41,3,7.89,3489493.28,-5149.84,-0.41,26445.24,0.99,0
61,4,42,1,2.44,3489930.22,436.94,0.03,19514.71,0.73,0
61,5,43,1,2.38,3486405.21,-3525.01,-0.28,385789.84,14.42,1
61,6,46,3,6.98,3485502.5,-902.71,-0.07,0,0.0,0
61,7,48,2,4.35,3482505.69,-2996.82,-0.24,32136.48,1.2,0
61,8,51,3,6.25,3483721.31,1215.62,0.1,25765.61,0.96,0
61,9,52,1,1.96,3481606.52,-2114.79,-0.17,0,0.0,0
61,10,56,4,7.69,3482188.59,582.07,0.05,38588.68,1.44,0
61,11,58,2,3.57,3475576.92,-6611.67,-0.53,8587.31,0.32,0
61,12,61,3,5.17,3477832.44,2255.51,0.18,0,0.0,0
62,1,33,1,3.12,683512.07,-11258.03,-0.2,0,0.0,0
62,2,34,1,3.03,654318.12,-29193.95,-0.51,0,0.0,0
62,3,36,2,5.88,643043.68,-11274.43,-0.2,2746.66,0.25,0
62,4,58,22,61.11,638131.86,-4911.83,-0.09,0,0.0,1
62,5,62,4,6.9,640290.63,2158.78,0.04,0,0.0,0
62,6,67,5,8.06,631856.6,-8434.03,-0.15,2913.12,0.27,0
62,7,71,4,5.97,621809.36,-10047.25,-0.18,7669.03,0.71,0
62,8,75,4,5.63,593269.23,-28540.13,-0.5,0,0.0,0
62,9,78,3,4.0,601202.65,7933.41,0.14,10292.19,0.96,0
62,10,81,3,3.85,601344.93,142.29,0.0,5476.04,0.51,0
62,11,85,4,4.94,599086.03,-2258.9,-0.04,5103.4,0.47,0
62,12,90,5,5.88,578918.87,-20167.17,-0.36,4674.21,0.43,0
63,1,14,4,40.0,2072530.31,-1204.83,-0.01,22341.78,0.61,1
63,2,16,2,14.29,1983025.94,-89504.37,-0.42,12028.94,0.33,0
63,3,17,1,6.25,1941480.87,-41545.07,-0.19,0,0.0,0
63,4,18,1,5.88,1956127.7,14646.83,0.07,33844.65,0.92,0
63,5,22,4,22.22,1914871.33,-41256.37,-0.19,39653.77,1.08,0
63,6,26,4,18.18,1878137.12,-36734.2,-0.17,53917.31,1.47,0
63,7,29,3,11.54,1826386.78,-51750.34,-0.24,0,0.0,0
63,8,33,4,13.79,1739377.92,-87008.87,-0.41,333098.78,9.1,1
63,9,41,8,24.24,1734644.04,-4733.88,-0.02,0,0.0,0
63,10,46,5,12.2,1722703.23,-11940.81,-0.06,0,0.0,0
63,11,49,3,6.52,1689811.06,-32892.17,-0.15,0,0.0,0
63,12,58,9,18.37,10038606.32,8348795.26,38.98,0,0.0,1
64,1,27,2,8.0,1527791.51,-58968.78,-0.53,2708.17,0.27,0
64,2,31,4,14.81,1490144.15,-37647.37,-0.34,10066.71,1.0,0
64,3,32,1,3.23,1502437.93,12293.78,0.11,65433.12,6.52,1
64,4,37,5,15.62,1499194.34,-3243.59,-0.03,4231.09,0.42,0
64,5,38,1,2.7,1455808.98,-43385.36,-0.39,0,0.0,0
64,6,42,4,10.53,1440310.43,-15498.55,-0.14,3768.24,0.38,0
64,7,50,8,19.05,1421656.67,-18653.76,-0.17,11772.55,1.17,0
64,8,59,9,18.0,1394974.95,-26681.73,-0.24,13859.2,1.38,0
64,9,65,6,10.17,1381293.39,-13681.56,-0.12,7381.66,0.74,0
64,10,69,4,6.15,1336077.19,-45216.2,-0.4,0,0.0,0
64,11,73,4,5.8,1305788.4,-30288.8,-0.27,0,0.0,0
64,12,81,8,10.96,7770849.13,6465060.73,57.77,0,0.0,1
65,1,41,1,2.5,70908.81,-384.24,-0.08,0,0.0,0
65,2,43,2,4.88,70590.97,-317.85,-0.07,25371.79,1.17,0
65,3,45,2,4.65,69071.6,-1519.37,-0.33,12545.99,0.58,0
65,4,47,2,4.44,69071.65,0.05,0.0,0,0.0,0
65,5,48,1,2.13,68118.34,-953.31,-0.21,9613.27,0.44,0
65,6,49,1,2.08,66523.94,-1594.4,-0.35,0,0.0,0
65,7,50,1,2.04,65062.86,-1461.07,-0.32,13167.89,0.61,0
65,8,52,2,4.0,65577.76,514.9,0.11,0,0.0,0
65,9,53,1,1.92,64857.02,-720.74,-0.16,26297.68,1.21,0
65,10,54,1,1.89,64667.39,-189.63,-0.04,0,0.0,0
65,11,57,3,5.56,65417.42,750.03,0.17,0,0.0,0
65,12,58,1,1.75,65455.65,38.23,0.01,0,0.0,0
66,1,4,0,0.0,2191145.68,-28056.52,-0.33,45985.56,1.35,0
66,2,4,0,0.0,2179515.43,-11630.25,-0.14,0,0.0,0
66,3,4,0,0.0,2160163.16,-19352.27,-0.23,41641.39,1.23,0
66,4,4,0,0.0,2118141.03,-42022.13,-0.49,33121.75,0.98,0
66,5,4,0,0.0,2099507.38,-18633.65,-0.22,34112.35,1.0,0
66,6,4,0,0.0,2103640.83,4133.45,0.05,35257.39,1.04,0
66,7,4,0,0.0,2116049.82,12408.99,0.15,50143.39,1.48,0
66,8,4,0,0.0,2103772.32,-12277.5,-0.14,15314.81,0.45,0
66,9,4,0,0.0,2097387.92,-6384.4,-0.07,471660.9,13.89,1
66,10,4,0,0.0,2088927.41,-8460.51,-0.1,0,0.0,0
66,11,4,0,0.0,2067954.25,-20973.16,-0.25,0,0.0,0
66,12,6,2,50.0,2055143.07,-12811.19,-0.15,9835.19,0.29,1
67,1,12,1,9.09,2454658.2,-12626.53,-0.06,0,0.0,0
67,2,13,1,8.33,2381149.44,-73508.76,-0.38,0,0.0,0
67,3,13,0,0.0,2337948.71,-43200.72,-0.22,7736.8,0.33,0
67,4,14,1,7.69,2230464.09,-107484.63,-0.55,5726.6,0.24,0
67,5,14,0,0.0,2207748.55,-22715.54,-0.12,0,0.0,0
67,6,15,1,7.14,2167991.31,-39757.23,-0.2,6277.6,0.26,0
67,7,16,1,6.67,2197850.64,29859.33,0.15,0,0.0,0
67,8,17,1,6.25,2184517.0,-13333.64,-0.07,24523.75,1.03,0
67,9,18,1,5.88,2148684.3,-35832.7,-0.18,0,0.0,0
67,10,20,2,11.11,2067546.27,-81138.03,-0.42,27474.39,1.15,0
67,11,22,2,10.0,2019481.61,-48064.67,-0.25,7890.51,0.33,0
67,12,23,1,4.55,2003048.53,-16433.08,-0.08,0,0.0,0
68,1,40,2,5.26,562526.95,-15221.83,-0.27,8894.99,0.41,0
68,2,46,6,15.0,555804.77,-6722.19,-0.12,32649.92,1.49,0
68,3,49,3,6.52,537802.88,-18001.89,-0.32,25078.46,1.14,0
68,4,54,5,10.2,537577.79,-225.09,-0.0,0,0.0,0
68,5,62,8,14.81,511819.21,-25758.58,-0.46,15705.84,0.72,0
68,6,70,8,12.9,514812.25,2993.04,0.05,32705.48,1.49,0
68,7,75,5,7.14,507011.34,-7800.91,-0.14,0,0.0,0
68,8,77,2,2.67,503357.21,-3654.13,-0.06,20169.34,0.92,0
68,9,85,8,10.39,514675.46,11318.25,0.2,14524.64,0.66,0
68,10,89,4,4.71,500641.54,-14033.92,-0.25,27507.49,1.25,0
68,11,93,4,4.49,479969.34,-20672.2,-0.37,0,0.0,0
68,12,104,11,11.83,487134.38,7165.04,0.13,0,0.0,0
69,1,42,4,10.53,337634.04,6310.08,0.22,0,0.0,0
69,2,49,7,16.67,333365.71,-4268.33,-0.15,0,0.0,0
69,3,56,7,14.29,322232.82,-11132.9,-0.38,3544.91,0.93,0
69,4,61,5,8.93,324781.36,2548.55,0.09,0,0.0,0
69,5,74,13,21.31,324327.08,-454.29,-0.02,1203.06,0.32,0
69,6,82,8,10.81,328224.69,3897.62,0.13,3105.68,0.82,0
69,7,96,14,17.07,327324.41,-900.29,-0.03,2901.67,0.76,0
69,8,111,15,15.62,326994.15,-330.26,-0.01,2708.47,0.71,0
69,9,126,15,13.51,317735.94,-9258.21,-0.32,1953.86,0.52,0
69,10,136,10,7.94,310205.32,-7530.62,-0.26,1313.76,0.35,0
69,11,151,15,11.03,307483.49,-2721.83,-0.09,3991.24,1.05,0
69,12,177,26,17.22,300057.69,-7425.79,-0.26,0,0.0,0
70,1,34,4,13.33,1380609.65,31242.55,0.2,0,0.0,0
70,2,35,1,2.94,1383042.72,2433.07,0.02,11878.92,0.9,0
70,3,37,2,5.71,1376654.39,-6388.33,-0.04,15174.11,1.15,0
70,4,39,2,5.41,1398344.06,21689.67,0.14,14034.12,1.06,0
70,5,40,1,2.56,1363455.78,-34888.27,-0.23,0,0.0,0
70,6,44,4,10.0,1296967.41,-66488.38,-0.44,9314.44,0.71,0
70,7,47,3,6.82,1291164.24,-5803.17,-0.04,0,0.0,0
70,8,48,1,2.13,1287184.46,-3979.77,-0.03,9178.04,0.69,0
70,9,55,7,14.58,1244975.55,-42208.91,-0.28,0,0.0,0
70,10,90,35,63.64,1198082.54,-46893.01,-0.31,18546.7,1.4,1
70,11,93,3,3.33,1154088.4,-43994.14,-0.29,9396.08,0.71,0
70,12,98,5,5.38,6845814.21,5691725.81,37.27,19437.71,1.47,1
71,1,36,2,5.88,229100.36,-3828.25,-0.31,0,0.0,0
71,2,38,2,5.56,229370.34,269.99,0.02,8204.32,0.4,0
71,3,41,3,7.89,230896.19,1525.84,0.12,9649.55,0.47,0
71,4,42,1,2.44,227806.62,-3089.57,-0.25,0,0.0,0
71,5,43,1,2.38,227100.97,-705.65,-0.06,30760.84,1.49,0
71,6,81,38,88.37,220898.23,-6202.75,-0.5,0,0.0,1
71,7,83,2,2.47,217171.76,-3726.47,-0.3,12615.57,0.61,0
71,8,88,5,6.02,215404.56,-1767.2,-0.14,0,0.0,0
71,9,91,3,3.41,213278.78,-2125.78,-0.17,0,0.0,0
71,10,97,6,6.59,215225.29,1946.51,0.16,0,0.0,0
71,11,99,2,2.06,210113.21,-5112.08,-0.41,0,0.0,0
71,12,102,3,3.03,210003.65,-109.56,-0.01,22510.69,1.09,0
72,1,24,0,0.0,2367916.36,17428.93,0.18,31405.16,0.74,0
72,2,24,0,0.0,2367027.54,-888.82,-0.01,59883.54,1.41,0
72,3,24,0,0.0,2370744.17,3716.63,0.04,33870.47,0.79,0
72,4,24,0,0.0,2369330.47,-1413.7,-0.01,515153.39,12.09,1
72,5,24,0,0.0,2340837.93,-28492.54,-0.29,0,0.0,0
72,6,24,0,0.0,2312390.41,-28447.52,-0.29,0,0.0,0
72,7,24,0,0.0,2282232.14,-30158.27,-0.3,63691.29,1.49,0
72,8,24,0,0.0,2252937.76,-29294.38,-0.3,37115.84,0.87,0
72,9,24,0,0.0,2224082.25,-28855.51,-0.29,25394.93,0.6,0
72,10,24,0,0.0,2210406.06,-13676.2,-0.14,0,0.0,0
72,11,24,0,0.0,2210563.17,157.12,0.0,0,0.0,0
72,12,24,0,0.0,2222038.65,11475.47,0.12,0,0.0,0
73,1,37,1,2.78,1233131.85,-36868.1,-0.41,11836.34,1.12,0
73,2,38,1,2.7,1193668.74,-39463.11,-0.44,0,0.0,0
73,3,39,1,2.63,1197440.31,3771.57,0.04,2721.47,0.26,0
73,4,39,0,0.0,1163295.57,-34144.74,-0.38,0,0.0,0
73,5,39,0,0.0,1124271.62,-39023.95,-0.44,6356.79,0.6,0
73,6,40,1,2.56,1139058.99,14787.37,0.16,14482.99,1.37,0
73,7,41,1,2.5,1093847.19,-45211.8,-0.5,8965.6,0.85,0
73,8,42,1,2.44,1090309.58,-3537.61,-0.04,5101.86,0.48,0
73,9,43,1,2.38,1076874.82,-13434.76,-0.15,0,0.0,0
73,10,43,0,0.0,1088513.08,11638.26,0.13,0,0.0,0
73,11,44,1,2.33,1073264.41,-15248.67,-0.17,6920.45,0.65,0
73,12,63,19,43.18,1036063.48,-37200.93,-0.42,0,0.0,1
74,1,27,4,17.39,194192.47,-450.05,-0.03,0,0.0,0
74,2,30,3,11.11,193149.65,-1042.81,-0.08,0,0.0,0
74,3,36,6,20.0,188472.37,-4677.28,-0.36,13904.58,1.32,0
74,4,40,4,11.11,187459.55,-1012.82,-0.08,2909.63,0.28,0
74,5,46,6,15.0,188486.0,1026.46,0.08,12047.44,1.14,0
74,6,53,7,15.22,187321.1,-1164.9,-0.09,13745.26,1.3,0
74,7,58,5,9.43,185195.46,-2125.64,-0.16,0,0.0,0
74,8,67,9,15.52,181995.35,-3200.11,-0.24,100018.98,9.48,1
74,9,80,13,19.4,183950.35,1955.0,0.15,4767.29,0.45,0
74,10,85,5,6.25,180188.03,-3762.32,-0.29,0,0.0,0
74,11,92,7,8.24,179423.1,-764.93,-0.06,6909.33,0.65,0
74,12,110,18,19.57,174821.86,-4601.24,-0.35,0,0.0,0
75,1,19,1,5.56,946921.02,-11008.0,-0.15,14334.38,0.82,0
75,2,20,1,5.26,932851.16,-14069.86,-0.19,23247.9,1.32,0
75,3,24,4,20.0,911528.01,-21323.15,-0.29,249286.33,14.21,1
75,4,25,1,4.17,899546.58,-11981.43,-0.17,0,0.0,0
75,5,28,3,12.0,869013.72,-30532.86,-0.42,24410.49,1.39,0
75,6,33,5,17.86,852601.91,-16411.81,-0.23,0,0.0,0
75,7,36,3,9.09,836228.24,-16373.68,-0.23,17327.16,0.99,0
75,8,38,2,5.56,803311.6,-32916.64,-0.45,23078.97,1.32,0
75,9,44,6,15.79,796144.02,-7167.58,-0.1,0,0.0,0
75,10,48,4,9.09,802928.26,6784.24,0.09,7502.21,0.43,0
75,11,53,5,10.42,783943.58,-18984.68,-0.26,15052.85,0.86,0
75,12,62,9,16.98,797764.97,13821.39,0.19,14539.04,0.83,0
76,1,37,2,5.71,8430612.81,7414965.86,73.56,2103.47,0.31,1
76,2,39,2,5.41,8391786.12,-38826.69,-0.39,0,0.0,0
76,3,40,1,2.56,8388149.31,-3636.81,-0.04,0,0.0,0
76,4,41,1,2.5,8366537.74,-21611.57,-0.21,5194.55,0.77,0
76,5,42,1,2.44,8342868.98,-23668.76,-0.23,6782.08,1.01,0
76,6,44,2,4.76,8318994.15,-23874.83,-0.24,2579.13,0.38,0
76,7,47,3,6.82,8303238.5,-15755.65,-0.16,6697.55,1.0,0
76,8,49,2,4.26,8300193.57,-3044.93,-0.03,7240.9,1.08,0
76,9,50,1,2.04,8265547.81,-34645.76,-0.34,6547.89,0.97,0
76,10,53,3,6.0,8259332.19,-6215.62,-0.06,0,0.0,0
76,11,55,2,3.77,8251626.7,-7705.48,-0.08,0,0.0,0
76,12,58,3,5.45,8250068.62,-1558.09,-0.02,2493.91,0.37,0
77,1,32,1,3.23,950111.66,-15543.81,-0.18,0,0.0,0
77,2,32,0,0.0,918245.73,-31865.93,-0.38,31018.38,0.8,0
77,3,32,0,0.0,913333.7,-4912.03,-0.06,12949.13,0.33,0
77,4,33,1,3.12,919114.66,5780.96,0.07,0,0.0,0
77,5,34,1,3.03,911130.9,-7983.77,-0.09,39068.56,1.01,0
77,6,56,22,64.71,922468.26,11337.36,0.13,48803.45,1.26,1
77,7,57,1,1.79,923999.13,1530.88,0.02,0,0.0,0
77,8,58,1,1.75,894515.4,-29483.74,-0.35,54701.02,1.41,0
77,9,59,1,1.72,878068.39,-16447.0,-0.19,35750.96,0.92,0
77,10,60,1,1.69,836067.89,-42000.5,-0.49,13242.24,0.34,0
77,11,61,1,1.67,838966.17,2898.28,0.03,41049.91,1.06,0
77,12,61,0,0.0,826526.81,-12439.37,-0.15,0,0.0,0
78,1,2,0,0.0,1946440.34,-53159.77,-0.38,5054.7,0.32,0
78,2,2,0,0.0,1965053.03,18612.69,0.13,9314.47,0.58,0
78,3,2,0,0.0,1972580.02,7527.0,0.05,0,0.0,0
78,4,2,0,0.0,1920947.37,-51632.66,-0.36,0,0.0,0
78,5,2,0,0.0,1920013.93,-933.44,-0.01,11156.55,0.7,0
78,6,2,0,0.0,1892782.92,-27231.01,-0.19,7111.63,0.44,0
78,7,2,0,0.0,1882347.62,-10435.31,-0.07,23935.35,1.5,0
78,8,2,0,0.0,1859485.77,-22861.84,-0.16,18194.93,1.14,0
78,9,2,0,0.0,1806035.79,-53449.99,-0.38,16550.53,1.03,0
78,10,2,0,0.0,1765344.42,-40691.36,-0.29,0,0.0,0
78,11,3,1,50.0,1720929.98,-44414.45,-0.31,12554.79,0.79,1
78,12,3,0,0.0,1671553.37,-49376.61,-0.35,20803.32,1.3,0
79,1,18,1,5.88,839935.72,-4353.1,-0.05,0,0.0,0
79,2,21,3,16.67,814367.92,-25567.8,-0.27,29459.98,0.99,0
79,3,22,1,4.76,799992.1,-14375.83,-0.15,0,0.0,0
79,4,25,3,13.64,784458.9,-15533.2,-0.16,0,0.0,0
79,5,29,4,16.0,790509.63,6050.74,0.06,40874.44,1.38,0
79,6,32,3,10.34,773716.94,-16792.69,-0.18,0,0.0,0
79,7,34,2,6.25,735972.01,-37744.93,-0.39,17659.29,0.6,0
79,8,39,5,14.71,705193.49,-30778.52,-0.32,28024.98,0.94,0
79,9,44,5,12.82,671774.9,-33418.59,-0.35,24627.46,0.83,0
79,10,46,2,4.55,626293.89,-45481.01,-0.48,29680.85,1.0,0
79,11,49,3,6.52,591054.58,-35239.31,-0.37,0,0.0,0
79,12,57,8,16.33,582038.43,-9016.15,-0.09,12697.15,0.43,0
80,1,18,1,5.88,2366678.86,-41468.56,-0.16,17553.89,0.95,0
80,2,20,2,11.11,2294502.72,-72176.14,-0.28,0,0.0,0
80,3,21,1,5.0,2253443.68,-41059.05,-0.16,26443.42,1.43,0
80,4,23,2,9.52,2161065.64,-92378.03,-0.36,9992.69,0.54,0
80,5,25,2,8.7,2135637.83,-25427.81,-0.1,0,0.0,0
80,6,27,2,8.0,2069767.05,-65870.79,-0.25,0,0.0,0
80,7,28,1,3.7,2050107.51,-19659.54,-0.08,0,0.0,0
80,8,30,2,7.14,7514209.32,5464101.81,21.09,0,0.0,1
80,9,31,1,3.33,7490282.76,-23926.57,-0.09,0,0.0,0
80,10,32,1,3.23,7445656.64,-44626.12,-0.17,19952.32,1.08,0
80,11,36,4,12.5,7433325.79,-12330.85,-0.05,5321.76,0.29,0
80,12,38,2,5.56,7378514.61,-54811.19,-0.21,21092.8,1.14,0
81,1,18,0,0.0,118852.66,-1063.73,-0.23,68564.15,1.46,0
81,2,19,1,5.56,119066.05,213.39,0.05,66669.11,1.42,0
81,3,20,1,5.26,119758.16,692.11,0.15,64663.55,1.37,0
81,4,21,1,5.0,119285.03,-473.13,-0.1,56939.58,1.21,0
81,5,22,1,4.76,119020.22,-264.81,-0.06,0,0.0,0
81,6,22,0,0.0,118210.58,-809.64,-0.18,0,0.0,0
81,7,23,1,4.55,116798.76,-1411.82,-0.31,56425.9,1.2,0
81,8,23,0,0.0,115681.73,-1117.03,-0.24,0,0.0,0
81,9,23,0,0.0,113882.18,-1799.55,-0.39,36681.02,0.78,0
81,10,24,1,4.35,112130.23,-1751.95,-0.38,670994.37,14.26,1
81,11,25,1,4.17,110538.49,-1591.75,-0.35,0,0.0,0
81,12,26,1,4.0,109077.69,-1460.8,-0.32,36080.13,0.77,0
82,1,7,1,16.67,61440.31,1683.6,0.24,59798.3,1.45,0
82,2,7,0,0.0,59523.79,-1916.52,-0.28,0,0.0,0
82,3,7,0,0.0,57211.09,-2312.7,-0.33,45580.91,1.1,0
82,4,8,1,14.29,57014.47,-196.62,-0.03,42196.6,1.02,0
82,5,9,1,12.5,55579.32,-1435.16,-0.21,0,0.0,0
82,6,10,1,11.11,55713.78,134.46,0.02,24759.8,0.6,0
82,7,11,1,10.0,55972.76,258.98,0.04,0,0.0,0
82,8,11,0,0.0,52600.07,-3372.69,-0.49,14592.34,0.35,0
82,9,12,1,9.09,52256.0,-344.07,-0.05,0,0.0,0
82,10,13,1,8.33,49782.24,-2473.77,-0.36,0,0.0,0
82,11,13,0,0.0,47076.67,-2705.56,-0.39,57496.72,1.39,0
82,12,13,0,0.0,47758.25,681.58,0.1,10932.41,0.26,0
83,1,23,2,9.52,331651.31,-5360.8,-0.19,0,0.0,0
83,2,25,2,8.7,333299.8,1648.49,0.06,54193.67,1.29,0
83,3,29,4,16.0,331720.63,-1579.17,-0.06,15027.3,0.36,0
83,4,31,2,6.9,323958.3,-7762.33,-0.27,424651.88,10.09,1
83,5,34,3,9.68,331022.07,7063.77,0.25,54792.35,1.3,0
83,6,39,5,14.71,336252.86,5230.79,0.18,8766.87,0.21,0
83,7,42,3,7.69,324330.89,-11921.97,-0.42,0,0.0,0
83,8,47,5,11.9,321313.55,-3017.34,-0.11,0,0.0,0
83,9,50,3,6.38,318754.52,-2559.03,-0.09,59757.25,1.42,0
83,10,57,7,14.0,311500.76,-7253.76,-0.25,60425.37,1.44,0
83,11,65,8,14.04,312994.84,1494.07,0.05,21314.96,0.51,0
83,12,69,4,6.15,313763.39,768.55,0.03,50072.87,1.19,0
84,1,37,1,2.78,1448830.8,29393.58,0.24,5664.51,0.47,0
84,2,39,2,5.41,1418468.98,-30361.82,-0.25,4025.35,0.34,0
84,3,40,1,2.56,1419138.7,669.72,0.01,10423.12,0.87,0
84,4,41,1,2.5,1387225.05,-31913.66,-0.26,8929.4,0.74,0
84,5,45,4,9.76,1406495.12,19270.07,0.16,5948.05,0.5,0
84,6,47,2,4.44,1397460.39,-9034.73,-0.07,0,0.0,0
84,7,48,1,2.13,1406142.7,8682.31,0.07,5766.99,0.48,0
84,8,52,4,8.33,1374218.6,-31924.1,-0.26,5423.94,0.45,0
84,9,55,3,5.77,1349756.07,-24462.53,-0.2,11261.06,0.94,0
84,10,58,3,5.45,1309212.8,-40543.27,-0.33,14248.48,1.19,0
84,11,61,3,5.17,1295095.75,-14117.05,-0.12,0,0.0,0
84,12,69,8,13.11,1297736.9,2641.15,0.02,5977.98,0.5,0
85,1,30,2,7.14,1472683.32,-20496.21,-0.11,0,0.0,0
85,2,36,6,20.0,1471110.98,-1572.34,-0.01,0,0.0,0
85,3,42,6,16.67,1450005.79,-21105.19,-0.12,38074.84,1.25,0
85,4,49,7,16.67,1387654.34,-62351.45,-0.35,35836.81,1.18,0
85,5,57,8,16.33,1372671.05,-14983.3,-0.08,15525.64,0.51,0
85,6,108,51,89.47,1290578.22,-82092.83,-0.46,24227.58,0.8,1
85,7,123,15,13.89,1237223.9,-53354.32,-0.3,11556.85,0.38,0
85,8,143,20,16.26,1155756.4,-81467.5,-0.46,0,0.0,0
85,9,167,24,16.78,1075344.0,-80412.4,-0.45,33373.94,1.1,0
85,10,189,22,13.17,1012323.56,-63020.44,-0.35,0,0.0,0
85,11,217,28,14.81,1013172.99,849.44,0.0,0,0.0,0
85,12,250,33,15.21,940831.52,-72341.47,-0.41,42037.67,1.38,0
86,1,27,2,8.0,369408.6,-7942.71,-0.33,0,0.0,0
86,2,31,4,14.81,374052.29,4643.69,0.2,0,0.0,0
86,3,34,3,9.68,370952.59,-3099.7,-0.13,0,0.0,0
86,4,37,3,8.82,363679.56,-7273.04,-0.31,28060.87,0.88,0
86,5,39,2,5.41,360916.36,-2763.19,-0.12,18394.89,0.58,0
86,6,45,6,15.38,356686.64,-4229.72,-0.18,409064.49,12.9,1
86,7,55,10,22.22,344249.91,-12436.73,-0.52,9649.42,0.3,0
86,8,66,11,20.0,333842.26,-10407.65,-0.44,17721.88,0.56,0
86,9,77,11,16.67,326677.77,-7164.49,-0.3,32208.74,1.02,0
86,10,84,7,9.09,328296.92,1619.15,0.07,20639.49,0.65,0
86,11,94,10,11.9,328433.06,136.14,0.01,42291.16,1.33,0
86,12,102,8,8.51,3493667.82,3165234.76,133.35,32982.91,1.04,1
87,1,24,2,9.09,1964558.17,-49715.1,-0.32,11791.53,0.42,0
87,2,27,3,12.5,1971102.67,6544.5,0.04,0,0.0,0
87,3,30,3,11.11,1952300.32,-18802.35,-0.12,14426.03,0.51,0
87,4,31,1,3.33,1937855.44,-14444.88,-0.09,12459.28,0.44,0
87,5,33,2,6.45,7665388.75,5727533.31,36.59,25545.59,0.9,1
87,6,48,15,45.45,7600050.28,-65338.46,-0.42,24056.05,0.85,1
87,7,50,2,4.17,7584542.45,-15507.84,-0.1,32859.97,1.16,0
87,8,56,6,12.0,7534991.5,-49550.94,-0.32,16338.03,0.58,0
87,9,63,7,12.5,7544517.52,9526.01,0.06,26479.64,0.93,0
87,10,70,7,11.11,7504661.7,-39855.82,-0.25,0,0.0,0
87,11,78,8,11.43,7449767.74,-54893.96,-0.35,20455.1,0.72,0
87,12,86,8,10.26,7447575.24,-2192.5,-0.01,29281.28,1.03,0
88,1,42,3,7.69,2330756.31,-24029.59,-0.1,12155.45,1.07,0
88,2,45,3,7.14,2327707.19,-3049.12,-0.01,2459.45,0.22,0
88,3,48,3,6.67,2275423.33,-52283.86,-0.22,5473.89,0.48,0
88,4,54,6,12.5,2276477.44,1054.11,0.0,4705.04,0.41,0
88,5,60,6,11.11,2266547.07,-9930.37,-0.04,14655.02,1.29,0
88,6,65,5,8.33,2208366.37,-58180.7,-0.25,0,0.0,0
88,7,70,5,7.69,2113785.53,-94580.84,-0.41,7845.06,0.69,0
88,8,72,2,2.86,2116134.34,2348.81,0.01,9124.1,0.8,0
88,9,78,6,8.33,2157584.27,41449.94,0.18,0,0.0,0
88,10,82,4,5.13,2091391.7,-66192.57,-0.28,10947.36,0.96,0
88,11,88,6,7.32,2110076.84,18685.14,0.08,0,0.0,0
88,12,92,4,4.55,2038681.13,-71395.71,-0.31,0,0.0,0
89,1,10,1,11.11,2667995.41,-15429.84,-0.09,0,0.0,0
89,2,12,2,20.0,12224197.38,9556201.97,52.72,13763.07,0.54,1
89,3,13,1,8.33,12167765.5,-56431.88,-0.31,0,0.0,0
89,4,14,1,7.69,12110124.29,-57641.21,-0.32,0,0.0,0
89,5,16,2,14.29,12057143.56,-52980.73,-0.29,0,0.0,0
89,6,17,1,6.25,11992926.01,-64217.55,-0.35,0,0.0,0
89,7,19,2,11.76,11948433.81,-44492.2,-0.25,33255.13,1.3,0
89,8,22,3,15.79,11886182.28,-62251.53,-0.34,22914.95,0.89,0
89,9,24,2,9.09,11853027.93,-33154.36,-0.18,31051.52,1.21,0
89,10,26,2,8.33,11888415.46,35387.53,0.2,21881.6,0.85,0
89,11,30,4,15.38,11883719.52,-4695.94,-0.03,0,0.0,0
89,12,35,5,16.67,11872484.95,-11234.57,-0.06,0,0.0,0
90,1,10,1,11.11,2717417.53,-34874.4,-0.31,10448.18,1.26,0
90,2,10,0,0.0,2736525.94,19108.41,0.17,3012.15,0.36,0
90,3,10,0,0.0,2687822.68,-48703.26,-0.44,0,0.0,0
90,4,10,0,0.0,2674941.28,-12881.39,-0.12,2823.06,0.34,0
90,5,11,1,10.0,2678622.63,3681.35,0.03,4389.55,0.53,0
90,6,11,0,0.0,2659897.24,-18725.39,-0.17,0,0.0,0
90,7,12,1,9.09,2608882.14,-51015.1,-0.46,5452.49,0.66,0
90,8,12,0,0.0,17457449.91,14848567.77,133.24,3392.06,0.41,1
90,9,13,1,8.33,17464977.65,7527.74,0.07,2729.07,0.33,0
90,10,14,1,7.69,17433795.17,-31182.48,-0.28,4700.75,0.57,0
90,11,15,1,7.14,17398036.66,-35758.51,-0.32,3968.82,0.48,0
90,12,16,1,6.67,17398849.39,812.73,0.01,6403.33,0.77,0
91,1,8,0,0.0,1072467.42,-24258.5,-0.34,10341.97,0.84,0
91,2,8,0,0.0,8069628.69,6997161.27,99.43,0,0.0,1
91,3,8,0,0.0,8042159.49,-27469.2,-0.39,16140.3,1.31,0
91,4,8,0,0.0,8029885.62,-12273.87,-0.17,2661.23,0.22,0
91,5,8,0,0.0,8028302.24,-1583.38,-0.02,13261.51,1.08,0
91,6,8,0,0.0,8008555.27,-19746.97,-0.28,0,0.0,0
91,7,8,0,0.0,8021132.44,12577.17,0.18,5636.58,0.46,0
91,8,8,0,0.0,8025375.8,4243.36,0.06,9239.85,0.75,0
91,9,8,0,0.0,8016651.08,-8724.72,-0.12,14535.72,1.18,0
91,10,8,0,0.0,8025741.26,9090.18,0.13,0,0.0,0
91,11,8,0,0.0,8032018.13,6276.87,0.09,9717.86,0.79,0
91,12,8,0,0.0,8028664.35,-3353.78,-0.05,0,0.0,0
92,1,3,0,0.0,204895.84,-1018.8,-0.14,20094.89,0.58,0
92,2,3,0,0.0,203671.08,-1224.77,-0.16,0,0.0,0
92,3,3,0,0.0,199974.32,-3696.76,-0.5,0,0.0,0
92,4,3,0,0.0,197589.35,-2384.97,-0.32,0,0.0,0
92,5,3,0,0.0,195708.37,-1880.99,-0.25,0,0.0,0
92,6,3,0,0.0,197023.29,1314.92,0.18,20943.62,0.61,0
92,7,3,0,0.0,196684.41,-338.88,-0.05,31782.43,0.92,0
92,8,3,0,0.0,195270.51,-1413.9,-0.19,9413.2,0.27,0
92,9,3,0,0.0,194856.77,-413.74,-0.06,0,0.0,0
92,10,3,0,0.0,3465368.06,3270511.29,439.47,23366.74,0.68,1
92,11,3,0,0.0,3463774.79,-1593.26,-0.21,0,0.0,0
92,12,3,0,0.0,3460926.76,-2848.04,-0.38,9445.19,0.27,0
93,1,18,1,5.88,1985394.29,23549.96,0.14,0,0.0,0
93,2,19,1,5.56,2008573.16,23178.87,0.14,43153.27,0.94,0
93,3,20,1,5.26,1939910.48,-68662.68,-0.42,39008.35,0.85,0
93,4,21,1,5.0,1894764.64,-45145.84,-0.28,35041.22,0.77,0
93,5,22,1,4.76,1879856.78,-14907.86,-0.09,0,0.0,0
93,6,23,1,4.55,9131236.62,7251379.84,44.36,22559.23,0.49,1
93,7,24,1,4.35,9050856.02,-80380.6,-0.49,29150.7,0.64,0
93,8,24,0,0.0,9052570.15,1714.13,0.01,56408.03,1.23,0
93,9,25,1,4.17,8991965.05,-60605.1,-0.37,41217.09,0.9,0
93,10,26,1,4.0,8951286.42,-40678.63,-0.25,54494.52,1.19,0
93,11,38,12,46.15,8874120.56,-77165.87,-0.47,0,0.0,1
93,12,40,2,5.26,8795918.34,-78202.21,-0.48,0,0.0,0
94,1,33,2,6.45,1901122.02,-30760.74,-0.15,56596.31,1.32,0
94,2,35,2,6.06,1857146.23,-43975.79,-0.22,24607.5,0.57,0
94,3,36,1,2.86,1866873.03,9726.8,0.05,284360.11,6.62,1
94,4,37,1,2.78,10010199.16,8143326.13,41.0,63913.82,1.49,1
94,5,38,1,2.7,10044365.55,34166.39,0.17,10213.14,0.24,0
94,6,40,2,5.26,9988478.73,-55886.83,-0.28,0,0.0,0
94,7,41,1,2.5,9958358.94,-30119.78,-0.15,58623.42,1.37,0
94,8,42,1,2.44,9943176.94,-15182.0,-0.08,0,0.0,0
94,9,45,3,7.14,9899791.27,-43385.67,-0.22,55459.09,1.29,0
94,10,48,3,6.67,9838150.39,-61640.88,-0.31,15320.08,0.36,0
94,11,50,2,4.17,9794489.7,-43660.69,-0.22,36295.13,0.85,0
94,12,51,1,2.0,9752908.56,-41581.14,-0.21,55041.82,1.28,0
95,1,29,3,11.54,2282554.33,37875.35,0.15,13555.79,1.09,0
95,2,35,6,20.69,2247931.13,-34623.2,-0.14,14089.42,1.13,0
95,3,41,6,17.14,2100236.98,-147694.14,-0.58,0,0.0,0
95,4,48,7,17.07,2037377.52,-62859.47,-0.25,0,0.0,0
95,5,56,8,16.67,1960156.93,-77220.59,-0.3,18023.88,1.45,0
95,6,61,5,8.93,2000478.75,40321.82,0.16,0,0.0,0
95,7,72,11,18.03,1905718.22,-94760.53,-0.37,18340.01,1.47,0
95,8,78,6,8.33,1781664.74,-124053.48,-0.48,5901.92,0.47,0
95,9,93,15,19.23,1783050.03,1385.3,0.01,170439.98,13.67,1
95,10,108,15,16.13,1780382.07,-2667.96,-0.01,0,0.0,0
95,11,127,19,17.59,1801352.83,20970.76,0.08,16122.86,1.29,0
95,12,147,20,15.75,1778355.85,-22996.98,-0.09,0,0.0,0
96,1,19,1,5.56,1064986.46,-22989.76,-0.25,12596.64,0.31,0
96,2,20,1,5.26,1034788.44,-30198.03,-0.33,0,0.0,0
96,3,22,2,10.0,1030133.36,-4655.07,-0.05,0,0.0,0
96,4,23,1,4.55,1006786.51,-23346.85,-0.25,44890.7,1.09,0
96,5,26,3,13.04,1017805.55,11019.04,0.12,17914.14,0.44,0
96,6,29,3,11.54,1010353.39,-7452.16,-0.08,58798.04,1.43,0
96,7,33,4,13.79,998711.6,-11641.78,-0.13,0,0.0,0
96,8,62,29,87.88,963779.06,-34932.55,-0.38,29607.29,0.72,1
96,9,66,4,6.45,954111.38,-9667.68,-0.11,58751.84,1.43,0
96,10,68,2,3.03,952758.32,-1353.05,-0.01,0,0.0,0
96,11,73,5,7.35,5955172.05,5002413.73,54.61,54200.05,1.32,1
96,12,81,8,10.96,5931935.1,-23236.95,-0.25,53901.3,1.31,0
97,1,41,1,2.5,2471326.15,-9736.07,-0.04,4138.2,0.37,0
97,2,42,1,2.44,2440973.96,-30352.18,-0.13,0,0.0,0
97,3,44,2,4.76,2456492.61,15518.65,0.07,3064.88,0.28,0
97,4,45,1,2.27,2350954.06,-105538.55,-0.45,0,0.0,0
97,5,47,2,4.44,2361442.85,10488.79,0.04,0,0.0,0
97,6,48,1,2.13,2285453.1,-75989.74,-0.32,7907.94,0.71,0
97,7,49,1,2.08,2299703.72,14250.62,0.06,5970.32,0.54,0
97,8,80,31,63.27,2279348.43,-20355.29,-0.09,6792.42,0.61,1
97,9,83,3,3.75,2237726.9,-41621.53,-0.18,4061.32,0.37,0
97,10,87,4,4.82,2218381.83,-19345.07,-0.08,0,0.0,0
97,11,89,2,2.3,2216794.87,-1586.96,-0.01,0,0.0,0
97,12,91,2,2.25,2121980.44,-94814.43,-0.4,16555.8,1.49,0
98,1,13,2,18.18,2832266.1,59850.32,0.25,25934.02,1.12,0
98,2,14,1,7.69,2761632.3,-70633.79,-0.29,0,0.0,0
98,3,15,1,7.14,2640501.91,-121130.39,-0.5,9682.07,0.42,0
98,4,16,1,6.67,2538859.22,-101642.69,-0.42,22162.62,0.96,0
98,5,18,2,12.5,2498850.15,-40009.07,-0.17,6933.22,0.3,0
98,6,20,2,11.11,2446452.77,-52397.39,-0.22,25100.98,1.09,0
98,7,22,2,10.0,2388595.78,-57856.98,-0.24,0,0.0,0
98,8,40,18,81.82,2350951.29,-37644.49,-0.16,0,0.0,1
98,9,44,4,10.0,2265018.46,-85932.83,-0.36,4798.38,0.21,0
98,10,50,6,13.64,2203961.5,-61056.96,-0.25,26610.75,1.15,0
98,11,56,6,12.0,2216314.14,12352.64,0.05,6087.06,0.26,0
98,12,62,6,10.71,2201640.31,-14673.83,-0.06,33233.59,1.44,0
99,1,27,1,3.85,792693.66,-10039.85,-0.24,0,0.0,0
99,2,27,0,0.0,788524.31,-4169.35,-0.1,0,0.0,0
99,3,27,0,0.0,776140.71,-12383.6,-0.3,30385.58,0.78,0
99,4,27,0,0.0,763468.38,-12672.33,-0.31,29224.18,0.75,0
99,5,27,0,0.0,748592.14,-14876.24,-0.36,33828.25,0.87,0
99,6,28,1,3.7,743586.78,-5005.37,-0.12,0,0.0,0
99,7,29,1,3.57,735498.15,-8088.62,-0.2,31540.43,0.81,0
99,8,29,0,0.0,738837.78,3339.63,0.08,0,0.0,0
99,9,30,1,3.45,732654.53,-6183.25,-0.15,36626.75,0.94,0
99,10,30,0,0.0,734861.97,2207.44,0.05,28741.65,0.74,0
99,11,30,0,0.0,728027.58,-6834.39,-0.16,37490.33,0.96,0
99,12,31,1,3.33,707808.29,-20219.28,-0.49,47661.77,1.22,0
100,1,27,0,0.0,1262933.09,-15009.02,-0.13,0,0.0,0
100,2,27,0,0.0,1258539.11,-4393.97,-0.04,12177.57,0.71,0
100,3,27,0,0.0,1251835.73,-6703.38,-0.06,18008.79,1.06,0
100,4,27,0,0.0,1256828.91,4993.18,0.04,0,0.0,0
100,5,27,0,0.0,1228193.27,-28635.64,-0.24,0,0.0,0
100,6,27,0,0.0,1203102.09,-25091.18,-0.21,21520.43,1.26,0
100,7,27,0,0.0,1189183.77,-13918.33,-0.12,6634.89,0.39,0
100,8,27,0,0.0,1174595.24,-14588.53,-0.12,5324.32,0.31,0
100,9,27,0,0.0,1139425.86,-35169.38,-0.29,23438.71,1.37,0
100,10,27,0,0.0,1118970.59,-20455.27,-0.17,13388.76,0.78,0
100,11,27,0,0.0,1073095.82,-45874.77,-0.38,10822.1,0.63,0
100,12,27,0,0.0,1079194.67,6098.85,0.05,14413.66,0.84,0
101,1,44,5,12.82,1675292.73,-9905.62,-0.1,7177.07,0.28,0
101,2,50,6,13.64,1658181.9,-17110.83,-0.18,36084.37,1.42,0
101,3,54,4,8.0,1671475.02,13293.12,0.14,11426.41,0.45,0
101,4,58,4,7.41,1655210.15,-16264.87,-0.17,0,0.0,0
101,5,62,4,6.9,1632877.06,-22333.09,-0.24,0,0.0,0
101,6,65,3,4.84,1600896.49,-31980.57,-0.34,0,0.0,0
101,7,74,9,13.85,1586008.8,-14887.69,-0.16,0,0.0,0
101,8,83,9,12.16,1583503.1,-2505.7,-0.03,29820.18,1.17,0
101,9,92,9,10.84,1563128.59,-20374.51,-0.22,0,0.0,0
101,10,96,4,4.35,1526258.26,-36870.33,-0.39,11995.4,0.47,0
101,11,99,3,3.12,1474831.33,-51426.93,-0.54,10317.08,0.41,0
101,12,112,13,13.13,1497022.81,22191.48,0.23,19298.96,0.76,0
102,1,16,0,0.0,704722.59,-6359.54,-0.17,0,0.0,0
102,2,16,0,0.0,703928.78,-793.81,-0.02,0,0.0,0
102,3,16,0,0.0,3943786.79,3239858.01,85.64,15759.37,0.86,1
102,4,16,0,0.0,3935345.44,-8441.35,-0.22,21028.21,1.15,0
102,5,16,0,0.0,3934650.31,-695.13,-0.02,0,0.0,0
102,6,16,0,0.0,3921568.02,-13082.29,-0.35,8479.42,0.46,0
102,7,16,0,0.0,3928452.55,6884.54,0.18,0,0.0,0
102,8,16,0,0.0,3923718.75,-4733.8,-0.13,20714.78,1.13,0
102,9,16,0,0.0,3924344.49,625.74,0.02,0,0.0,0
102,10,16,0,0.0,3929580.88,5236.39,0.14,25549.25,1.39,0
102,11,16,0,0.0,3932208.65,2627.77,0.07,0,0.0,0
102,12,16,0,0.0,3921359.39,-10849.25,-0.29,0,0.0,0
103,1,37,2,5.71,297127.81,-2967.92,-0.17,0,0.0,0
103,2,42,5,13.51,293400.25,-3727.56,-0.21,0,0.0,0
103,3,48,6,14.29,287362.36,-6037.89,-0.34,0,0.0,0
103,4,50,2,4.17,282614.46,-4747.9,-0.27,0,0.0,0
103,5,59,9,18.0,281582.37,-1032.09,-0.06,60180.7,1.22,0
103,6,69,10,16.95,277970.42,-3611.95,-0.21,0,0.0,0
103,7,77,8,11.59,274084.86,-3885.56,-0.22,31191.86,0.63,0
103,8,91,14,18.18,276178.91,2094.05,0.12,0,0.0,0
103,9,100,9,9.89,269626.6,-6552.32,-0.37,58181.77,1.18,0
103,10,107,7,7.0,260791.78,-8834.82,-0.5,25241.85,0.51,0
103,11,128,21,19.63,256738.82,-4052.96,-0.23,13655.61,0.28,0
103,12,143,15,11.72,256243.52,-495.31,-0.03,51405.83,1.05,0
104,1,10,1,11.11,1727942.51,-10741.57,-0.2,0,0.0,0
104,2,11,1,10.0,1729552.68,1610.18,0.03,21171.88,1.16,0
104,3,11,0,0.0,1728556.93,-995.75,-0.02,0,0.0,0
104,4,12,1,9.09,1712822.95,-15733.98,-0.3,5845.33,0.32,0
104,5,13,1,8.33,1701121.43,-11701.52,-0.22,19730.35,1.08,0
104,6,14,1,7.69,1688828.5,-12292.93,-0.23,0,0.0,0
104,7,15,1,7.14,1673975.31,-14853.19,-0.28,0,0.0,0
104,8,17,2,13.33,1673927.08,-48.23,-0.0,15667.82,0.86,0
104,9,18,1,5.88,1654942.68,-18984.4,-0.36,16222.57,0.89,0
104,10,20,2,11.11,1655720.01,777.33,0.01,16932.42,0.93,0
104,11,22,2,10.0,1630209.58,-25510.44,-0.48,12432.75,0.68,0
104,12,23,1,4.55,1630966.71,757.13,0.01,12548.52,0.69,0
105,1,21,1,5.0,2346290.44,-37760.48,-0.37,23880.58,0.79,0
105,2,22,1,4.76,2311080.26,-35210.18,-0.35,0,0.0,0
105,3,23,1,4.55,2271769.73,-39310.53,-0.39,0,0.0,0
105,4,25,2,8.7,2229262.78,-42506.95,-0.42,30671.69,1.01,0
105,5,27,2,8.0,2191874.58,-37388.2,-0.37,7865.35,0.26,0
105,6,29,2,7.41,2182753.82,-9120.76,-0.09,150716.78,4.97,0
105,7,30,1,3.45,2137901.71,-44852.11,-0.44,0,0.0,0
105,8,32,2,6.67,2124130.5,-13771.21,-0.13,43686.91,1.44,0
105,9,34,2,6.25,2103307.3,-20823.19,-0.2,35626.81,1.18,0
105,10,36,2,5.88,2056993.45,-46313.85,-0.45,43970.87,1.45,0
105,11,38,2,5.56,2013229.68,-43763.77,-0.43,0,0.0,0
105,12,41,3,7.89,9052497.68,7039268.0,69.0,25420.77,0.84,1
106,1,3,0,0.0,578573.14,-3925.47,-0.21,27306.97,1.0,0
106,2,3,0,0.0,574642.02,-3931.13,-0.21,16842.47,0.62,0
106,3,5,2,66.67,571117.82,-3524.2,-0.19,0,0.0,1
106,4,5,0,0.0,563631.35,-7486.47,-0.4,22988.87,0.84,0
106,5,5,0,0.0,562628.81,-1002.54,-0.05,21988.18,0.8,0
106,6,5,0,0.0,560363.39,-2265.42,-0.12,36962.79,1.35,0
106,7,5,0,0.0,560582.57,219.18,0.01,25182.75,0.92,0
106,8,5,0,0.0,556640.64,-3941.93,-0.21,28064.83,1.03,0
106,9,5,0,0.0,559163.15,2522.52,0.13,0,0.0,0
106,10,5,0,0.0,557275.8,-1887.35,-0.1,0,0.0,0
106,11,5,0,0.0,550055.64,-7220.16,-0.39,0,0.0,0
106,12,5,0,0.0,555410.87,5355.23,0.29,0,0.0,0
107,1,33,1,3.12,786408.62,-3713.8,-0.05,46137.54,0.92,0
107,2,34,1,3.03,769964.98,-16443.64,-0.23,0,0.0,0
107,3,35,1,2.94,3853723.13,3083758.15,42.79,0,0.0,1
107,4,36,1,2.86,3819837.77,-33885.36,-0.47,39857.93,0.8,0
107,5,38,2,5.56,3786056.45,-33781.31,-0.47,0,0.0,0
107,6,38,0,0.0,3762830.86,-23225.59,-0.32,0,0.0,0
107,7,39,1,2.63,3760403.5,-2427.36,-0.03,0,0.0,0
107,8,41,2,5.13,3755648.59,-4754.91,-0.07,12002.85,0.24,0
107,9,43,2,4.88,3746058.13,-9590.47,-0.13,62785.05,1.26,0
107,10,46,3,6.98,3739436.49,-6621.63,-0.09,0,0.0,0
107,11,48,2,4.35,3711992.0,-27444.49,-0.38,0,0.0,0
107,12,50,2,4.17,3704991.31,-7000.7,-0.1,69840.05,1.4,0
108,1,24,0,0.0,2366757.71,-91270.73,-0.43,54305.54,1.33,0
108,2,25,1,4.17,2329921.57,-36836.13,-0.17,0,0.0,0
108,3,26,1,4.0,2311925.48,-17996.09,-0.08,14963.62,0.37,0
108,4,26,0,0.0,2248700.8,-63224.68,-0.3,35907.59,0.88,0
108,5,27,1,3.85,2169122.97,-79577.83,-0.38,0,0.0,0
108,6,28,1,3.7,2161765.07,-7357.89,-0.03,32239.32,0.79,0
108,7,29,1,3.57,2107320.1,-54444.98,-0.26,57957.33,1.42,0
108,8,30,1,3.45,9644659.2,7537339.1,35.54,27335.08,0.67,1
108,9,31,1,3.33,9676909.28,32250.08,0.15,30443.0,0.75,0
108,10,32,1,3.23,9618537.63,-58371.65,-0.28,38492.99,0.94,0
108,11,32,0,0.0,9571351.46,-47186.17,-0.22,12109.47,0.3,0
108,12,33,1,3.12,9520016.3,-51335.16,-0.24,0,0.0,0
109,1,8,0,0.0,1322764.68,-1484.71,-0.03,39459.42,0.98,0
109,2,8,0,0.0,1308677.94,-14086.74,-0.33,59066.41,1.47,0
109,3,8,0,0.0,1293032.86,-15645.08,-0.37,0,0.0,0
109,4,8,0,0.0,1272165.4,-20867.45,-0.49,40023.4,0.99,0
109,5,8,0,0.0,1264865.27,-7300.13,-0.17,52544.22,1.3,0
109,6,8,0,0.0,1262489.04,-2376.23,-0.06,0,0.0,0
109,7,8,0,0.0,1259534.93,-2954.11,-0.07,30463.19,0.76,0
109,8,8,0,0.0,1242084.28,-17450.66,-0.41,0,0.0,0
109,9,8,0,0.0,1234566.22,-7518.06,-0.18,8696.59,0.22,0
109,10,8,0,0.0,1224350.06,-10216.16,-0.24,0,0.0,0
109,11,8,0,0.0,1220614.54,-3735.52,-0.09,40552.74,1.01,0
109,12,8,0,0.0,1214277.39,-6337.15,-0.15,38651.07,0.96,0
110,1,40,6,17.65,2246014.22,-29388.01,-0.22,0,0.0,0
110,2,46,6,15.0,2205068.18,-40946.04,-0.31,0,0.0,0
110,3,54,8,17.39,2188341.08,-16727.1,-0.13,36413.04,0.82,0
110,4,64,10,18.52,2156232.84,-32108.25,-0.24,0,0.0,0
110,5,74,10,15.62,2136167.53,-20065.3,-0.15,14962.31,0.34,0
110,6,90,16,21.62,12205569.68,10069402.15,76.29,0,0.0,1
110,7,106,16,17.78,12198707.96,-6861.72,-0.05,53337.75,1.2,0
110,8,128,22,20.75,12205739.14,7031.18,0.05,56677.07,1.27,0
110,9,134,6,4.69,12161099.28,-44639.86,-0.34,17134.35,0.39,0
110,10,152,18,13.43,12128179.06,-32920.23,-0.25,65307.92,1.47,0
110,11,165,13,8.55,12108971.0,-19208.06,-0.15,18978.37,0.43,0
110,12,200,35,21.21,12088458.19,-20512.81,-0.16,24039.42,0.54,0
111,1,8,0,0.0,2041417.45,-7067.07,-0.05,0,0.0,0
111,2,8,0,0.0,1976095.76,-65321.68,-0.5,0,0.0,0
111,3,8,0,0.0,1955006.15,-21089.62,-0.16,58502.96,1.47,0
111,4,8,0,0.0,1899419.1,-55587.05,-0.42,35661.44,0.9,0
111,5,8,0,0.0,1891873.36,-7545.74,-0.06,0,0.0,0
111,6,8,0,0.0,13866628.34,11974754.98,91.19,12170.77,0.31,1
111,7,8,0,0.0,13880521.62,13893.28,0.11,46827.83,1.18,0
111,8,8,0,0.0,13861500.01,-19021.62,-0.14,24608.58,0.62,0
111,9,8,0,0.0,13843246.68,-18253.33,-0.14,21841.41,0.55,0
111,10,8,0,0.0,13846792.1,3545.42,0.03,19316.29,0.49,0
111,11,8,0,0.0,13856407.46,9615.36,0.07,53936.21,1.36,0
111,12,8,0,0.0,13871916.51,15509.05,0.12,14908.71,0.37,0
112,1,7,0,0.0,1551318.38,-29202.75,-0.36,1187.11,0.3,0
112,2,7,0,0.0,1531002.65,-20315.73,-0.25,1198.84,0.3,0
112,3,7,0,0.0,1520296.44,-10706.21,-0.13,3616.46,0.91,0
112,4,7,0,0.0,1523305.89,3009.46,0.04,0,0.0,0
112,5,7,0,0.0,1535046.36,11740.47,0.15,0,0.0,0
112,6,7,0,0.0,1530319.1,-4727.26,-0.06,2144.34,0.54,0
112,7,7,0,0.0,1514469.5,-15849.6,-0.2,0,0.0,0
112,8,8,1,14.29,1507079.62,-7389.88,-0.09,4174.87,1.05,0
112,9,9,1,12.5,1501433.15,-5646.47,-0.07,4532.68,1.14,0
112,10,9,0,0.0,1475947.83,-25485.32,-0.32,3217.09,0.81,0
112,11,10,1,11.11,1470816.09,-5131.74,-0.06,0,0.0,0
112,12,10,0,0.0,1479143.65,8327.56,0.1,5202.41,1.31,0
113,1,3,0,0.0,1755501.04,1851.12,0.03,44342.51,0.94,0
113,2,3,0,0.0,1717513.76,-37987.28,-0.52,0,0.0,0
113,3,3,0,0.0,1705423.24,-12090.52,-0.17,33482.11,0.71,0
113,4,3,0,0.0,1723556.89,18133.65,0.25,38638.54,0.82,0
113,5,3,0,0.0,1725405.34,1848.45,0.03,19992.8,0.42,0
113,6,3,0,0.0,1693215.14,-32190.19,-0.44,0,0.0,0
113,7,3,0,0.0,10119002.87,8425787.73,115.63,27349.08,0.58,1
113,8,3,0,0.0,10110249.54,-8753.34,-0.12,29541.34,0.62,0
113,9,3,0,0.0,10081082.3,-29167.24,-0.4,35174.09,0.74,0
113,10,3,0,0.0,10054344.92,-26737.38,-0.37,62958.6,1.33,0
113,11,3,0,0.0,10050193.81,-4151.11,-0.06,44804.36,0.95,0
113,12,3,0,0.0,10022124.16,-28069.65,-0.39,21853.92,0.46,0
114,1,12,1,9.09,2429701.39,-52817.35,-0.25,0,0.0,0
114,2,18,6,50.0,2384114.31,-45587.08,-0.22,7254.8,0.52,1
114,3,20,2,11.11,2380653.72,-3460.59,-0.02,0,0.0,0
114,4,21,1,5.0,2365328.17,-15325.55,-0.07,0,0.0,0
114,5,22,1,4.76,2391689.19,26361.02,0.13,0,0.0,0
114,6,23,1,4.55,2387272.72,-4416.47,-0.02,0,0.0,0
114,7,24,1,4.35,2313863.05,-73409.67,-0.35,20688.17,1.49,0
114,8,25,1,4.17,2218697.2,-95165.86,-0.45,10887.79,0.79,0
114,9,26,1,4.0,2191062.68,-27634.52,-0.13,15272.37,1.1,0
114,10,28,2,7.69,2126542.13,-64520.55,-0.31,0,0.0,0
114,11,30,2,7.14,2076128.83,-50413.3,-0.24,0,0.0,0
114,12,32,2,6.67,2072027.57,-4101.26,-0.02,12642.93,0.91,0
115,1,18,1,5.88,1332630.14,-8654.64,-0.09,10248.11,0.67,0
115,2,19,1,5.56,6661525.7,5328895.57,54.9,0,0.0,1
115,3,22,3,15.79,6656609.21,-4916.49,-0.05,0,0.0,0
115,4,26,4,18.18,6644182.26,-12426.95,-0.13,3173.16,0.21,0
115,5,30,4,15.38,6625935.91,-18246.35,-0.19,7854.97,0.51,0
115,6,31,1,3.33,6588576.11,-37359.8,-0.38,6926.34,0.45,0
115,7,35,4,12.9,6545609.98,-42966.13,-0.44,0,0.0,0
115,8,40,5,14.29,6527858.07,-17751.91,-0.18,5235.43,0.34,0
115,9,43,3,7.5,6528363.61,505.54,0.01,13923.81,0.9,0
115,10,50,7,16.28,6506512.19,-21851.42,-0.23,6555.4,0.43,0
115,11,55,5,10.0,6487335.57,-19176.62,-0.2,4401.31,0.29,0
115,12,63,8,14.55,6485139.9,-2195.67,-0.02,7455.01,0.48,0
116,1,24,3,14.29,1478364.02,-45385.26,-0.25,0,0.0,0
116,2,26,2,8.33,8770042.99,7291678.97,40.16,0,0.0,1
116,3,29,3,11.54,8719962.24,-50080.74,-0.28,25235.44,0.7,0
116,4,33,4,13.79,8662090.75,-57871.5,-0.32,0,0.0,0
116,5,35,2,6.06,8616607.28,-45483.46,-0.25,41967.93,1.16,0
116,6,40,5,14.29,8632204.4,15597.12,0.09,21199.56,0.59,0
116,7,42,2,5.0,8611695.42,-20508.98,-0.11,0,0.0,0
116,8,47,5,11.9,8607562.76,-4132.66,-0.02,20329.47,0.56,0
116,9,53,6,12.77,8602460.99,-5101.77,-0.03,0,0.0,0
116,10,60,7,13.21,8590615.31,-11845.68,-0.07,0,0.0,0
116,11,65,5,8.33,8537132.53,-53482.78,-0.29,0,0.0,0
116,12,74,9,13.85,8473452.32,-63680.21,-0.35,0,0.0,0
117,1,46,6,15.0,1576733.26,-11608.92,-0.16,9720.88,0.3,0
117,2,54,8,17.39,1552133.06,-24600.2,-0.33,13838.28,0.43,0
117,3,59,5,9.26,8497368.89,6945235.83,94.0,225299.73,6.99,1
117,4,70,11,18.64,8456803.21,-40565.68,-0.55,13475.05,0.42,0
117,5,78,8,11.43,8438972.13,-17831.08,-0.24,0,0.0,0
117,6,93,15,19.23,8452926.28,13954.15,0.19,42228.94,1.31,0
117,7,110,17,18.28,8454603.02,1676.74,0.02,36891.33,1.14,0
117,8,120,10,9.09,8443548.19,-11054.83,-0.15,31837.42,0.99,0
117,9,126,6,5.0,8419950.11,-23598.07,-0.32,14390.94,0.45,0
117,10,131,5,3.97,8402232.58,-17717.53,-0.24,45230.91,1.4,0
117,11,159,28,21.37,8412280.52,10047.94,0.14,33304.85,1.03,0
117,12,182,23,14.47,8411457.63,-822.89,-0.01,0,0.0,0
118,1,27,1,3.85,519733.85,-9235.18,-0.18,39361.35,0.82,0
118,2,33,6,22.22,503976.52,-15757.33,-0.3,51074.93,1.07,0
118,3,35,2,6.06,489624.6,-14351.92,-0.27,25007.72,0.52,0
118,4,40,5,14.29,493107.38,3482.78,0.07,15340.89,0.32,0
118,5,47,7,17.5,477958.72,-15148.66,-0.29,0,0.0,0
118,6,50,3,6.38,472978.24,-4980.48,-0.1,36191.97,0.75,0
118,7,59,9,18.0,464473.34,-8504.9,-0.16,0,0.0,0
118,8,68,9,15.25,457478.79,-6994.55,-0.13,0,0.0,0
118,9,82,14,20.59,437938.07,-19540.72,-0.37,0,0.0,0
118,10,99,17,20.73,430145.97,-7792.1,-0.15,0,0.0,0
118,11,117,18,18.18,416359.74,-13786.23,-0.26,15625.39,0.33,0
118,12,140,23,19.66,408123.1,-8236.64,-0.16,36446.13,0.76,0
119,1,13,0,0.0,12242022.84,10115083.61,99.45,0,0.0,1
119,2,13,0,0.0,12250800.05,8777.21,0.09,3887.08,0.36,0
119,3,13,0,0.0,12222413.79,-28386.26,-0.28,12760.92,1.19,0
119,4,13,0,0.0,12176739.54,-45674.25,-0.45,0,0.0,0
119,5,14,1,7.69,12149938.1,-26801.45,-0.26,0,0.0,0
119,6,15,1,7.14,12116902.75,-33035.35,-0.32,8928.55,0.83,0
119,7,16,1,6.67,12113603.72,-3299.03,-0.03,0,0.0,0
119,8,17,1,6.25,12099544.09,-14059.63,-0.14,7708.04,0.72,0
119,9,18,1,5.88,12093280.69,-6263.4,-0.06,0,0.0,0
119,10,18,0,0.0,12100863.22,7582.53,0.07,0,0.0,0
119,11,20,2,11.11,12076826.37,-24036.85,-0.24,15419.9,1.44,0
119,12,22,2,10.0,12050736.85,-26089.52,-0.26,0,0.0,0
120,1,35,3,9.38,1980915.18,-16758.63,-0.28,0,0.0,0
120,2,39,4,11.43,1956629.32,-24285.86,-0.4,0,0.0,0
120,3,42,3,7.69,1947517.27,-9112.05,-0.15,22849.58,0.7,0
120,4,46,4,9.52,1935904.31,-11612.95,-0.19,0,0.0,0
120,5,51,5,10.87,1944714.15,8809.84,0.15,10219.49,0.31,0
120,6,57,6,11.76,1938862.35,-5851.8,-0.1,44547.36,1.37,0
120,7,64,7,12.28,1928265.05,-10597.3,-0.18,13754.55,0.42,0
120,8,72,8,12.5,1934784.16,6519.11,0.11,0,0.0,0
120,9,74,2,2.78,1942884.23,8100.07,0.13,18417.1,0.56,0
120,10,81,7,9.46,1927904.08,-14980.15,-0.25,0,0.0,0
120,11,89,8,9.88,1928384.93,480.85,0.01,40268.97,1.23,0
120,12,94,5,5.62,1909118.83,-19266.09,-0.32,0,0.0,0
121,1,6,0,0.0,1131362.04,-30818.41,-0.28,16596.2,0.44,0
121,2,7,1,16.67,1135258.53,3896.49,0.04,277986.06,7.45,1
121,3,8,1,14.29,1140109.76,4851.24,0.04,16678.76,0.45,0
121,4,9,1,12.5,1107504.34,-32605.42,-0.3,0,0.0,0
121,5,10,1,11.11,1063283.89,-44220.45,-0.4,12637.87,0.34,0
121,6,10,0,0.0,1074253.79,10969.9,0.1,0,0.0,0
121,7,11,1,10.0,1034408.0,-39845.79,-0.36,21217.7,0.57,0
121,8,12,1,9.09,1022698.84,-11709.16,-0.11,23000.88,0.62,0
121,9,13,1,8.33,1026536.68,3837.85,0.03,0,0.0,0
121,10,14,1,7.69,1029752.19,3215.5,0.03,54366.33,1.46,0
121,11,15,1,7.14,1045581.49,15829.3,0.14,0,0.0,0
121,12,17,2,13.33,1065055.7,19474.22,0.18,0,0.0,0
122,1,14,1,7.69,2191686.15,-4130.46,-0.03,0,0.0,0
122,2,15,1,7.14,2189322.51,-2363.65,-0.02,13426.51,0.33,0
122,3,16,1,6.67,2170486.98,-18835.52,-0.15,58183.49,1.41,0
122,4,17,1,6.25,2157545.39,-12941.59,-0.1,34013.89,0.83,0
122,5,20,3,17.65,2105444.52,-52100.87,-0.42,43037.19,1.05,0
122,6,22,2,10.0,2128852.97,23408.45,0.19,0,0.0,0
122,7,26,4,18.18,2078259.14,-50593.83,-0.4,0,0.0,0
122,8,28,2,7.69,2039005.68,-39253.46,-0.31,58744.13,1.43,0
122,9,30,2,7.14,2029297.33,-9708.35,-0.08,16166.1,0.39,0
122,10,35,5,16.67,2013671.76,-15625.57,-0.13,24404.92,0.59,0
122,11,40,5,14.29,1962198.76,-51473.0,-0.41,0,0.0,0
122,12,49,9,22.5,1974637.6,12438.85,0.1,51962.18,1.26,0
123,1,27,1,3.85,1990520.12,13593.47,0.11,5425.4,0.7,0
123,2,29,2,7.41,1994512.23,3992.11,0.03,4832.92,0.62,0
123,3,31,2,6.9,1996519.41,2007.18,0.02,8621.1,1.11,0
123,4,32,1,3.23,1983472.36,-13047.05,-0.1,2196.95,0.28,0
123,5,34,2,6.25,1951304.26,-32168.1,-0.26,0,0.0,0
123,6,36,2,5.88,1906462.79,-44841.47,-0.36,10247.92,1.32,0
123,7,38,2,5.56,1859560.62,-46902.17,-0.38,1946.88,0.25,0
123,8,40,2,5.26,1870928.89,11368.27,0.09,9148.98,1.18,0
123,9,41,1,2.5,1838881.4,-32047.49,-0.26,0,0.0,0
123,10,59,18,43.9,1842033.86,3152.46,0.03,2017.73,0.26,1
123,11,63,4,6.78,1858857.28,16823.42,0.13,2962.86,0.38,0
123,12,66,3,4.76,1808014.0,-50843.28,-0.41,0,0.0,0
124,1,42,2,5.0,667155.74,-1870.8,-0.07,0,0.0,0
124,2,43,1,2.38,661292.49,-5863.25,-0.23,0,0.0,0
124,3,46,3,6.98,654522.91,-6769.58,-0.26,45602.17,1.1,0
124,4,50,4,8.7,642605.53,-11917.38,-0.46,0,0.0,0
124,5,55,5,10.0,636031.23,-6574.3,-0.25,0,0.0,0
124,6,61,6,10.91,634328.65,-1702.58,-0.07,61617.07,1.49,0
124,7,65,4,6.56,623174.1,-11154.56,-0.43,14968.52,0.36,0
124,8,67,2,3.08,624418.46,1244.36,0.05,0,0.0,0
124,9,71,4,5.97,620707.74,-3710.72,-0.14,0,0.0,0
124,10,75,4,5.63,611702.34,-9005.4,-0.35,0,0.0,0
124,11,80,5,6.67,598224.0,-13478.34,-0.52,47419.68,1.15,0
124,12,85,5,6.25,598609.91,385.91,0.01,45921.47,1.11,0
125,1,22,2,10.0,1848974.29,6946.81,0.03,2165.06,0.21,0
125,2,24,2,9.09,1813740.64,-35233.66,-0.17,11786.93,1.16,0
125,3,25,1,4.17,1767437.73,-46302.91,-0.23,0,0.0,0
125,4,26,1,4.0,1731070.1,-36367.63,-0.18,15111.51,1.48,0
125,5,29,3,11.54,1718996.46,-12073.64,-0.06,14520.76,1.42,0
125,6,33,4,13.79,1736314.74,17318.28,0.08,0,0.0,0
125,7,37,4,12.12,1711472.53,-24842.21,-0.12,3092.59,0.3,0
125,8,41,4,10.81,1753554.36,42081.83,0.21,11892.8,1.17,0
125,9,45,4,9.76,1691709.32,-61845.04,-0.3,0,0.0,0
125,10,48,3,6.67,1643186.5,-48522.82,-0.24,8865.47,0.87,0
125,11,55,7,14.58,1636027.18,-7159.32,-0.04,10207.83,1.0,0
125,12,62,7,12.73,1613046.95,-22980.23,-0.11,0,0.0,0
126,1,25,1,4.17,2222714.21,-7286.09,-0.03,53613.8,1.29,0
126,2,26,1,4.0,2250331.72,27617.51,0.11,28453.35,0.69,0
126,3,26,0,0.0,2290826.82,40495.1,0.16,49673.68,1.2,0
126,4,26,0,0.0,2247570.68,-43256.14,-0.17,48141.35,1.16,0
126,5,27,1,3.85,2192621.61,-54949.08,-0.21,0,0.0,0
126,6,28,1,3.7,2243832.36,51210.75,0.2,41649.05,1.0,0
126,7,29,1,3.57,2174670.57,-69161.79,-0.27,27406.67,0.66,0
126,8,29,0,0.0,2218649.94,43979.36,0.17,13774.29,0.33,0
126,9,30,1,3.45,2124998.92,-93651.01,-0.36,14989.05,0.36,0
126,10,31,1,3.33,2025810.99,-99187.93,-0.38,29644.92,0.71,0
126,11,32,1,3.23,2010681.16,-15129.83,-0.06,0,0.0,0
126,12,33,1,3.12,1929117.76,-81563.4,-0.32,27398.3,0.66,0
127,1,29,0,0.0,9079420.8,6422870.82,25.77,7942.66,1.09,1
127,2,29,0,0.0,9045373.9,-34046.9,-0.14,8363.36,1.14,0
127,3,29,0,0.0,9085319.01,39945.11,0.16,0,0.0,0
127,4,52,23,79.31,9016874.66,-68444.35,-0.27,7968.34,1.09,1
127,5,52,0,0.0,9027605.91,10731.25,0.04,1538.71,0.21,0
127,6,52,0,0.0,9004690.06,-22915.85,-0.09,7333.13,1.0,0
127,7,52,0,0.0,8950095.03,-54595.02,-0.22,3967.39,0.54,0
127,8,52,0,0.0,8940498.81,-9596.23,-0.04,8902.53,1.22,0
127,9,52,0,0.0,8920754.2,-19744.61,-0.08,9588.41,1.31,0
127,10,52,0,0.0,8877426.87,-43327.32,-0.17,4065.59,0.56,0
127,11,52,0,0.0,8844035.55,-33391.32,-0.13,9678.5,1.32,0
127,12,52,0,0.0,8789801.33,-54234.22,-0.22,0,0.0,0
128,1,16,0,0.0,1441366.42,-22259.53,-0.2,0,0.0,0
128,2,16,0,0.0,1405005.72,-36360.7,-0.33,14488.21,0.44,0
128,3,17,1,6.25,1389461.07,-15544.65,-0.14,7165.59,0.22,0
128,4,18,1,5.88,1400401.86,10940.79,0.1,0,0.0,0
128,5,19,1,5.56,1397942.67,-2459.19,-0.02,34397.3,1.05,0
128,6,20,1,5.26,1357640.15,-40302.52,-0.36,38347.35,1.17,0
128,7,20,0,0.0,1327474.3,-30165.84,-0.27,0,0.0,0
128,8,21,1,5.0,1303275.18,-24199.12,-0.22,29962.57,0.91,0
128,9,22,1,4.76,1277375.31,-25899.87,-0.23,37414.03,1.14,0
128,10,22,0,0.0,1241349.91,-36025.4,-0.32,44100.43,1.34,0
128,11,24,2,9.09,1226172.8,-15177.11,-0.14,0,0.0,0
128,12,25,1,4.17,1203328.03,-22844.77,-0.21,24505.21,0.74,0
129,1,38,4,11.76,543251.97,793.34,0.03,41757.74,0.86,0
129,2,43,5,13.16,535903.78,-7348.19,-0.25,9914.61,0.2,0
129,3,49,6,13.95,538647.5,2743.72,0.09,0,0.0,0
129,4,55,6,12.24,531638.63,-7008.87,-0.24,63369.24,1.31,0
129,5,60,5,9.09,528275.88,-3362.75,-0.11,43287.14,0.89,0
129,6,65,5,8.33,520653.44,-7622.44,-0.26,18061.24,0.37,0
129,7,119,54,83.08,503859.59,-16793.85,-0.57,0,0.0,1
129,8,127,8,6.72,491955.86,-11903.72,-0.4,0,0.0,0
129,9,152,25,19.69,479609.51,-12346.35,-0.42,0,0.0,0
129,10,164,12,7.89,465002.08,-14607.43,-0.49,71730.95,1.48,0
129,11,187,23,14.02,455007.64,-9994.44,-0.34,0,0.0,0
129,12,202,15,8.02,452686.55,-2321.09,-0.08,0,0.0,0
130,1,40,1,2.56,2266561.91,16541.03,0.11,38196.56,1.14,0
130,2,41,1,2.5,2297503.51,30941.6,0.21,14706.69,0.44,0
130,3,42,1,2.44,2253790.3,-43713.21,-0.3,0,0.0,0
130,4,43,1,2.38,2216904.51,-36885.79,-0.25,23784.35,0.71,0
130,5,72,29,67.44,2188789.74,-28114.77,-0.19,46131.79,1.38,1
130,6,74,2,2.78,2136556.73,-52233.01,-0.36,0,0.0,0
130,7,76,2,2.7,2129386.05,-7170.68,-0.05,42548.41,1.27,0
130,8,78,2,2.63,2144558.63,15172.58,0.1,10304.65,0.31,0
130,9,79,1,1.28,2160245.21,15686.57,0.11,0,0.0,0
130,10,81,2,2.53,2096324.24,-63920.96,-0.44,37379.35,1.12,0
130,11,82,1,1.23,2069536.99,-26787.25,-0.18,296699.57,8.89,1
130,12,83,1,1.22,2055641.7,-13895.29,-0.1,36710.38,1.1,0
131,1,37,1,2.78,2442071.84,-41456.61,-0.43,0,0.0,0
131,2,38,1,2.7,2422260.54,-19811.31,-0.2,24170.23,1.49,0
131,3,38,0,0.0,2438395.35,16134.81,0.17,10295.78,0.63,0
131,4,39,1,2.63,2460664.22,22268.87,0.23,6439.45,0.4,0
131,5,40,1,2.56,2450415.99,-10248.23,-0.11,22108.19,1.36,0
131,6,41,1,2.5,2450179.77,-236.22,-0.0,0,0.0,0
131,7,61,20,48.78,2440624.15,-9555.63,-0.1,22401.01,1.38,1
131,8,63,2,3.28,2425976.01,-14648.14,-0.15,0,0.0,0
131,9,65,2,3.17,2407861.24,-18114.77,-0.19,20075.37,1.24,0
131,10,67,2,3.08,2423659.89,15798.65,0.16,18594.2,1.14,0
131,11,68,1,1.49,2414936.02,-8723.87,-0.09,0,0.0,0
131,12,69,1,1.47,2400760.24,-14175.78,-0.15,0,0.0,0
132,1,44,4,10.0,1025455.48,-8266.7,-0.08,36780.49,1.1,0
132,2,51,7,15.91,1031526.48,6071.0,0.06,49820.15,1.49,0
132,3,53,2,3.92,999427.16,-32099.32,-0.3,0,0.0,0
132,4,55,2,3.77,960887.28,-38539.88,-0.36,0,0.0,0
132,5,64,9,16.36,949234.53,-11652.75,-0.11,0,0.0,0
132,6,77,13,20.31,966081.6,16847.07,0.16,0,0.0,0
132,7,80,3,3.9,911580.39,-54501.21,-0.52,0,0.0,0
132,8,88,8,10.0,851071.32,-60509.07,-0.57,37123.53,1.11,0
132,9,101,13,14.77,798453.7,-52617.62,-0.5,0,0.0,0
132,10,105,4,3.96,793280.02,-5173.68,-0.05,31384.35,0.94,0
132,11,123,18,17.14,772351.78,-20928.24,-0.2,0,0.0,0
132,12,143,20,16.26,775465.89,3114.12,0.03,21320.66,0.64,0
133,1,2,0,0.0,501346.37,-8521.27,-0.15,3974.37,1.12,0
133,2,2,0,0.0,472876.45,-28469.92,-0.51,5210.94,1.47,0
133,3,2,0,0.0,453834.1,-19042.35,-0.34,1554.11,0.44,0
133,4,2,0,0.0,439509.2,-14324.9,-0.26,0,0.0,0
133,5,2,0,0.0,422781.01,-16728.19,-0.3,0,0.0,0
133,6,2,0,0.0,419604.96,-3176.05,-0.06,1207.45,0.34,0
133,7,2,0,0.0,406394.09,-13210.87,-0.24,2007.69,0.57,0
133,8,2,0,0.0,383757.15,-22636.94,-0.41,0,0.0,0
133,9,2,0,0.0,373752.95,-10004.2,-0.18,1947.66,0.55,0
133,10,2,0,0.0,365778.04,-7974.91,-0.14,0,0.0,0
133,11,2,0,0.0,342364.85,-23413.2,-0.42,2350.44,0.66,0
133,12,2,0,0.0,337968.52,-4396.33,-0.08,0,0.0,0
134,1,29,5,20.83,2102611.92,-20225.67,-0.25,0,0.0,0
134,2,31,2,6.9,2080545.76,-22066.16,-0.27,10351.24,0.48,0
134,3,37,6,19.35,2046231.58,-34314.18,-0.42,0,0.0,0
134,4,42,5,13.51,2050563.65,4332.07,0.05,25843.05,1.2,0
134,5,48,6,14.29,2029930.42,-20633.24,-0.25,0,0.0,0
134,6,59,11,22.92,1991657.42,-38272.99,-0.47,0,0.0,0
134,7,64,5,8.47,1996245.42,4587.99,0.06,0,0.0,0
134,8,74,10,15.62,2017495.99,21250.57,0.26,25778.09,1.2,0
134,9,82,8,10.81,2010486.0,-7009.99,-0.09,0,0.0,0
134,10,94,12,14.63,6731623.2,4721137.2,57.37,20460.74,0.95,1
134,11,105,11,11.7,6694700.06,-36923.15,-0.45,31936.44,1.48,0
134,12,131,26,24.76,6695091.35,391.29,0.0,0,0.0,0
135,1,10,1,11.11,1460125.26,-30238.78,-0.32,21125.67,1.34,0
135,2,12,2,20.0,1406884.66,-53240.6,-0.57,19347.17,1.23,0
135,3,14,2,16.67,1408620.79,1736.13,0.02,10850.46,0.69,0
135,4,16,2,14.29,1421490.29,12869.5,0.14,0,0.0,0
135,5,19,3,18.75,1401589.23,-19901.06,-0.21,19914.6,1.26,0
135,6,20,1,5.26,1387270.23,-14319.0,-0.15,0,0.0,0
135,7,22,2,10.0,1373806.59,-13463.65,-0.14,10166.29,0.65,0
135,8,26,4,18.18,1337337.11,-36469.48,-0.39,12463.83,0.79,0
135,9,30,4,15.38,1357531.16,20194.05,0.22,14791.54,0.94,0
135,10,37,7,23.33,1372685.73,15154.57,0.16,0,0.0,0
135,11,45,8,21.62,1391744.26,19058.53,0.2,3621.59,0.23,0
135,12,54,9,20.0,1383391.5,-8352.76,-0.09,6055.16,0.38,0
136,1,21,2,10.53,907561.95,-22531.62,-0.26,35852.84,0.82,0
136,2,23,2,9.52,872699.78,-34862.17,-0.4,48237.89,1.1,0
136,3,24,1,4.35,828216.33,-44483.45,-0.51,13197.02,0.3,0
136,4,26,2,8.33,826357.67,-1858.66,-0.02,0,0.0,0
136,5,29,3,11.54,815569.06,-10788.61,-0.12,17338.48,0.4,0
136,6,31,2,6.9,774261.37,-41307.69,-0.47,64022.4,1.46,0
136,7,49,18,58.06,779414.15,5152.78,0.06,56191.22,1.28,1
136,8,50,1,2.04,747633.82,-31780.33,-0.36,21218.97,0.48,0
136,9,55,5,10.0,729399.23,-18234.59,-0.21,30273.19,0.69,0
136,10,58,3,5.45,719552.36,-9846.88,-0.11,9583.07,0.22,0
136,11,63,5,8.62,671366.51,-48185.84,-0.55,58199.21,1.33,0
136,12,68,5,7.94,666295.3,-5071.21,-0.06,28829.3,0.66,0
137,1,39,3,8.33,2906859.45,-16647.52,-0.09,0,0.0,0
137,2,43,4,10.26,2876990.37,-29869.08,-0.17,0,0.0,0
137,3,44,1,2.33,2855564.51,-21425.85,-0.12,39277.88,0.85,0
137,4,48,4,9.09,2894956.5,39391.98,0.22,44401.88,0.96,0
137,5,49,1,2.08,2855640.14,-39316.36,-0.22,36754.49,0.79,0
137,6,52,3,6.12,2804572.14,-51068.0,-0.29,67741.0,1.46,0
137,7,57,5,9.62,16232308.1,13427735.96,76.27,0,0.0,1
137,8,58,1,1.75,16214304.82,-18003.28,-0.1,62424.89,1.34,0
137,9,60,2,3.45,16196907.14,-17397.69,-0.1,23883.84,0.51,0
137,10,66,6,10.0,16197094.88,187.74,0.0,31908.62,0.69,0
137,11,72,6,9.09,16191819.74,-5275.14,-0.03,67230.25,1.45,0
137,12,80,8,11.11,16109336.03,-82483.71,-0.47,48219.47,1.04,0
138,1,6,1,20.0,1740216.48,-14451.69,-0.2,0,0.0,0
138,2,7,1,16.67,1718972.57,-21243.91,-0.29,0,0.0,0
138,3,7,0,0.0,1695006.93,-23965.65,-0.33,355278.67,10.92,1
138,4,8,1,14.29,1660765.17,-34241.76,-0.47,0,0.0,0
138,5,8,0,0.0,1638449.29,-22315.88,-0.31,25701.57,0.79,0
138,6,9,1,12.5,1629921.86,-8527.43,-0.12,0,0.0,0
138,7,10,1,11.11,1627703.42,-2218.44,-0.03,0,0.0,0
138,8,12,2,20.0,1621973.08,-5730.35,-0.08,46060.95,1.42,0
138,9,14,2,16.67,1613758.01,-8215.06,-0.11,25930.92,0.8,0
138,10,16,2,14.29,1594820.65,-18937.36,-0.26,0,0.0,0
138,11,17,1,6.25,1587708.64,-7112.01,-0.1,0,0.0,0
138,12,19,2,11.76,1590390.03,2681.39,0.04,47086.44,1.45,0
139,1,6,0,0.0,1249216.32,-39509.68,-0.28,48401.52,1.49,0
139,2,6,0,0.0,1191595.72,-57620.59,-0.41,11605.28,0.36,0
139,3,6,0,0.0,1171846.48,-19749.25,-0.14,0,0.0,0
139,4,6,0,0.0,1118369.27,-53477.2,-0.38,12320.34,0.38,0
139,5,6,0,0.0,1131869.49,13500.21,0.1,14876.7,0.46,0
139,6,6,0,0.0,1116729.53,-15139.96,-0.11,40568.7,1.25,0
139,7,6,0,0.0,1103144.54,-13584.99,-0.1,14819.35,0.46,0
139,8,6,0,0.0,1071078.04,-32066.5,-0.23,39900.52,1.23,0
139,9,6,0,0.0,1042776.99,-28301.05,-0.2,0,0.0,0
139,10,6,0,0.0,1012213.79,-30563.2,-0.22,19912.14,0.61,0
139,11,6,0,0.0,999678.67,-12535.12,-0.09,44313.66,1.37,0
139,12,6,0,0.0,952713.41,-46965.26,-0.33,0,0.0,0
140,1,19,1,5.56,913805.36,-1941.6,-0.02,0,0.0,0
140,2,20,1,5.26,909496.82,-4308.55,-0.05,26536.24,0.8,0
140,3,22,2,10.0,911859.78,2362.96,0.02,32382.63,0.98,0
140,4,24,2,9.09,887025.34,-24834.45,-0.26,352292.07,10.69,1
140,5,27,3,12.5,906149.0,19123.67,0.2,0,0.0,0
140,6,29,2,7.41,4506269.73,3600120.72,37.66,40993.02,1.24,1
140,7,32,3,10.34,4518376.74,12107.01,0.13,13926.98,0.42,0
140,8,34,2,6.25,4495513.92,-22862.82,-0.24,34176.7,1.04,0
140,9,38,4,11.76,4488756.53,-6757.39,-0.07,42660.8,1.29,0
140,10,41,3,7.89,4477350.87,-11405.66,-0.12,34224.23,1.04,0
140,11,42,1,2.44,4432086.84,-45264.04,-0.47,0,0.0,0
140,12,45,3,7.14,4433684.25,1597.42,0.02,20013.76,0.61,0
141,1,7,2,40.0,2097416.56,-7131.41,-0.05,0,0.0,1
141,2,7,0,0.0,2030910.71,-66505.85,-0.45,0,0.0,0
141,3,8,1,14.29,2040880.23,9969.52,0.07,0,0.0,0
141,4,8,0,0.0,2074373.7,33493.47,0.22,25452.75,0.6,0
141,5,8,0,0.0,2048601.66,-25772.04,-0.17,47363.08,1.11,0
141,6,9,1,12.5,2055133.24,6531.58,0.04,16769.8,0.39,0
141,7,10,1,11.11,2035267.51,-19865.72,-0.13,0,0.0,0
141,8,11,1,10.0,2029995.29,-5272.23,-0.04,35776.03,0.84,0
141,9,11,0,0.0,2028986.36,-1008.93,-0.01,51115.25,1.2,0
141,10,12,1,9.09,1975601.97,-53384.39,-0.36,44500.19,1.04,0
141,11,13,1,8.33,1993126.26,17524.29,0.12,20351.79,0.48,0
141,12,14,1,7.69,1975225.27,-17900.99,-0.12,27461.69,0.64,0
142,1,43,4,10.26,1568731.73,2646.15,0.03,13689.4,0.29,0
142,2,47,4,9.3,1547086.86,-21644.87,-0.24,15746.02,0.33,0
142,3,52,5,10.64,3944833.2,2397746.34,26.31,25879.44,0.55,1
142,4,58,6,11.54,3937965.97,-6867.23,-0.08,43325.95,0.92,0
142,5,63,5,8.62,3914928.93,-23037.04,-0.25,30000.85,0.63,0
142,6,100,37,58.73,3911760.26,-3168.68,-0.03,66566.57,1.41,1
142,7,107,7,7.0,3895723.98,-16036.28,-0.18,46841.98,0.99,0
142,8,120,13,12.15,3880651.78,-15072.19,-0.17,16300.92,0.34,0
142,9,126,6,5.0,3882241.16,1589.38,0.02,42207.81,0.89,0
142,10,136,10,7.94,3878731.46,-3509.7,-0.04,33640.06,0.71,0
142,11,145,9,6.62,3872839.61,-5891.85,-0.06,19989.38,0.42,0
142,12,155,10,6.9,3857900.91,-14938.7,-0.16,9657.22,0.2,0
143,1,15,2,15.38,2110502.97,-5887.15,-0.04,24428.41,1.47,0
143,2,17,2,13.33,2045890.16,-64612.81,-0.42,10955.81,0.66,0
143,3,18,1,5.88,12012294.56,9966404.41,64.59,3707.66,0.22,1
143,4,20,2,11.11,11989768.62,-22525.94,-0.15,19678.38,1.18,0
143,5,22,2,10.0,11917005.7,-72762.92,-0.47,13955.04,0.84,0
143,6,23,1,4.55,11887301.61,-29704.1,-0.19,13264.09,0.8,0
143,7,26,3,13.04,11859075.31,-28226.29,-0.18,17706.83,1.06,0
143,8,29,3,11.54,11863412.23,4336.92,0.03,14575.31,0.88,0
143,9,32,3,10.34,11818637.19,-44775.04,-0.29,24855.31,1.49,0
143,10,34,2,6.25,11754512.04,-64125.16,-0.42,0,0.0,0
143,11,36,2,5.88,11734058.37,-20453.67,-0.13,0,0.0,0
143,12,38,2,5.56,11694618.12,-39440.24,-0.26,0,0.0,0
144,1,40,4,11.11,1313393.92,-61950.65,-0.39,27184.48,1.0,0
144,2,45,5,12.5,1255877.36,-57516.57,-0.36,0,0.0,0
144,3,49,4,8.89,1269493.44,13616.08,0.09,0,0.0,0
144,4,55,6,12.24,1187705.84,-81787.59,-0.51,0,0.0,0
144,5,64,9,16.36,1161568.4,-26137.44,-0.16,0,0.0,0
144,6,67,3,4.69,1114766.54,-46801.86,-0.29,7345.55,0.27,0
144,7,74,7,10.45,1074965.92,-39800.62,-0.25,14378.91,0.53,0
144,8,82,8,10.81,1010698.55,-64267.37,-0.4,0,0.0,0
144,9,97,15,18.29,985616.04,-25082.5,-0.16,40792.34,1.49,0
144,10,105,8,8.25,995260.87,9644.83,0.06,22246.17,0.82,0
144,11,116,11,10.48,987432.59,-7828.28,-0.05,39763.18,1.46,0
144,12,123,7,6.03,957026.75,-30405.84,-0.19,25465.18,0.93,0
145,1,23,1,4.55,450787.02,-9783.24,-0.21,15271.04,1.09,0
145,2,25,2,8.7,441224.84,-9562.19,-0.21,0,0.0,0
145,3,28,3,12.0,452438.48,11213.64,0.25,0,0.0,0
145,4,29,1,3.57,429964.37,-22474.11,-0.49,0,0.0,0
145,5,33,4,13.79,418016.42,-11947.95,-0.26,0,0.0,0
145,6,39,6,18.18,394683.03,-23333.38,-0.51,14996.49,1.07,0
145,7,43,4,10.26,393509.89,-1173.14,-0.03,185249.48,13.23,1
145,8,45,2,4.65,372544.78,-20965.11,-0.46,13617.94,0.97,0
145,9,53,8,17.78,363713.19,-8831.59,-0.19,0,0.0,0
145,10,56,3,5.66,358600.88,-5112.31,-0.11,0,0.0,0
145,11,65,9,16.07,6203955.57,5845354.69,128.08,19091.29,1.36,1
145,12,74,9,13.85,6186891.29,-17064.28,-0.37,0,0.0,0
146,1,2,0,0.0,1869744.44,-20064.13,-0.22,7716.74,1.48,0
146,2,2,0,0.0,11042984.3,9173239.86,100.99,0,0.0,1
146,3,2,0,0.0,11037138.29,-5846.01,-0.06,0,0.0,0
146,4,2,0,0.0,11032259.72,-4878.57,-0.05,6080.22,1.16,0
146,5,2,0,0.0,11025180.87,-7078.85,-0.08,0,0.0,0
146,6,2,0,0.0,11005144.0,-20036.86,-0.22,5781.39,1.11,0
146,7,2,0,0.0,10990476.35,-14667.65,-0.16,4148.0,0.79,0
146,8,2,0,0.0,10961810.92,-28665.43,-0.32,0,0.0,0
146,9,2,0,0.0,10970247.7,8436.78,0.09,0,0.0,0
146,10,2,0,0.0,10947061.33,-23186.37,-0.26,7710.34,1.48,0
146,11,2,0,0.0,10949480.82,2419.48,0.03,5839.59,1.12,0
146,12,2,0,0.0,10910334.53,-39146.29,-0.43,5927.75,1.13,0
147,1,25,2,8.7,2539786.45,-43272.06,-0.39,41922.98,1.06,0
147,2,26,1,4.0,2530250.12,-9536.32,-0.09,38084.7,0.96,0
147,3,29,3,11.54,2510659.07,-19591.06,-0.18,0,0.0,0
147,4,30,1,3.45,2503270.15,-7388.92,-0.07,0,0.0,0
147,5,32,2,6.67,2460029.2,-43240.94,-0.39,0,0.0,0
147,6,35,3,9.38,2405051.02,-54978.18,-0.5,0,0.0,0
147,7,37,2,5.71,2395995.17,-9055.85,-0.08,20855.97,0.53,0
147,8,38,1,2.7,2395814.26,-180.91,-0.0,40498.76,1.02,0
147,9,39,1,2.63,2378643.47,-17170.79,-0.16,14807.15,0.37,0
147,10,42,3,7.69,2378637.63,-5.84,-0.0,42951.72,1.08,0
147,11,44,2,4.76,2378357.21,-280.43,-0.0,48685.28,1.23,0
147,12,45,1,2.27,2315430.83,-62926.37,-0.57,9650.15,0.24,0
148,1,12,2,20.0,1102974.79,-7730.17,-0.1,28349.46,1.0,0
148,2,14,2,16.67,1091271.12,-11703.67,-0.16,19453.21,0.69,0
148,3,15,1,7.14,1056152.14,-35118.98,-0.47,9975.9,0.35,0
148,4,16,1,6.67,1053808.58,-2343.56,-0.03,40174.09,1.42,0
148,5,19,3,18.75,1027454.07,-26354.51,-0.36,37636.04,1.33,0
148,6,23,4,21.05,998347.49,-29106.58,-0.39,0,0.0,0
148,7,28,5,21.74,990220.38,-8127.11,-0.11,31250.72,1.11,0
148,8,30,2,7.14,965655.68,-24564.69,-0.33,6747.57,0.24,0
148,9,33,3,10.0,950583.7,-15071.98,-0.2,0,0.0,0
148,10,35,2,6.06,934279.33,-16304.37,-0.22,0,0.0,0
148,11,41,6,17.14,945016.84,10737.52,0.14,40444.99,1.43,0
148,12,50,9,21.95,933553.35,-11463.49,-0.15,41658.45,1.48,0
149,1,30,2,7.14,1845355.7,-11320.62,-0.16,7742.37,0.27,0
149,2,34,4,13.33,1844802.86,-552.84,-0.01,0,0.0,0
149,3,38,4,11.76,1841203.62,-3599.24,-0.05,34030.74,1.2,0
149,4,42,4,10.53,1830422.19,-10781.43,-0.16,21901.85,0.77,0
149,5,48,6,14.29,1840395.03,9972.84,0.14,21849.0,0.77,0
149,6,66,18,37.5,1818300.83,-22094.2,-0.32,33356.96,1.17,1
149,7,75,9,13.64,1816182.29,-2118.53,-0.03,0,0.0,0
149,8,77,2,2.67,1804760.29,-11422.0,-0.17,10383.3,0.36,0
149,9,81,4,5.19,8890733.92,7085973.63,102.45,16515.57,0.58,1
149,10,89,8,9.88,8890069.92,-664.0,-0.01,14953.28,0.53,0
149,11,97,8,8.99,8873011.63,-17058.29,-0.25,39560.59,1.39,0
149,12,102,5,5.15,8857794.5,-15217.12,-0.22,0,0.0,0
150,1,21,1,5.0,763558.43,-6848.65,-0.08,10321.2,0.6,0
150,2,24,3,14.29,727116.11,-36442.32,-0.43,0,0.0,0
150,3,25,1,4.17,705131.33,-21984.79,-0.26,0,0.0,0
150,4,30,5,20.0,660586.24,-44545.09,-0.52,16694.57,0.96,0
150,5,33,3,10.0,682579.68,21993.45,0.26,0,0.0,0
150,6,37,4,12.12,653363.01,-29216.67,-0.34,8510.42,0.49,0
150,7,41,4,10.81,646302.77,-7060.24,-0.08,0,0.0,0
150,8,43,2,4.88,629859.02,-16443.75,-0.19,0,0.0,0
150,9,51,8,18.6,598980.65,-30878.37,-0.36,20408.3,1.18,0
150,10,55,4,7.84,558452.58,-40528.07,-0.48,0,0.0,0
150,11,66,11,20.0,543137.25,-15315.33,-0.18,0,0.0,0
150,12,78,12,18.18,517259.53,-25877.72,-0.3,0,0.0,0
151,1,21,1,5.0,2713543.91,-103485.51,-0.51,0,0.0,0
151,2,22,1,4.76,2654521.51,-59022.4,-0.29,21022.21,0.71,0
151,3,25,3,13.64,2597380.15,-57141.36,-0.28,0,0.0,0
151,4,30,5,20.0,2608345.41,10965.26,0.05,18200.64,0.62,0
151,5,33,3,10.0,2548607.44,-59737.97,-0.3,23775.8,0.81,0
151,6,40,7,21.21,2488479.84,-60127.6,-0.3,8142.56,0.28,0
151,7,48,8,20.0,2426678.99,-61800.85,-0.31,8351.8,0.28,0
151,8,51,3,6.25,2441331.92,14652.93,0.07,0,0.0,0
151,9,54,3,5.88,2452727.76,11395.84,0.06,0,0.0,0
151,10,57,3,5.56,2420772.14,-31955.62,-0.16,0,0.0,0
151,11,68,11,19.3,2435552.84,14780.7,0.07,0,0.0,0
151,12,71,3,4.41,2446392.01,10839.16,0.05,31899.86,1.08,0
152,1,26,2,8.33,179828.59,-2133.95,-0.23,4521.3,0.62,0
152,2,29,3,11.54,178007.53,-1821.06,-0.2,0,0.0,0
152,3,31,2,6.9,178360.88,353.34,0.04,1867.84,0.26,0
152,4,35,4,12.9,180646.69,2285.81,0.25,0,0.0,0
152,5,39,4,11.43,178256.42,-2390.27,-0.26,6920.8,0.96,0
152,6,41,2,5.13,174304.22,-3952.19,-0.42,8283.38,1.14,0
152,7,44,3,7.32,176792.92,2488.7,0.27,10252.88,1.42,0
152,8,46,2,4.55,175136.83,-1656.09,-0.18,5382.86,0.74,0
152,9,51,5,10.87,175254.93,118.09,0.01,5893.44,0.81,0
152,10,55,4,7.84,4712512.28,4537257.35,487.75,3744.72,0.52,1
152,11,58,3,5.45,4712875.41,363.13,0.04,8489.77,1.17,0
152,12,60,2,3.45,4709409.36,-3466.05,-0.37,0,0.0,0
153,1,25,0,0.0,1696484.45,-6864.08,-0.11,0,0.0,0
153,2,25,0,0.0,1677361.03,-19123.42,-0.3,7618.78,0.39,0
153,3,25,0,0.0,5480571.77,3803210.75,60.54,8081.9,0.42,1
153,4,25,0,0.0,5474176.89,-6394.89,-0.1,6423.88,0.33,0
153,5,25,0,0.0,5487202.91,13026.02,0.21,5718.56,0.29,0
153,6,25,0,0.0,5481512.05,-5690.86,-0.09,7090.8,0.37,0
153,7,25,0,0.0,5469159.29,-12352.76,-0.2,149399.81,7.7,1
153,8,25,0,0.0,5451872.48,-17286.81,-0.28,22082.27,1.14,0
153,9,25,0,0.0,5444358.91,-7513.56,-0.12,0,0.0,0
153,10,25,0,0.0,5444112.2,-246.71,-0.0,0,0.0,0
153,11,25,0,0.0,5436400.41,-7711.8,-0.12,24550.74,1.27,0
153,12,25,0,0.0,5428423.27,-7977.14,-0.13,20865.45,1.08,0
154,1,33,2,6.45,1359098.86,15267.09,0.15,35804.63,1.18,0
154,2,36,3,9.09,1302370.93,-56727.93,-0.56,0,0.0,0
154,3,39,3,8.33,1292591.28,-9779.65,-0.1,0,0.0,0
154,4,41,2,5.13,1283164.94,-9426.33,-0.09,25168.53,0.83,0
154,5,42,1,2.44,1233161.45,-50003.49,-0.49,29865.79,0.99,0
154,6,43,1,2.38,1213240.95,-19920.5,-0.2,27743.53,0.92,0
154,7,45,2,4.65,1177096.39,-36144.56,-0.35,41044.56,1.36,0
154,8,48,3,6.67,1146771.77,-30324.62,-0.3,0,0.0,0
154,9,50,2,4.17,1102144.02,-44627.75,-0.44,23525.52,0.78,0
154,10,51,1,2.0,8961791.55,7859647.53,77.18,0,0.0,1
154,11,52,1,1.96,8966591.84,4800.29,0.05,11422.01,0.38,0
154,12,54,2,3.85,8940825.59,-25766.25,-0.25,0,0.0,0
155,1,18,2,12.5,1011038.13,-3953.23,-0.05,19735.49,1.29,0
155,2,20,2,11.11,1028275.32,17237.19,0.22,0,0.0,0
155,3,21,1,5.0,1006622.82,-21652.49,-0.28,0,0.0,0
155,4,24,3,14.29,996801.71,-9821.11,-0.13,0,0.0,0
155,5,27,3,12.5,986197.62,-10604.09,-0.14,0,0.0,0
155,6,32,5,18.52,980731.64,-5465.97,-0.07,4384.37,0.29,0
155,7,36,4,12.5,967913.28,-12818.36,-0.17,8267.16,0.54,0
155,8,39,3,8.33,955389.42,-12523.86,-0.16,16077.21,1.05,0
155,9,41,2,5.13,944433.9,-10955.52,-0.14,12668.96,0.83,0
155,10,47,6,14.63,933168.3,-11265.6,-0.15,4964.81,0.33,0
155,11,49,2,4.26,928444.16,-4724.14,-0.06,22272.26,1.46,0
155,12,53,4,8.16,934960.45,6516.29,0.08,9374.27,0.61,0
156,1,10,1,11.11,1232858.78,8495.32,0.17,0,0.0,0
156,2,10,0,0.0,1222805.18,-10053.6,-0.2,31851.72,0.72,0
156,3,11,1,10.0,1204648.7,-18156.48,-0.36,56054.74,1.26,0
156,4,11,0,0.0,1193255.2,-11393.5,-0.22,20755.81,0.47,0
156,5,19,8,72.73,1194710.16,1454.96,0.03,43743.35,0.99,1
156,6,19,0,0.0,1186583.03,-8127.13,-0.16,49494.8,1.12,0
156,7,21,2,10.53,1184664.43,-1918.6,-0.04,0,0.0,0
156,8,22,1,4.76,1179665.29,-4999.14,-0.1,39750.54,0.9,0
156,9,24,2,9.09,1159031.24,-20634.05,-0.41,0,0.0,0
156,10,25,1,4.17,1139430.34,-19600.9,-0.39,0,0.0,0
156,11,25,0,0.0,1110647.3,-28783.04,-0.57,31808.94,0.72,0
156,12,26,1,4.0,1098337.76,-12309.54,-0.24,53396.44,1.2,0
157,1,17,0,0.0,2262668.95,418.55,0.0,0,0.0,0
157,2,17,0,0.0,2165010.3,-97658.66,-0.42,0,0.0,0
157,3,17,0,0.0,2159868.57,-5141.72,-0.02,17440.0,0.87,0
157,4,17,0,0.0,2126249.86,-33618.71,-0.14,21201.69,1.05,0
157,5,17,0,0.0,2104869.51,-21380.34,-0.09,0,0.0,0
157,6,17,0,0.0,2029858.16,-75011.35,-0.32,10430.99,0.52,0
157,7,17,0,0.0,2004431.91,-25426.26,-0.11,18335.98,0.91,0
157,8,17,0,0.0,1892858.15,-111573.75,-0.48,10103.81,0.5,0
157,9,26,9,52.94,1851885.38,-40972.77,-0.18,25223.46,1.25,1
157,10,26,0,0.0,1800536.56,-51348.83,-0.22,0,0.0,0
157,11,26,0,0.0,1769833.91,-30702.64,-0.13,0,0.0,0
157,12,26,0,0.0,1754630.65,-15203.26,-0.07,24116.84,1.2,0
158,1,19,1,5.56,2163052.45,-71455.38,-0.3,4208.5,1.12,0
158,2,20,1,5.26,2123654.96,-39397.5,-0.17,1262.92,0.34,0
158,3,22,2,10.0,2049706.64,-73948.32,-0.31,4400.12,1.17,0
158,4,23,1,4.55,10655613.09,8605906.45,36.65,1583.31,0.42,1
158,5,25,2,8.7,10595498.38,-60114.7,-0.26,2698.88,0.72,0
158,6,26,1,4.0,10572027.94,-23470.45,-0.1,0,0.0,0
158,7,28,2,7.69,10528632.72,-43395.22,-0.18,3922.4,1.05,0
158,8,29,1,3.57,10523898.91,-4733.81,-0.02,0,0.0,0
158,9,31,2,6.9,10514316.78,-9582.13,-0.04,5317.48,1.42,0
158,10,34,3,9.68,10471838.96,-42477.81,-0.18,3308.52,0.88,0
158,11,37,3,8.82,10386924.68,-84914.28,-0.36,1077.57,0.29,0
158,12,41,4,10.81,10358945.7,-27978.98,-0.12,0,0.0,0
159,1,40,4,11.11,2933381.04,2603973.07,91.65,0,0.0,1
159,2,42,2,5.0,2925169.46,-8211.58,-0.29,0,0.0,0
159,3,43,1,2.38,2913349.15,-11820.31,-0.42,16543.8,0.54,0
159,4,44,1,2.33,2912312.6,-1036.55,-0.04,0,0.0,0
159,5,46,2,4.55,2910867.1,-1445.49,-0.05,38151.68,1.25,0
159,6,51,5,10.87,2909301.27,-1565.83,-0.06,37201.62,1.22,0
159,7,57,6,11.76,2895787.12,-13514.15,-0.48,12649.06,0.41,0
159,8,63,6,10.53,2884516.27,-11270.85,-0.4,26418.37,0.87,0
159,9,67,4,6.35,2884561.31,45.04,0.0,10762.73,0.35,0
159,10,72,5,7.46,2879857.73,-4703.58,-0.17,18481.82,0.61,0
159,11,77,5,6.94,2871676.28,-8181.45,-0.29,0,0.0,0
159,12,86,9,11.69,2869951.84,-1724.44,-0.06,0,0.0,0
160,1,31,2,6.9,1460308.85,-35466.99,-0.23,0,0.0,0
160,2,35,4,12.9,1421904.86,-38403.99,-0.25,0,0.0,0
160,3,40,5,14.29,1384665.99,-37238.86,-0.25,33573.1,0.96,0
160,4,43,3,7.5,1367925.56,-16740.44,-0.11,7569.05,0.22,0
160,5,45,2,4.65,1347822.29,-20103.27,-0.13,52153.11,1.49,0
160,6,50,5,11.11,5984870.22,4637047.93,30.69,39554.33,1.13,1
160,7,54,4,8.0,5973082.8,-11787.42,-0.08,41001.83,1.17,0
160,8,59,5,9.26,5977802.46,4719.66,0.03,34785.85,1.0,0
160,9,65,6,10.17,5990199.89,12397.43,0.08,0,0.0,0
160,10,67,2,3.08,6015772.53,25572.64,0.17,39216.86,1.12,0
160,11,71,4,5.97,6033593.43,17820.9,0.12,0,0.0,0
160,12,78,7,9.86,6038981.19,5387.77,0.04,0,0.0,0
161,1,26,4,18.18,533472.97,-15707.0,-0.24,28465.45,0.78,0
161,2,28,2,7.69,513720.54,-19752.43,-0.3,42927.28,1.17,0
161,3,34,6,21.43,493638.83,-20081.71,-0.31,23606.56,0.64,0
161,4,39,5,14.71,488529.94,-5108.89,-0.08,333374.33,9.09,1
161,5,41,2,5.13,459405.31,-29124.63,-0.45,35507.38,0.97,0
161,6,50,9,21.95,450787.18,-8618.13,-0.13,25183.05,0.69,0
161,7,53,3,6.0,454925.28,4138.11,0.06,0,0.0,0
161,8,62,9,16.98,466293.99,11368.7,0.17,0,0.0,0
161,9,66,4,6.45,436572.01,-29721.98,-0.46,14025.38,0.38,0
161,10,73,7,10.61,425985.15,-10586.86,-0.16,0,0.0,0
161,11,78,5,6.85,404360.0,-21625.14,-0.33,30681.07,0.84,0
161,12,90,12,15.38,385947.5,-18412.5,-0.28,37408.01,1.02,0
162,1,12,0,0.0,2476432.85,-36003.52,-0.22,24128.35,0.87,0
162,2,12,0,0.0,2444694.89,-31737.96,-0.2,0,0.0,0
162,3,12,0,0.0,2432578.05,-12116.83,-0.07,17246.25,0.62,0
162,4,12,0,0.0,2394963.26,-37614.79,-0.23,9347.95,0.34,0
162,5,12,0,0.0,2425368.2,30404.93,0.19,17741.06,0.64,0
162,6,12,0,0.0,2384780.01,-40588.19,-0.25,25340.18,0.91,0
162,7,12,0,0.0,2347850.83,-36929.18,-0.23,30682.93,1.1,0
162,8,12,0,0.0,2337990.26,-9860.57,-0.06,0,0.0,0
162,9,12,0,0.0,2318613.23,-19377.03,-0.12,39164.01,1.41,0
162,10,12,0,0.0,2301805.84,-16807.39,-0.1,20968.05,0.75,0
162,11,12,0,0.0,2277664.48,-24141.36,-0.15,11582.11,0.42,0
162,12,12,0,0.0,2248297.61,-29366.87,-0.18,271675.69,9.76,1
163,1,43,5,13.16,428796.51,-4381.43,-0.17,354934.02,7.38,1
163,2,46,3,6.98,430206.41,1409.9,0.05,0,0.0,0
163,3,49,3,6.52,424163.46,-6042.94,-0.23,19573.06,0.41,0
163,4,51,2,4.08,422014.52,-2148.94,-0.08,39133.62,0.81,0
163,5,56,5,9.8,420316.38,-1698.14,-0.07,0,0.0,0
163,6,61,5,8.93,409535.17,-10781.21,-0.41,30059.2,0.63,0
163,7,66,5,8.2,404034.51,-5500.66,-0.21,42996.61,0.89,0
163,8,72,6,9.09,397456.76,-6577.75,-0.25,64963.18,1.35,0
163,9,76,4,5.56,391549.86,-5906.9,-0.23,9714.64,0.2,0
163,10,86,10,13.16,390723.14,-826.73,-0.03,40861.32,0.85,0
163,11,90,4,4.65,388484.12,-2239.02,-0.09,20857.14,0.43,0
163,12,95,5,5.56,380310.69,-8173.42,-0.31,25928.52,0.54,0
164,1,28,0,0.0,1193004.94,-31732.68,-0.34,0,0.0,0
164,2,28,0,0.0,1179767.83,-13237.11,-0.14,1925.49,0.27,0
164,3,29,1,3.57,1191455.87,11688.05,0.12,0,0.0,0
164,4,30,1,3.45,1166947.78,-24508.09,-0.26,0,0.0,0
164,5,31,1,3.33,1189566.05,22618.27,0.24,5340.63,0.75,0
164,6,32,1,3.23,1208615.26,19049.21,0.2,10184.31,1.43,0
164,7,33,1,3.12,1182637.87,-25977.4,-0.28,0,0.0,0
164,8,34,1,3.03,1166841.66,-15796.21,-0.17,9442.2,1.33,0
164,9,35,1,2.94,1127956.76,-38884.91,-0.41,5355.76,0.75,0
164,10,36,1,2.86,1144272.76,16316.01,0.17,4131.64,0.58,0
164,11,37,1,2.78,1135300.3,-8972.46,-0.1,2453.83,0.35,0
164,12,38,1,2.7,1126593.84,-8706.47,-0.09,6365.67,0.9,0
165,1,11,1,10.0,1916928.8,-185.27,-0.0,5934.09,0.39,0
165,2,13,2,18.18,1886077.42,-30851.38,-0.23,22388.57,1.47,0
165,3,14,1,7.69,1881330.95,-4746.47,-0.04,3478.96,0.23,0
165,4,16,2,14.29,1837445.43,-43885.52,-0.33,0,0.0,0
165,5,19,3,18.75,1833508.01,-3937.42,-0.03,8189.02,0.54,0
165,6,21,2,10.53,1795960.27,-37547.74,-0.28,18809.27,1.24,0
165,7,23,2,9.52,1760634.88,-35325.4,-0.27,17781.07,1.17,0
165,8,26,3,13.04,1717089.68,-43545.2,-0.33,0,0.0,0
165,9,30,4,15.38,1721050.81,3961.14,0.03,3406.62,0.22,0
165,10,33,3,10.0,1689140.27,-31910.54,-0.24,22302.32,1.47,0
165,11,36,3,9.09,1676403.46,-12736.81,-0.1,4295.03,0.28,0
165,12,39,3,8.33,1653351.64,-23051.82,-0.17,15568.16,1.03,0
166,1,24,1,4.35,1433669.82,-19358.7,-0.17,0,0.0,0
166,2,26,2,8.33,1392269.99,-41399.83,-0.36,0,0.0,0
166,3,27,1,3.85,1387862.01,-4407.99,-0.04,21713.0,1.18,0
166,4,29,2,7.41,1384521.44,-3340.56,-0.03,18674.77,1.01,0
166,5,32,3,10.34,1349766.77,-34754.67,-0.3,0,0.0,0
166,6,34,2,6.25,1323684.87,-26081.9,-0.22,16594.62,0.9,0
166,7,36,2,5.88,1349902.61,26217.74,0.23,8763.68,0.47,0
166,8,37,1,2.78,1303146.3,-46756.31,-0.4,0,0.0,0
166,9,42,5,13.51,1311234.93,8088.63,0.07,8918.42,0.48,0
166,10,47,5,11.9,1268268.08,-42966.85,-0.37,0,0.0,0
166,11,52,5,10.64,1255471.34,-12796.74,-0.11,0,0.0,0
166,12,56,4,7.69,1252699.93,-2771.42,-0.02,21856.3,1.18,0
167,1,23,3,15.0,1395045.22,19150.24,0.12,0,0.0,0
167,2,39,16,69.57,1336090.02,-58955.2,-0.38,0,0.0,1
167,3,45,6,15.38,1303065.83,-33024.2,-0.21,5525.38,0.52,0
167,4,51,6,13.33,1302998.91,-66.91,-0.0,12271.88,1.17,0
167,5,61,10,19.61,1288401.1,-14597.81,-0.09,0,0.0,0
167,6,72,11,18.03,1246843.1,-41558.0,-0.27,0,0.0,0
167,7,77,5,6.94,1231277.1,-15566.0,-0.1,6114.35,0.58,0
167,8,92,15,19.48,1187534.51,-43742.59,-0.28,10360.02,0.98,0
167,9,111,19,20.65,1157838.29,-29696.23,-0.19,3626.28,0.34,0
167,10,127,16,14.41,1095185.47,-62652.82,-0.4,8430.08,0.8,0
167,11,153,26,20.47,1062571.39,-32614.08,-0.21,0,0.0,0
167,12,182,29,18.95,1055238.56,-7332.82,-0.05,7812.63,0.74,0
168,1,21,3,16.67,1582691.3,-52465.97,-0.34,0,0.0,0
168,2,24,3,14.29,1537153.31,-45537.99,-0.29,40512.46,1.3,0
168,3,28,4,16.67,1502145.78,-35007.53,-0.23,0,0.0,0
168,4,31,3,10.71,1513183.18,11037.39,0.07,25760.02,0.83,0
168,5,34,3,9.68,1464939.11,-48244.07,-0.31,34927.36,1.12,0
168,6,40,6,17.65,1471348.49,6409.38,0.04,0,0.0,0
168,7,61,21,52.5,1459308.75,-12039.75,-0.08,7673.76,0.25,1
168,8,65,4,6.56,1467107.72,7798.98,0.05,0,0.0,0
168,9,74,9,13.85,1472393.63,5285.91,0.03,0,0.0,0
168,10,85,11,14.86,1421001.89,-51391.74,-0.33,0,0.0,0
168,11,91,6,7.06,1444342.89,23341.0,0.15,0,0.0,0
168,12,109,18,19.78,1419251.64,-25091.25,-0.16,0,0.0,0
169,1,41,2,5.13,1758469.38,-15023.2,-0.16,51403.62,1.4,0
169,2,43,2,4.88,1762497.03,4027.65,0.04,25404.52,0.69,0
169,3,45,2,4.65,1738129.32,-24367.71,-0.26,14467.02,0.4,0
169,4,47,2,4.44,1749155.83,11026.51,0.12,31064.9,0.85,0
169,5,49,2,4.26,1759983.05,10827.22,0.11,0,0.0,0
169,6,88,39,79.59,1744333.15,-15649.9,-0.17,0,0.0,1
169,7,91,3,3.41,1703258.19,-41074.96,-0.43,0,0.0,0
169,8,95,4,4.4,1660784.38,-42473.81,-0.45,0,0.0,0
169,9,100,5,5.26,1615423.22,-45361.16,-0.48,32214.83,0.88,0
169,10,103,3,3.0,1627302.82,11879.6,0.13,0,0.0,0
169,11,110,7,6.8,1592033.11,-35269.71,-0.37,53940.42,1.47,0
169,12,113,3,2.73,1558114.11,-33919.0,-0.36,0,0.0,0
170,1,6,0,0.0,2156483.61,1715464.24,67.95,5740.07,0.48,1
170,2,7,1,16.67,2152746.43,-3737.18,-0.15,0,0.0,0
170,3,7,0,0.0,2151037.17,-1709.26,-0.07,14933.94,1.25,0
170,4,8,1,14.29,2151742.32,705.15,0.03,0,0.0,0
170,5,9,1,12.5,2151128.54,-613.78,-0.02,10396.46,0.87,0
170,6,11,2,22.22,2141103.05,-10025.5,-0.4,6678.4,0.56,0
170,7,13,2,18.18,2135507.77,-5595.28,-0.22,0,0.0,0
170,8,16,3,23.08,2133389.67,-2118.1,-0.08,0,0.0,0
170,9,18,2,12.5,2129737.38,-3652.29,-0.14,7135.2,0.6,0
170,10,22,4,22.22,2123840.68,-5896.7,-0.23,5236.8,0.44,0
170,11,26,4,18.18,2126267.99,2427.31,0.1,7374.47,0.62,0
170,12,30,4,15.38,2119487.32,-6780.67,-0.27,0,0.0,0
171,1,43,5,13.16,1009009.96,3901.95,0.08,0,0.0,0
171,2,47,4,9.3,1014078.23,5068.27,0.11,13322.99,0.63,0
171,3,51,4,8.51,1013732.52,-345.71,-0.01,14957.59,0.71,0
171,4,56,5,9.8,1014658.02,925.5,0.02,0,0.0,0
171,5,60,4,7.14,1005758.44,-8899.58,-0.19,0,0.0,0
171,6,62,2,3.33,1009023.8,3265.36,0.07,0,0.0,0
171,7,66,4,6.45,1002276.94,-6746.86,-0.14,0,0.0,0
171,8,71,5,7.58,1002286.7,9.75,0.0,17947.02,0.85,0
171,9,82,11,15.49,4529019.07,3526732.37,74.23,23912.71,1.14,1
171,10,90,8,9.76,4541712.91,12693.84,0.27,0,0.0,0
171,11,101,11,12.22,4544545.96,2833.05,0.06,20782.34,0.99,0
171,12,109,8,7.92,4525297.02,-19248.94,-0.41,14299.23,0.68,0
172,1,20,0,0.0,435062.07,-11077.89,-0.25,0,0.0,0
172,2,20,0,0.0,432140.6,-2921.47,-0.07,21109.25,1.2,0
172,3,21,1,5.0,425790.92,-6349.68,-0.15,0,0.0,0
172,4,21,0,0.0,420895.6,-4895.33,-0.11,10857.12,0.62,0
172,5,21,0,0.0,5989924.17,5569028.58,128.05,17309.27,0.98,1
172,6,22,1,4.76,5973103.29,-16820.89,-0.39,21935.54,1.25,0
172,7,23,1,4.55,5981441.63,8338.34,0.19,0,0.0,0
172,8,23,0,0.0,5967724.16,-13717.47,-0.32,0,0.0,0
172,9,24,1,4.35,5956764.75,-10959.41,-0.25,11142.43,0.63,0
172,10,24,0,0.0,5948106.38,-8658.37,-0.2,6082.67,0.35,0
172,11,24,0,0.0,5935761.52,-12344.86,-0.28,14220.41,0.81,0
172,12,24,0,0.0,5929942.78,-5818.74,-0.13,0,0.0,0
173,1,21,2,10.53,2700471.04,26871.48,0.08,9406.33,1.01,0
173,2,22,1,4.76,2596743.24,-103727.81,-0.32,12211.58,1.31,0
173,3,24,2,9.09,2587460.56,-9282.68,-0.03,0,0.0,0
173,4,25,1,4.17,2536542.98,-50917.58,-0.16,0,0.0,0
173,5,27,2,8.0,2540660.69,4117.71,0.01,5593.06,0.6,0
173,6,28,1,3.7,2441277.03,-99383.65,-0.31,3401.48,0.37,0
173,7,30,2,7.14,2277199.56,-164077.48,-0.51,0,0.0,0
173,8,33,3,10.0,2224657.59,-52541.97,-0.16,0,0.0,0
173,9,34,1,3.03,2209003.76,-15653.83,-0.05,12478.49,1.34,0
173,10,38,4,11.76,2043628.76,-165375.0,-0.52,12356.25,1.33,0
173,11,42,4,10.53,2006763.72,-36865.05,-0.12,4264.21,0.46,0
173,12,46,4,9.52,2021219.48,14455.76,0.05,0,0.0,0
174,1,41,7,20.59,2176384.0,-10945.1,-0.12,30425.31,0.79,0
174,2,43,2,4.88,2180108.9,3724.89,0.04,514691.6,13.43,1
174,3,48,5,11.63,2174577.61,-5531.29,-0.06,49894.64,1.3,0
174,4,53,5,10.42,2198411.98,23834.37,0.27,0,0.0,0
174,5,59,6,11.32,2167521.5,-30890.49,-0.34,39909.85,1.04,0
174,6,65,6,10.17,2146987.31,-20534.18,-0.23,14036.81,0.37,0
174,7,70,5,7.69,2132889.46,-14097.86,-0.16,47631.78,1.24,0
174,8,85,15,21.43,2131258.64,-1630.82,-0.02,15507.99,0.4,0
174,9,91,6,7.06,2120690.69,-10567.95,-0.12,0,0.0,0
174,10,109,18,19.78,2079410.83,-41279.86,-0.46,15751.62,0.41,0
174,11,124,15,13.76,2052797.74,-26613.09,-0.3,0,0.0,0
174,12,135,11,8.87,2021197.06,-31600.69,-0.35,51937.56,1.36,0
175,1,4,0,0.0,464524.96,-11280.44,-0.36,0,0.0,0
175,2,4,0,0.0,452654.24,-11870.72,-0.37,306993.6,11.01,1
175,3,4,0,0.0,442296.95,-10357.28,-0.33,29381.21,1.05,0
175,4,4,0,0.0,436594.23,-5702.73,-0.18,32729.93,1.17,0
175,5,5,1,25.0,430578.65,-6015.58,-0.19,39749.41,1.42,0
175,6,5,0,0.0,3142367.38,2711788.73,85.46,0,0.0,1
175,7,5,0,0.0,3137266.98,-5100.4,-0.16,0,0.0,0
175,8,5,0,0.0,3137890.05,623.06,0.02,26508.91,0.95,0
175,9,6,1,20.0,3141928.25,4038.2,0.13,29556.28,1.06,0
175,10,7,1,16.67,3149975.92,8047.67,0.25,0,0.0,0
175,11,8,1,14.29,3141879.79,-8096.12,-0.26,10762.95,0.39,0
175,12,8,0,0.0,3146088.33,4208.54,0.13,26324.67,0.94,0
176,1,36,4,12.5,575747.49,-28109.9,-0.43,31261.65,0.64,0
176,2,43,7,19.44,575974.82,227.33,0.0,63812.25,1.31,0
176,3,51,8,18.6,551045.21,-24929.61,-0.38,11325.06,0.23,0
176,4,58,7,13.73,515565.0,-35480.21,-0.54,0,0.0,0
176,5,82,24,41.38,522483.18,6918.18,0.11,38311.02,0.79,1
176,6,93,11,13.41,514851.48,-7631.7,-0.12,0,0.0,0
176,7,100,7,7.53,505422.46,-9429.02,-0.14,18672.15,0.38,0
176,8,116,16,16.0,5150737.01,4645314.55,71.06,58993.34,1.21,1
176,9,132,16,13.79,5153775.68,3038.67,0.05,43800.59,0.9,0
176,10,154,22,16.67,5168934.53,15158.85,0.23,52704.69,1.08,0
176,11,178,24,15.58,5178019.1,9084.58,0.14,0,0.0,0
176,12,208,30,16.85,5157646.48,-20372.62,-0.31,22493.56,0.46,0
177,1,6,1,20.0,2786424.29,-62828.08,-0.39,12979.21,0.29,0
177,2,7,1,16.67,2734382.68,-52041.61,-0.32,66227.51,1.46,0
177,3,9,2,28.57,2755811.36,21428.69,0.13,33695.18,0.74,1
177,4,10,1,11.11,2720945.41,-34865.95,-0.22,64872.02,1.43,0
177,5,14,4,40.0,14509724.38,11788778.97,72.99,0,0.0,1
177,6,15,1,7.14,14471126.34,-38598.04,-0.24,46503.01,1.03,0
177,7,17,2,13.33,14431307.48,-39818.86,-0.25,22706.01,0.5,0
177,8,19,2,11.76,14430437.98,-869.5,-0.01,0,0.0,0
177,9,20,1,5.26,14420491.18,-9946.8,-0.06,0,0.0,0
177,10,24,4,20.0,14462217.88,41726.69,0.26,0,0.0,0
177,11,26,2,8.33,14453025.59,-9192.29,-0.06,50797.09,1.12,0
177,12,32,6,23.08,14441269.23,-11756.35,-0.07,14259.02,0.32,0
178,1,48,8,20.0,2580102.29,-21898.66,-0.16,31907.83,0.75,0
178,2,58,10,20.83,6635685.97,4055583.68,30.14,0,0.0,1
178,3,63,5,8.62,6610260.31,-25425.66,-0.19,0,0.0,0
178,4,67,4,6.35,6597752.31,-12508.0,-0.09,55151.47,1.29,0
178,5,75,8,11.94,6555954.27,-41798.05,-0.31,42034.86,0.98,0
178,6,87,12,16.0,6531082.63,-24871.64,-0.18,15095.63,0.35,0
178,7,104,17,19.54,6492234.34,-38848.29,-0.29,0,0.0,0
178,8,117,13,12.5,6451749.99,-40484.35,-0.3,52409.87,1.22,0
178,9,142,25,21.37,6435274.58,-16475.41,-0.12,0,0.0,0
178,10,171,29,20.42,6408766.01,-26508.57,-0.2,0,0.0,0
178,11,179,8,4.68,6418697.95,9931.94,0.07,0,0.0,0
178,12,190,11,6.15,6410567.04,-8130.91,-0.06,0,0.0,0
179,1,19,1,5.56,2030967.83,-33916.68,-0.27,0,0.0,0
179,2,20,1,5.26,2013671.72,-17296.11,-0.14,41085.73,0.85,0
179,3,20,0,0.0,1983165.48,-30506.24,-0.24,0,0.0,0
179,4,22,2,10.0,1962258.03,-20907.45,-0.16,0,0.0,0
179,5,23,1,4.55,1930949.51,-31308.52,-0.25,0,0.0,0
179,6,25,2,8.7,1874711.57,-56237.94,-0.44,30851.1,0.64,0
179,7,26,1,4.0,1864140.37,-10571.2,-0.08,10670.73,0.22,0
179,8,27,1,3.85,1832641.13,-31499.24,-0.25,0,0.0,0
179,9,28,1,3.7,1833762.2,1121.07,0.01,0,0.0,0
179,10,29,1,3.57,1777948.79,-55813.41,-0.44,0,0.0,0
179,11,31,2,6.9,1799331.73,21382.93,0.17,31906.92,0.66,0
179,12,32,1,3.23,1755318.65,-44013.08,-0.35,0,0.0,0
180,1,23,3,15.0,2884805.95,-28892.61,-0.17,0,0.0,0
180,2,24,1,4.35,2834612.18,-50193.77,-0.29,12738.98,1.0,0
180,3,27,3,12.5,2797866.36,-36745.82,-0.21,9414.88,0.74,0
180,4,49,22,81.48,2770215.05,-27651.32,-0.16,0,0.0,1
180,5,57,8,16.33,2751378.87,-18836.17,-0.11,0,0.0,0
180,6,64,7,12.28,2714101.38,-37277.49,-0.22,0,0.0,0
180,7,73,9,14.06,2682607.41,-31493.98,-0.18,0,0.0,0
180,8,76,3,4.11,2654253.71,-28353.69,-0.16,11509.34,0.9,0
180,9,79,3,3.95,2650258.74,-3994.98,-0.02,10469.39,0.82,0
180,10,84,5,6.33,2643708.44,-6550.29,-0.04,0,0.0,0
180,11,94,10,11.9,2626622.44,-17086.0,-0.1,0,0.0,0
180,12,102,8,8.51,2637970.29,11347.85,0.07,0,0.0,0
181,1,34,1,3.03,238768.71,-1971.69,-0.07,0,0.0,0
181,2,38,4,11.76,237630.69,-1138.02,-0.04,0,0.0,0
181,3,43,5,13.16,243592.42,5961.73,0.21,2755.11,0.9,0
181,4,48,5,11.63,236027.97,-7564.45,-0.26,0,0.0,0
181,5,55,7,14.58,226129.42,-9898.56,-0.34,0,0.0,0
181,6,59,4,7.27,213445.51,-12683.91,-0.44,36227.84,11.83,1
181,7,63,4,6.78,198151.11,-15294.4,-0.53,0,0.0,0
181,8,69,6,9.52,194469.84,-3681.27,-0.13,3006.37,0.98,0
181,9,77,8,11.59,189204.93,-5264.92,-0.18,0,0.0,0
181,10,84,7,9.09,184139.65,-5065.27,-0.18,0,0.0,0
181,11,92,8,9.52,187581.96,3442.31,0.12,3384.03,1.11,0
181,12,96,4,4.35,185661.23,-1920.73,-0.07,3427.2,1.12,0
182,1,19,1,5.56,586823.96,-7646.86,-0.19,2604.69,0.2,0
182,2,21,2,10.53,574069.18,-12754.79,-0.32,15970.26,1.24,0
182,3,23,2,9.52,572483.44,-1585.73,-0.04,13231.95,1.03,0
182,4,25,2,8.7,559797.53,-12685.92,-0.32,14013.8,1.09,0
182,5,26,1,4.0,556507.66,-3289.86,-0.08,16739.32,1.3,0
182,6,29,3,11.54,545811.79,-10695.87,-0.27,12990.87,1.01,0
182,7,32,3,10.34,542928.6,-2883.19,-0.07,18217.25,1.41,0
182,8,36,4,12.5,526444.31,-16484.29,-0.42,5378.17,0.42,0
182,9,37,1,2.78,519937.43,-6506.88,-0.17,0,0.0,0
182,10,39,2,5.41,510657.5,-9279.93,-0.24,169348.49,13.15,1
182,11,43,4,10.26,510835.32,177.83,0.0,6698.08,0.52,0
182,12,45,2,4.65,514133.02,3297.69,0.08,0,0.0,0
183,1,4,0,0.0,2715064.18,-38936.8,-0.13,37252.52,0.91,0
183,2,4,0,0.0,2646969.37,-68094.81,-0.22,58419.25,1.43,0
183,3,4,0,0.0,2642185.35,-4784.01,-0.02,13734.52,0.34,0
183,4,4,0,0.0,2636735.55,-5449.8,-0.02,0,0.0,0
183,5,4,0,0.0,2607464.82,-29270.74,-0.09,10399.59,0.25,0
183,6,4,0,0.0,2519960.38,-87504.44,-0.28,0,0.0,0
183,7,4,0,0.0,2465474.05,-54486.33,-0.18,10696.18,0.26,0
183,8,4,0,0.0,2312634.72,-152839.33,-0.49,52096.2,1.27,0
183,9,4,0,0.0,9617791.01,7305156.3,23.49,45381.69,1.11,1
183,10,4,0,0.0,9452792.75,-164998.26,-0.53,0,0.0,0
183,11,7,3,75.0,9376626.84,-76165.91,-0.24,42255.51,1.03,1
183,12,7,0,0.0,9432168.66,55541.82,0.18,0,0.0,0
184,1,20,0,0.0,759738.96,596.18,0.01,0,0.0,0
184,2,20,0,0.0,743615.59,-16123.38,-0.21,59600.35,1.42,0
184,3,20,0,0.0,750918.1,7302.52,0.09,172324.48,4.11,0
184,4,20,0,0.0,723609.09,-27309.02,-0.35,50827.55,1.21,0
184,5,20,0,0.0,686637.23,-36971.85,-0.47,50168.49,1.2,0
184,6,20,0,0.0,695769.81,9132.58,0.12,17037.64,0.41,0
184,7,20,0,0.0,665871.8,-29898.01,-0.38,48695.88,1.16,0
184,8,20,0,0.0,656429.21,-9442.59,-0.12,23983.81,0.57,0
184,9,20,0,0.0,627148.68,-29280.53,-0.37,56622.12,1.35,0
184,10,20,0,0.0,588332.46,-38816.22,-0.5,36610.01,0.87,0
184,11,20,0,0.0,587928.67,-403.79,-0.01,29519.67,0.7,0
184,12,20,0,0.0,597320.5,9391.83,0.12,28584.8,0.68,0
185,1,12,1,9.09,8457226.47,6138303.11,29.52,0,0.0,1
185,2,13,1,8.33,8407291.49,-49934.98,-0.24,11494.25,0.44,0
185,3,13,0,0.0,8397614.73,-9676.76,-0.05,0,0.0,0
185,4,13,0,0.0,8337624.89,-59989.84,-0.29,10112.81,0.39,0
185,5,14,1,7.69,8244989.94,-92634.96,-0.45,23413.86,0.89,0
185,6,15,1,7.14,8143495.01,-101494.93,-0.49,10116.99,0.39,0
185,7,15,0,0.0,8094499.6,-48995.4,-0.24,32921.78,1.26,0
185,8,16,1,6.67,8046682.68,-47816.92,-0.23,0,0.0,0
185,9,17,1,6.25,7958822.54,-87860.14,-0.42,0,0.0,0
185,10,19,2,11.76,7960778.51,1955.97,0.01,0,0.0,0
185,11,20,1,5.26,7940170.73,-20607.79,-0.1,0,0.0,0
185,12,21,1,5.0,7963455.85,23285.13,0.11,0,0.0,0
186,1,11,0,0.0,2610638.67,-33722.05,-0.25,7807.16,0.5,0
186,2,12,1,9.09,2621099.87,10461.2,0.08,0,0.0,0
186,3,13,1,8.33,13447474.79,10826374.91,81.65,10606.98,0.67,1
186,4,14,1,7.69,13409035.62,-38439.17,-0.29,7601.62,0.48,0
186,5,15,1,7.14,13349080.29,-59955.32,-0.45,177447.07,11.25,1
186,6,16,1,6.67,13353177.06,4096.76,0.03,0,0.0,0
186,7,17,1,6.25,13358029.61,4852.55,0.04,5381.25,0.34,0
186,8,18,1,5.88,13307243.31,-50786.29,-0.38,0,0.0,0
186,9,19,1,5.56,13272577.12,-34666.19,-0.26,6366.68,0.4,0
186,10,20,1,5.26,13270803.46,-1773.65,-0.01,17380.46,1.1,0
186,11,21,1,5.0,13274008.32,3204.85,0.02,0,0.0,0
186,12,23,2,9.52,13236505.17,-37503.15,-0.28,0,0.0,0
187,1,14,0,0.0,974543.06,-9104.48,-0.18,52283.47,1.4,0
187,2,14,0,0.0,970943.31,-3599.75,-0.07,0,0.0,0
187,3,14,0,0.0,960107.28,-10836.02,-0.21,10703.29,0.29,0
187,4,14,0,0.0,939395.09,-20712.19,-0.4,23973.42,0.64,0
187,5,14,0,0.0,920463.79,-18931.3,-0.37,50355.22,1.34,0
187,6,14,0,0.0,894583.69,-25880.11,-0.5,34831.22,0.93,0
187,7,14,0,0.0,896502.76,1919.07,0.04,0,0.0,0
187,8,14,0,0.0,869771.31,-26731.45,-0.52,0,0.0,0
187,9,14,0,0.0,842479.94,-27291.37,-0.53,30703.91,0.82,0
187,10,14,0,0.0,826998.1,-15481.83,-0.3,28954.17,0.77,0
187,11,14,0,0.0,827804.13,806.03,0.02,40190.81,1.07,0
187,12,14,0,0.0,824517.5,-3286.62,-0.06,16117.14,0.43,0
188,1,23,2,9.52,2740664.06,-13789.76,-0.13,0,0.0,0
188,2,25,2,8.7,14696464.72,11955800.66,108.55,0,0.0,1
188,3,26,1,4.0,14684627.69,-11837.02,-0.11,0,0.0,0
188,4,29,3,11.54,14633201.1,-51426.59,-0.47,26004.52,0.55,0
188,5,34,5,17.24,14618285.72,-14915.38,-0.14,11288.38,0.24,0
188,6,39,5,14.71,14646813.08,28527.35,0.26,27825.21,0.59,0
188,7,41,2,5.13,14633562.98,-13250.1,-0.12,0,0.0,0
188,8,44,3,7.32,14616034.0,-17528.98,-0.16,69935.26,1.49,0
188,9,48,4,9.09,14627125.93,11091.93,0.1,25318.96,0.54,0
188,10,51,3,6.25,14616937.43,-10188.49,-0.09,50320.15,1.07,0
188,11,58,7,13.73,14607253.52,-9683.92,-0.09,0,0.0,0
188,12,60,2,3.45,14558728.38,-48525.14,-0.44,20170.22,0.43,0
189,1,6,0,0.0,2422068.86,7770.54,0.03,46256.63,1.06,0
189,2,6,0,0.0,2367112.75,-54956.11,-0.23,0,0.0,0
189,3,6,0,0.0,2271771.01,-95341.74,-0.39,33151.72,0.76,0
189,4,6,0,0.0,2179530.42,-92240.59,-0.38,44025.87,1.01,0
189,5,6,0,0.0,2161521.37,-18009.04,-0.07,48591.87,1.12,0
189,6,6,0,0.0,2144376.81,-17144.56,-0.07,0,0.0,0
189,7,6,0,0.0,2149686.0,5309.19,0.02,0,0.0,0
189,8,6,0,0.0,2151840.4,2154.4,0.01,15697.3,0.36,0
189,9,6,0,0.0,2044213.95,-107626.45,-0.45,0,0.0,0
189,10,6,0,0.0,1962751.77,-81462.18,-0.34,31983.0,0.74,0
189,11,6,0,0.0,1916532.45,-46219.32,-0.19,338633.22,7.79,1
189,12,6,0,0.0,1782954.75,-133577.71,-0.55,0,0.0,0
190,1,23,3,15.0,237729.16,-2998.18,-0.35,0,0.0,0
190,2,26,3,13.04,235317.91,-2411.25,-0.28,21213.95,1.15,0
190,3,28,2,7.69,232354.27,-2963.64,-0.35,10934.35,0.59,0
190,4,31,3,10.71,230423.06,-1931.21,-0.23,7811.38,0.42,0
190,5,35,4,12.9,227444.03,-2979.03,-0.35,22877.91,1.24,0
190,6,41,6,17.14,224475.91,-2968.12,-0.35,7381.12,0.4,0
190,7,47,6,14.63,221154.05,-3321.86,-0.39,0,0.0,0
190,8,54,7,14.89,218087.07,-3066.98,-0.36,12510.67,0.68,0
190,9,60,6,11.11,216770.22,-1316.85,-0.15,26484.81,1.43,0
190,10,64,4,6.67,213502.86,-3267.36,-0.38,8466.43,0.46,0
190,11,71,7,10.94,209617.32,-3885.55,-0.45,0,0.0,0
190,12,77,6,8.45,3402659.08,3193041.76,372.06,24210.6,1.31,1
191,1,35,2,6.06,223407.39,-2885.84,-0.11,0,0.0,0
191,2,41,6,17.14,222504.48,-902.91,-0.03,2952.13,0.57,0
191,3,49,8,19.51,218757.93,-3746.55,-0.14,7616.91,1.46,0
191,4,52,3,6.12,214980.16,-3777.77,-0.14,3252.29,0.62,0
191,5,57,5,9.62,217905.16,2925.0,0.11,0,0.0,0
191,6,71,14,24.56,217151.11,-754.05,-0.03,3285.21,0.63,0
191,7,77,6,8.45,210158.7,-6992.4,-0.27,0,0.0,0
191,8,96,19,24.68,2150611.66,1940452.96,73.59,0,0.0,1
191,9,110,14,14.58,2151326.74,715.08,0.03,1689.87,0.32,0
191,10,132,22,20.0,2153417.35,2090.61,0.08,5124.88,0.98,0
191,11,162,30,22.73,2157972.31,4554.95,0.17,6309.36,1.21,0
191,12,195,33,20.37,2154830.92,-3141.39,-0.12,0,0.0,0
192,1,6,1,20.0,699728.72,-9104.57,-0.42,26750.24,1.4,0
192,2,6,0,0.0,698088.86,-1639.86,-0.08,0,0.0,0
192,3,6,0,0.0,697075.4,-1013.46,-0.05,21212.71,1.11,0
192,4,7,1,16.67,694229.67,-2845.73,-0.13,4534.71,0.24,0
192,5,8,1,14.29,691295.24,-2934.43,-0.14,0,0.0,0
192,6,9,1,12.5,688516.94,-2778.3,-0.13,14844.95,0.78,0
192,7,9,0,0.0,690364.08,1847.13,0.09,18876.6,0.99,0
192,8,9,0,0.0,689594.07,-770.01,-0.04,5120.63,0.27,0
192,9,9,0,0.0,689204.57,-389.5,-0.02,0,0.0,0
192,10,10,1,11.11,681458.21,-7746.36,-0.36,8238.02,0.43,0
192,11,11,1,10.0,679801.88,-1656.32,-0.08,22599.07,1.18,0
192,12,11,0,0.0,674796.25,-5005.63,-0.23,0,0.0,0
193,1,33,0,0.0,248412.48,-1876.74,-0.17,28024.52,1.03,0
193,2,33,0,0.0,243479.17,-4933.31,-0.45,0,0.0,0
193,3,33,0,0.0,237941.84,-5537.33,-0.51,13845.98,0.51,0
193,4,33,0,0.0,238573.72,631.88,0.06,0,0.0,0
193,5,33,0,0.0,235663.82,-2909.9,-0.27,10794.58,0.4,0
193,6,33,0,0.0,234802.13,-861.69,-0.08,0,0.0,0
193,7,33,0,0.0,229377.94,-5424.19,-0.5,29004.5,1.07,0
193,8,33,0,0.0,230021.99,644.06,0.06,12774.23,0.47,0
193,9,33,0,0.0,224810.07,-5211.92,-0.48,18384.37,0.68,0
193,10,33,0,0.0,222592.47,-2217.6,-0.2,37653.44,1.39,0
193,11,33,0,0.0,219514.43,-3078.05,-0.28,11049.32,0.41,0
193,12,33,0,0.0,219186.9,-327.52,-0.03,14588.33,0.54,0
194,1,10,1,11.11,1350581.72,-31785.1,-0.33,0,0.0,0
194,2,11,1,10.0,1329499.86,-21081.86,-0.22,0,0.0,0
194,3,12,1,9.09,1288484.63,-41015.23,-0.42,65394.41,1.35,0
194,4,13,1,8.33,1281855.44,-6629.18,-0.07,21085.74,0.44,0
194,5,14,1,7.69,1258775.18,-23080.26,-0.24,0,0.0,0
194,6,15,1,7.14,1229106.93,-29668.25,-0.31,0,0.0,0
194,7,16,1,6.67,8878416.55,7649309.61,78.94,0,0.0,1
194,8,17,1,6.25,8864222.52,-14194.02,-0.15,12841.35,0.27,0
194,9,18,1,5.88,8858128.51,-6094.01,-0.06,55591.66,1.15,0
194,10,21,3,16.67,8829193.11,-28935.4,-0.3,0,0.0,0
194,11,24,3,14.29,8831305.08,2111.97,0.02,50859.96,1.05,0
194,12,26,2,8.33,8808965.76,-22339.32,-0.23,38470.6,0.79,0
195,1,15,0,0.0,1835911.55,-92382.31,-0.41,44031.51,1.1,0
195,2,15,0,0.0,1801949.71,-33961.84,-0.15,30529.45,0.76,0
195,3,15,0,0.0,1775664.81,-26284.9,-0.12,0,0.0,0
195,4,15,0,0.0,1759858.58,-15806.23,-0.07,0,0.0,0
195,5,15,0,0.0,1713989.17,-45869.4,-0.21,0,0.0,0
195,6,15,0,0.0,1628786.93,-85202.24,-0.38,0,0.0,0
195,7,15,0,0.0,1538812.19,-89974.74,-0.4,0,0.0,0
195,8,15,0,0.0,1501924.66,-36887.53,-0.17,0,0.0,0
195,9,15,0,0.0,1481371.83,-20552.83,-0.09,50743.78,1.27,0
195,10,25,10,66.67,1397896.8,-83475.02,-0.37,0,0.0,1
195,11,25,0,0.0,1331988.29,-65908.52,-0.3,38221.21,0.95,0
195,12,25,0,0.0,6882386.01,5550397.72,24.87,0,0.0,1
196,1,37,4,12.12,1268781.11,15695.06,0.11,0,0.0,0
196,2,43,6,16.22,1230213.33,-38567.78,-0.26,0,0.0,0
196,3,49,6,13.95,1229639.76,-573.56,-0.0,0,0.0,0
196,4,56,7,14.29,1237495.79,7856.03,0.05,0,0.0,0
196,5,65,9,16.07,1248834.38,11338.59,0.08,5830.26,0.95,0
196,6,69,4,6.15,1204782.7,-44051.68,-0.3,0,0.0,0
196,7,78,9,13.04,1204518.43,-264.27,-0.0,7916.78,1.29,0
196,8,85,7,8.97,1213164.83,8646.4,0.06,0,0.0,0
196,9,90,5,5.88,1185767.61,-27397.22,-0.19,0,0.0,0
196,10,94,4,4.44,1176827.52,-8940.09,-0.06,0,0.0,0
196,11,109,15,15.96,1161339.22,-15488.29,-0.11,0,0.0,0
196,12,120,11,10.09,1131575.15,-29764.08,-0.2,8825.25,1.44,0
197,1,19,2,11.76,919544.11,-23885.83,-0.52,0,0.0,0
197,2,20,1,5.26,917771.01,-1773.1,-0.04,19415.85,0.59,0
197,3,23,3,15.0,918033.15,262.14,0.01,35339.91,1.08,0
197,4,27,4,17.39,4271037.32,3353004.16,72.78,40376.57,1.24,1
197,5,31,4,14.81,4271765.81,728.5,0.02,341318.73,10.46,1
197,6,36,5,16.13,4271794.46,28.65,0.0,0,0.0,0
197,7,39,3,8.33,4270770.08,-1024.39,-0.02,17225.35,0.53,0
197,8,41,2,5.13,4251901.96,-18868.11,-0.41,0,0.0,0
197,9,43,2,4.88,4245220.61,-6681.35,-0.15,0,0.0,0
197,10,48,5,11.63,4233260.32,-11960.3,-0.26,0,0.0,0
197,11,77,29,60.42,4236433.45,3173.14,0.07,0,0.0,1
197,12,87,10,12.99,4242253.28,5819.83,0.13,9458.86,0.29,0
198,1,14,1,7.69,2074426.27,-32110.33,-0.23,15895.25,0.34,0
198,2,15,1,7.14,2093445.29,19019.02,0.14,9623.18,0.21,0
198,3,16,1,6.67,2071728.13,-21717.16,-0.16,0,0.0,0
198,4,16,0,0.0,2038257.05,-33471.07,-0.24,0,0.0,0
198,5,18,2,12.5,2002212.81,-36044.24,-0.26,0,0.0,0
198,6,20,2,11.11,1974182.7,-28030.11,-0.2,0,0.0,0
198,7,22,2,10.0,1961344.47,-12838.24,-0.09,51437.89,1.11,0
198,8,23,1,4.55,1931943.18,-29401.29,-0.21,0,0.0,0
198,9,24,1,4.35,1921720.59,-10222.58,-0.07,34749.73,0.75,0
198,10,25,1,4.17,1860428.08,-61292.51,-0.45,33487.37,0.72,0
198,11,28,3,12.0,1847172.42,-13255.66,-0.1,19051.17,0.41,0
198,12,30,2,7.14,1840863.61,-6308.81,-0.05,0,0.0,0
199,1,27,2,8.0,1468352.05,8606.82,0.05,18279.73,0.55,0
199,2,29,2,7.41,1404456.53,-63895.52,-0.37,17312.41,0.52,0
199,3,31,2,6.9,1342973.26,-61483.27,-0.36,16025.33,0.48,0
199,4,32,1,3.23,1313109.13,-29864.13,-0.17,0,0.0,0
199,5,33,1,3.12,7063440.23,5750331.11,33.56,0,0.0,1
199,6,36,3,9.09,7108999.58,45559.35,0.27,34003.9,1.02,0
199,7,39,3,8.33,7064068.33,-44931.25,-0.26,0,0.0,0
199,8,42,3,7.69,7091315.43,27247.1,0.16,23886.52,0.71,0
199,9,44,2,4.76,7093675.62,2360.19,0.01,43124.8,1.29,0
199,10,46,2,4.55,7104300.12,10624.5,0.06,0,0.0,0
199,11,50,4,8.7,7045104.51,-59195.61,-0.35,0,0.0,0
199,12,74,24,48.0,7021420.94,-23683.58,-0.14,32822.84,0.98,1
200,1,28,0,0.0,298193.9,-2091.96,-0.06,12878.86,1.43,0
200,2,28,0,0.0,286427.45,-11766.45,-0.36,0,0.0,0
200,3,28,0,0.0,287077.82,650.37,0.02,0,0.0,0
200,4,28,0,0.0,287020.51,-57.31,-0.0,5797.85,0.65,0
200,5,28,0,0.0,287518.62,498.11,0.02,4966.49,0.55,0
200,6,28,0,0.0,285252.12,-2266.5,-0.07,0,0.0,0
200,7,28,0,0.0,283385.01,-1867.11,-0.06,11444.63,1.27,0
200,8,28,0,0.0,280081.21,-3303.8,-0.1,9497.93,1.06,0
200,9,28,0,0.0,286356.93,6275.72,0.19,0,0.0,0
200,10,28,0,0.0,286322.4,-34.53,-0.0,5549.38,0.62,0
200,11,28,0,0.0,287034.45,712.05,0.02,0,0.0,0
200,12,28,0,0.0,288259.51,1225.06,0.04,0,0.0,0
201,1,24,1,4.35,1932670.25,-27387.89,-0.19,6145.1,0.45,0
201,2,25,1,4.17,1944680.37,12010.12,0.08,205468.91,14.9,1
201,3,26,1,4.0,1902433.97,-42246.4,-0.29,3672.26,0.27,0
201,4,27,1,3.85,1910158.6,7724.63,0.05,9693.98,0.7,0
201,5,27,0,0.0,1872958.6,-37200.01,-0.25,0,0.0,0
201,6,27,0,0.0,1889457.4,16498.8,0.11,7570.1,0.55,0
201,7,28,1,3.7,1887726.77,-1730.63,-0.01,18737.12,1.36,0
201,8,29,1,3.57,1839375.81,-48350.96,-0.33,0,0.0,0
201,9,30,1,3.45,1828054.76,-11321.05,-0.08,0,0.0,0
201,10,50,20,66.67,1785919.27,-42135.49,-0.29,0,0.0,1
201,11,51,1,2.0,1778620.51,-7298.76,-0.05,17202.5,1.25,0
201,12,53,2,3.92,1728096.89,-50523.62,-0.34,0,0.0,0
202,1,7,0,0.0,1759414.95,-102275.24,-0.47,53898.94,1.32,0
202,2,8,1,14.29,1744126.76,-15288.19,-0.07,0,0.0,0
202,3,13,5,62.5,1735783.24,-8343.52,-0.04,0,0.0,1
202,4,15,2,15.38,1772177.24,36394.0,0.17,0,0.0,0
202,5,16,1,6.67,1763851.93,-8325.31,-0.04,0,0.0,0
202,6,17,1,6.25,1677834.21,-86017.72,-0.39,31658.99,0.77,0
202,7,18,1,5.88,1643072.55,-34761.66,-0.16,0,0.0,0
202,8,20,2,11.11,1582302.5,-60770.05,-0.28,26935.71,0.66,0
202,9,21,1,5.0,1538071.01,-44231.49,-0.2,54793.17,1.34,0
202,10,24,3,14.29,9180289.42,7642218.41,34.89,46047.05,1.13,1
202,11,25,1,4.17,9167588.27,-12701.14,-0.06,31345.74,0.77,0
202,12,27,2,8.0,9131908.51,-35679.77,-0.16,22466.33,0.55,0
203,1,19,1,5.56,560115.2,12917.31,0.22,0,0.0,0
203,2,20,1,5.26,528947.74,-31167.45,-0.53,19153.26,0.58,0
203,3,22,2,10.0,503979.45,-24968.3,-0.43,19943.63,0.61,0
203,4,24,2,9.09,496906.22,-7073.23,-0.12,34641.69,1.05,0
203,5,26,2,8.33,491079.07,-5827.15,-0.1,30070.46,0.91,0
203,6,29,3,11.54,500020.7,8941.63,0.15,0,0.0,0
203,7,30,1,3.45,507579.76,7559.07,0.13,41611.77,1.26,0
203,8,31,1,3.33,488701.56,-18878.2,-0.32,0,0.0,0
203,9,34,3,9.68,459678.03,-29023.54,-0.5,6966.86,0.21,0
203,10,38,4,11.76,458384.77,-1293.26,-0.02,28209.6,0.86,0
203,11,39,1,2.63,449507.42,-8877.34,-0.15,12260.56,0.37,0
203,12,43,4,10.26,448782.22,-725.2,-0.01,17123.79,0.52,0
204,1,14,1,7.69,2145892.07,-8725.52,-0.09,45101.24,1.45,0
204,2,16,2,14.29,2120410.62,-25481.44,-0.27,0,0.0,0
204,3,18,2,12.5,2117185.32,-3225.3,-0.03,26552.65,0.85,0
204,4,20,2,11.11,2128681.23,11495.91,0.12,21070.29,0.68,0
204,5,22,2,10.0,2122651.19,-6030.04,-0.06,21317.72,0.69,0
204,6,24,2,9.09,2112365.47,-10285.72,-0.11,32020.85,1.03,0
204,7,25,1,4.17,2104332.97,-8032.5,-0.08,0,0.0,0
204,8,28,3,12.0,2090228.92,-14104.05,-0.15,15394.81,0.5,0
204,9,31,3,10.71,9618793.24,7528564.32,78.37,0,0.0,1
204,10,34,3,9.68,9617579.06,-1214.18,-0.01,0,0.0,0
204,11,40,6,17.65,9631336.83,13757.77,0.14,25014.33,0.8,0
204,12,44,4,10.0,9626856.44,-4480.4,-0.05,20555.94,0.66,0
205,1,37,3,8.82,162046.97,-7500.05,-0.37,0,0.0,0
205,2,58,21,56.76,159851.54,-2195.44,-0.11,0,0.0,1
205,3,62,4,6.9,156161.99,-3689.54,-0.18,0,0.0,0
205,4,68,6,9.68,154925.61,-1236.38,-0.06,37039.64,0.87,0
205,5,75,7,10.29,150400.21,-4525.4,-0.23,63921.39,1.5,0
205,6,78,3,4.0,152011.04,1610.83,0.08,0,0.0,0
205,7,87,9,11.54,153215.14,1204.11,0.06,0,0.0,0
205,8,91,4,4.6,153177.69,-37.45,-0.0,10974.02,0.26,0
205,9,93,2,2.2,147141.7,-6035.99,-0.3,52874.53,1.24,0
205,10,105,12,12.9,142852.24,-4289.46,-0.21,0,0.0,0
205,11,110,5,4.76,147469.46,4617.21,0.23,48868.18,1.15,0
205,12,123,13,11.82,138311.4,-9158.05,-0.46,248376.8,5.82,1
206,1,34,1,3.03,2007763.65,-17016.91,-0.08,7422.58,0.4,0
206,2,35,1,2.94,1997385.58,-10378.07,-0.05,17934.84,0.97,0
206,3,36,1,2.86,1977398.11,-19987.47,-0.1,11561.63,0.63,0
206,4,37,1,2.78,1927263.15,-50134.96,-0.24,26528.12,1.44,0
206,5,37,0,0.0,1966692.03,39428.87,0.19,9054.33,0.49,0
206,6,38,1,2.7,1996087.3,29395.27,0.14,0,0.0,0
206,7,39,1,2.63,1984893.51,-11193.78,-0.05,13281.41,0.72,0
206,8,40,1,2.56,1954125.79,-30767.73,-0.15,0,0.0,0
206,9,41,1,2.5,1916870.92,-37254.87,-0.18,0,0.0,0
206,10,41,0,0.0,1881418.96,-35451.96,-0.17,27157.97,1.47,0
206,11,42,1,2.44,1852621.48,-28797.48,-0.14,27624.27,1.5,0
206,12,43,1,2.38,1834376.63,-18244.85,-0.09,9329.84,0.51,0
207,1,19,2,11.76,535243.7,-1194.86,-0.05,0,0.0,0
207,2,20,1,5.26,526616.63,-8627.07,-0.36,10247.3,0.58,0
207,3,23,3,15.0,521198.29,-5418.34,-0.23,0,0.0,0
207,4,26,3,13.04,515911.57,-5286.72,-0.22,5841.28,0.33,0
207,5,30,4,15.38,511759.01,-4152.56,-0.17,24771.9,1.4,0
207,6,34,4,13.33,509829.39,-1929.61,-0.08,9692.84,0.55,0
207,7,36,2,5.88,514341.47,4512.08,0.19,0,0.0,0
207,8,38,2,5.56,506975.02,-7366.45,-0.31,21400.95,1.21,0
207,9,62,24,63.16,505992.74,-982.28,-0.04,12594.02,0.71,1
207,10,66,4,6.45,498676.91,-7315.83,-0.31,25442.83,1.44,0
207,11,70,4,6.06,493942.29,-4734.62,-0.2,24954.77,1.41,0
207,12,79,9,12.86,492921.21,-1021.08,-0.04,14156.49,0.8,0
208,1,11,0,0.0,222544.71,-762.14,-0.03,0,0.0,0
208,2,11,0,0.0,218682.81,-3861.91,-0.16,0,0.0,0
208,3,11,0,0.0,219243.35,560.55,0.02,4080.21,0.45,0
208,4,11,0,0.0,206479.38,-12763.97,-0.53,4022.01,0.44,0
208,5,11,0,0.0,205754.86,-724.52,-0.03,0,0.0,0
208,6,11,0,0.0,5469631.15,5263876.29,216.73,5537.02,0.61,1
208,7,11,0,0.0,5464854.83,-4776.32,-0.2,11071.49,1.22,0
208,8,11,0,0.0,5460316.55,-4538.29,-0.19,0,0.0,0
208,9,11,0,0.0,5463864.95,3548.4,0.15,0,0.0,0
208,10,11,0,0.0,5463023.14,-841.81,-0.03,10925.62,1.2,0
208,11,11,0,0.0,5459030.26,-3992.88,-0.16,1850.07,0.2,0
208,12,11,0,0.0,5459315.18,284.92,0.01,5746.5,0.63,0
209,1,35,1,2.94,1213342.14,10806.07,0.12,6775.36,0.22,0
209,2,37,2,5.71,1237359.79,24017.65,0.26,0,0.0,0
209,3,38,1,2.7,1207319.42,-30040.37,-0.32,42481.28,1.4,0
209,4,40,2,5.26,1189179.03,-18140.39,-0.19,0,0.0,0
209,5,42,2,5.0,1183673.87,-5505.15,-0.06,21642.63,0.71,0
209,6,43,1,2.38,1167429.39,-16244.49,-0.17,0,0.0,0
209,7,44,1,2.33,1147091.79,-20337.6,-0.22,37755.37,1.24,0
209,8,46,2,4.55,1135315.46,-11776.33,-0.13,40329.73,1.33,0
209,9,49,3,6.52,1123017.76,-12297.7,-0.13,0,0.0,0
209,10,51,2,4.08,1105873.61,-17144.16,-0.18,27857.29,0.92,0
209,11,54,3,5.88,1092565.76,-13307.84,-0.14,34695.8,1.14,0
209,12,78,24,44.44,1103982.6,11416.84,0.12,19037.68,0.63,1
210,1,19,2,11.76,111348.45,310.31,0.07,0,0.0,0
210,2,22,3,15.79,111760.54,412.08,0.09,13589.05,0.36,0
210,3,27,5,22.73,112919.66,1159.12,0.25,473648.78,12.47,1
210,4,32,5,18.52,112287.5,-632.16,-0.14,0,0.0,0
210,5,36,4,12.5,110973.56,-1313.94,-0.28,32808.05,0.86,0
210,6,41,5,13.89,110015.27,-958.29,-0.21,12137.24,0.32,0
210,7,44,3,7.32,109946.66,-68.61,-0.01,8494.11,0.22,0
210,8,54,10,22.73,109413.69,-532.97,-0.12,10725.59,0.28,0
210,9,58,4,7.41,107349.51,-2064.18,-0.45,31224.03,0.82,0
210,10,71,13,22.41,107830.33,480.82,0.1,0,0.0,0
210,11,85,14,19.72,106410.55,-1419.78,-0.31,0,0.0,0
210,12,95,10,11.76,104722.48,-1688.07,-0.36,36538.67,0.96,0
211,1,8,2,33.33,2148165.56,-98555.65,-0.42,0,0.0,1
211,2,9,1,12.5,2070889.65,-77275.92,-0.33,0,0.0,0
211,3,11,2,22.22,1954093.75,-116795.9,-0.49,43536.98,0.93,0
211,4,12,1,9.09,1876200.97,-77892.77,-0.33,700342.98,14.96,1
211,5,14,2,16.67,1810168.78,-66032.2,-0.28,60203.76,1.29,0
211,6,16,2,14.29,9872205.46,8062036.68,34.14,0,0.0,1
211,7,17,1,6.25,9769358.03,-102847.43,-0.44,25085.74,0.54,0
211,8,19,2,11.76,9708088.59,-61269.44,-0.26,13892.92,0.3,0
211,9,22,3,15.79,9640599.08,-67489.5,-0.29,10748.13,0.23,0
211,10,27,5,22.73,9564833.92,-75765.16,-0.32,0,0.0,0
211,11,33,6,22.22,9508354.26,-56479.66,-0.24,15156.56,0.32,0
211,12,36,3,9.09,9416619.26,-91735.0,-0.39,22287.54,0.48,0
212,1,7,0,0.0,861798.07,-3920.87,-0.04,0,0.0,0
212,2,7,0,0.0,811713.6,-50084.48,-0.55,29980.13,1.06,0
212,3,7,0,0.0,793271.98,-18441.61,-0.2,0,0.0,0
212,4,7,0,0.0,762390.48,-30881.5,-0.34,19019.55,0.67,0
212,5,7,0,0.0,734545.73,-27844.75,-0.3,35010.76,1.23,0
212,6,7,0,0.0,700201.68,-34344.05,-0.38,37691.55,1.33,0
212,7,7,0,0.0,674668.72,-25532.96,-0.28,0,0.0,0
212,8,7,0,0.0,668546.51,-6122.21,-0.07,42232.63,1.49,0
212,9,7,0,0.0,664167.68,-4378.83,-0.05,0,0.0,0
212,10,7,0,0.0,634396.12,-29771.56,-0.33,13475.14,0.47,0
212,11,7,0,0.0,605574.13,-28821.99,-0.31,20622.16,0.73,0
212,12,7,0,0.0,618417.12,12842.99,0.14,37301.82,1.31,0
213,1,10,1,11.11,814722.35,12474.46,0.18,0,0.0,0
213,2,11,1,10.0,808377.36,-6344.99,-0.09,1475.99,0.71,0
213,3,13,2,18.18,801141.68,-7235.68,-0.11,979.53,0.47,0
213,4,14,1,7.69,799974.01,-1167.67,-0.02,1616.86,0.78,0
213,5,15,1,7.14,805035.22,5061.21,0.07,3043.38,1.47,0
213,6,16,1,6.67,801606.63,-3428.59,-0.05,0,0.0,0
213,7,19,3,18.75,782446.72,-19159.91,-0.28,2205.53,1.07,0
213,8,22,3,15.79,763865.92,-18580.79,-0.27,545.61,0.26,0
213,9,23,1,4.55,764355.85,489.93,0.01,0,0.0,0
213,10,24,1,4.35,758510.47,-5845.38,-0.09,2785.23,1.35,0
213,11,25,1,4.17,742869.75,-15640.71,-0.23,2527.97,1.22,0
213,12,28,3,12.0,739759.53,-3110.22,-0.05,0,0.0,0
214,1,32,2,6.67,2548742.04,-49608.99,-0.18,26439.08,0.55,0
214,2,33,1,3.12,2517989.59,-30752.46,-0.11,0,0.0,0
214,3,34,1,3.03,2461388.25,-56601.34,-0.21,69685.17,1.44,0
214,4,34,0,0.0,8444734.09,5983345.84,21.82,0,0.0,1
214,5,36,2,5.88,8444229.34,-504.75,-0.0,0,0.0,0
214,6,38,2,5.56,8368198.3,-76031.04,-0.28,69777.21,1.45,0
214,7,39,1,2.63,8347154.2,-21044.1,-0.08,9741.29,0.2,0
214,8,40,1,2.56,8273569.28,-73584.92,-0.27,0,0.0,0
214,9,41,1,2.5,8264743.45,-8825.83,-0.03,0,0.0,0
214,10,43,2,4.88,8279619.59,14876.14,0.05,33479.46,0.69,0
214,11,45,2,4.65,8311226.17,31606.58,0.12,0,0.0,0
214,12,46,1,2.22,8302029.87,-9196.3,-0.03,36672.16,0.76,0
215,1,37,0,0.0,265488.44,-9502.96,-0.43,2794.96,0.33,0
215,2,37,0,0.0,267610.88,2122.44,0.1,0,0.0,0
215,3,37,0,0.0,265112.77,-2498.11,-0.11,12011.58,1.4,0
215,4,37,0,0.0,259478.55,-5634.22,-0.25,10036.62,1.17,0
215,5,37,0,0.0,253479.01,-5999.54,-0.27,3577.38,0.42,0
215,6,37,0,0.0,248894.66,-4584.36,-0.21,12777.37,1.49,0
215,7,37,0,0.0,253424.26,4529.6,0.2,4271.84,0.5,0
215,8,37,0,0.0,242783.74,-10640.51,-0.48,0,0.0,0
215,9,37,0,0.0,243060.05,276.31,0.01,104006.45,12.13,1
215,10,37,0,0.0,239033.66,-4026.39,-0.18,10882.75,1.27,0
215,11,37,0,0.0,233493.22,-5540.45,-0.25,0,0.0,0
215,12,37,0,0.0,231780.74,-1712.47,-0.08,8612.16,1.0,0
216,1,4,0,0.0,2711151.36,-29960.3,-0.23,0,0.0,0
216,2,4,0,0.0,12942982.21,10231830.84,77.16,10945.96,0.34,1
216,3,4,0,0.0,12956221.54,13239.33,0.1,29582.13,0.92,0
216,4,4,0,0.0,12943248.23,-12973.3,-0.1,0,0.0,0
216,5,4,0,0.0,12934980.39,-8267.84,-0.06,48037.29,1.5,0
216,6,4,0,0.0,12895491.9,-39488.49,-0.3,31917.15,0.99,0
216,7,4,0,0.0,12873678.61,-21813.29,-0.16,204029.75,6.36,1
216,8,4,0,0.0,12897267.4,23588.79,0.18,22092.27,0.69,0
216,9,4,0,0.0,12885828.47,-11438.93,-0.09,35404.72,1.1,0
216,10,4,0,0.0,12837397.6,-48430.87,-0.37,0,0.0,0
216,11,4,0,0.0,12794425.44,-42972.16,-0.32,37203.19,1.16,0
216,12,4,0,0.0,12773655.83,-20769.61,-0.16,11696.63,0.36,0
217,1,5,0,0.0,1781885.15,-58473.97,-0.29,16677.57,1.23,0
217,2,5,0,0.0,1738633.25,-43251.9,-0.21,10176.94,0.75,0
217,3,5,0,0.0,1645049.25,-93584.0,-0.46,14757.11,1.09,0
217,4,6,1,20.0,1636093.45,-8955.8,-0.04,3201.11,0.24,0
217,5,7,1,16.67,1532876.69,-103216.76,-0.51,8416.63,0.62,0
217,6,8,1,14.29,6558957.27,5026080.58,24.92,19558.73,1.44,1
217,7,8,0,0.0,6554159.31,-4797.97,-0.02,16632.3,1.22,0
217,8,9,1,12.5,6516793.52,-37365.79,-0.19,0,0.0,0
217,9,10,1,11.11,6480127.27,-36666.25,-0.18,7840.0,0.58,0
217,10,11,1,10.0,6411817.12,-68310.14,-0.34,14523.96,1.07,0
217,11,12,1,9.09,6358306.87,-53510.26,-0.27,0,0.0,0
217,12,12,0,0.0,6377788.54,19481.68,0.1,0,0.0,0
218,1,4,0,0.0,1438807.86,5628.41,0.05,16882.75,0.69,0
218,2,4,0,0.0,1404919.59,-33888.27,-0.31,36350.12,1.49,0
218,3,4,0,0.0,1372445.23,-32474.36,-0.3,23206.35,0.95,0
218,4,4,0,0.0,1379006.34,6561.1,0.06,17804.14,0.73,0
218,5,4,0,0.0,1363326.77,-15679.57,-0.14,16163.56,0.66,0
218,6,4,0,0.0,1349747.1,-13579.67,-0.13,0,0.0,0
218,7,4,0,0.0,1351113.52,1366.42,0.01,30357.78,1.24,0
218,8,4,0,0.0,1365369.38,14255.86,0.13,33159.4,1.36,0
218,9,4,0,0.0,1372373.74,7004.36,0.06,0,0.0,0
218,10,4,0,0.0,1361846.89,-10526.86,-0.1,32849.7,1.34,0
218,11,4,0,0.0,1319529.68,-42317.2,-0.39,25458.71,1.04,0
218,12,4,0,0.0,1281793.68,-37736.0,-0.35,17592.95,0.72,0
219,1,23,3,15.0,1586090.93,-2993.32,-0.02,41218.8,1.21,0
219,2,24,1,4.35,1573202.98,-12887.95,-0.09,50235.75,1.48,0
219,3,26,2,8.33,1528031.5,-45171.48,-0.32,0,0.0,0
219,4,30,4,15.38,1480428.75,-47602.75,-0.34,36684.36,1.08,0
219,5,33,3,10.0,1483795.62,3366.87,0.02,0,0.0,0
219,6,39,6,18.18,1452698.24,-31097.38,-0.22,24985.68,0.73,0
219,7,42,3,7.69,1412816.1,-39882.14,-0.28,0,0.0,0
219,8,47,5,11.9,1405848.35,-6967.75,-0.05,0,0.0,0
219,9,51,4,8.51,1388727.03,-17121.32,-0.12,50239.8,1.48,0
219,10,55,4,7.84,1402716.68,13989.65,0.1,0,0.0,0
219,11,57,2,3.64,1420785.36,18068.68,0.13,0,0.0,0
219,12,59,2,3.51,1439112.04,18326.68,0.13,478976.82,14.08,1
220,1,16,1,6.67,2477524.1,-3091.73,-0.03,36585.29,1.34,0
220,2,17,1,6.25,2410838.98,-66685.11,-0.57,8691.12,0.32,0
220,3,20,3,17.65,2409944.59,-894.39,-0.01,0,0.0,0
220,4,25,5,25.0,2369531.73,-40412.85,-0.34,8174.54,0.3,0
220,5,27,2,8.0,2354273.8,-15257.93,-0.13,39530.15,1.45,0
220,6,34,7,25.93,2291055.51,-63218.29,-0.54,0,0.0,1
220,7,41,7,20.59,2285206.97,-5848.54,-0.05,37751.63,1.38,0
220,8,45,4,9.76,2225010.55,-60196.42,-0.51,17308.0,0.63,0
220,9,51,6,13.33,2194361.8,-30648.75,-0.26,5916.56,0.22,0
220,10,60,9,17.65,2160457.1,-33904.71,-0.29,31293.49,1.15,0
220,11,73,13,21.67,2126752.19,-33704.91,-0.29,0,0.0,0
220,12,90,17,23.29,2123111.16,-3641.03,-0.03,27058.27,0.99,0
221,1,24,0,0.0,220738.06,-199.82,-0.02,0,0.0,0
221,2,24,0,0.0,215561.63,-5176.43,-0.4,0,0.0,0
221,3,25,1,4.17,215863.15,301.52,0.02,3435.46,0.64,0
221,4,40,15,60.0,209103.63,-6759.52,-0.53,0,0.0,1
221,5,41,1,2.5,205759.78,-3343.85,-0.26,6329.42,1.17,0
221,6,42,1,2.44,203248.1,-2511.67,-0.2,4539.68,0.84,0
221,7,43,1,2.38,199420.94,-3827.16,-0.3,5953.87,1.1,0
221,8,43,0,0.0,193682.52,-5738.42,-0.45,1376.92,0.25,0
221,9,43,0,0.0,1878969.4,1685286.88,131.49,7294.61,1.35,1
221,10,43,0,0.0,1881849.44,2880.04,0.22,4281.53,0.79,0
221,11,44,1,2.33,1883548.97,1699.53,0.13,2616.44,0.48,0
221,12,45,1,2.27,1879075.15,-4473.82,-0.35,2369.17,0.44,0
222,1,38,0,0.0,1860091.15,-37724.8,-0.27,0,0.0,0
222,2,39,1,2.63,1867512.52,7421.37,0.05,51052.01,1.32,0
222,3,40,1,2.56,1861484.3,-6028.23,-0.04,18368.79,0.48,0
222,4,41,1,2.5,1869537.86,8053.57,0.06,26332.91,0.68,0
222,5,42,1,2.44,1796848.7,-72689.16,-0.52,57597.81,1.49,0
222,6,43,1,2.38,1757234.83,-39613.87,-0.28,54673.88,1.42,0
222,7,44,1,2.33,1746672.3,-10562.53,-0.08,0,0.0,0
222,8,45,1,2.27,1728469.13,-18203.17,-0.13,0,0.0,0
222,9,46,1,2.22,1698968.99,-29500.13,-0.21,0,0.0,0
222,10,47,1,2.17,1693158.25,-5810.74,-0.04,0,0.0,0
222,11,48,1,2.13,1669881.05,-23277.2,-0.17,0,0.0,0
222,12,67,19,39.58,1670305.23,424.19,0.0,0,0.0,1
223,1,43,4,10.26,2888415.71,30207.03,0.2,0,0.0,0
223,2,47,4,9.3,2828474.14,-59941.56,-0.4,0,0.0,0
223,3,49,2,4.26,2783253.09,-45221.05,-0.3,18015.61,1.01,0
223,4,50,1,2.04,2785789.28,2536.19,0.02,0,0.0,0
223,5,53,3,6.0,2733762.11,-52027.17,-0.35,0,0.0,0
223,6,55,2,3.77,2686384.41,-47377.71,-0.32,0,0.0,0
223,7,57,2,3.64,2682353.52,-4030.89,-0.03,0,0.0,0
223,8,62,5,8.77,2647301.75,-35051.76,-0.23,18829.06,1.05,0
223,9,66,4,6.45,2569698.89,-77602.87,-0.52,3642.72,0.2,0
223,10,69,3,4.55,15286926.41,12717227.53,85.01,0,0.0,1
223,11,73,4,5.8,15287689.06,762.65,0.01,0,0.0,0
223,12,79,6,8.22,15242492.99,-45196.07,-0.3,6974.87,0.39,0
224,1,19,0,0.0,1655240.82,-19070.33,-0.14,11830.92,0.64,0
224,2,19,0,0.0,1590070.04,-65170.79,-0.48,0,0.0,0
224,3,19,0,0.0,1540830.63,-49239.41,-0.36,0,0.0,0
224,4,19,0,0.0,1482977.21,-57853.42,-0.42,0,0.0,0
224,5,19,0,0.0,1425784.25,-57192.96,-0.42,19808.17,1.07,0
224,6,19,0,0.0,1389904.43,-35879.82,-0.26,27782.13,1.5,0
224,7,19,0,0.0,1408333.31,18428.88,0.13,5667.39,0.31,0
224,8,19,0,0.0,1377814.87,-30518.44,-0.22,0,0.0,0
224,9,19,0,0.0,1394556.53,16741.66,0.12,19339.68,1.04,0
224,10,19,0,0.0,1406255.11,11698.58,0.09,0,0.0,0
224,11,19,0,0.0,1397108.26,-9146.84,-0.07,202618.14,10.92,1
224,12,19,0,0.0,1385351.19,-11757.07,-0.09,7172.7,0.39,0
225,1,26,1,4.0,874136.44,-1274.22,-0.05,5806.67,0.23,0
225,2,27,1,3.85,873476.93,-659.51,-0.02,0,0.0,0
225,3,28,1,3.7,872736.45,-740.48,-0.03,28583.81,1.11,0
225,4,29,1,3.57,874919.66,2183.21,0.08,22710.46,0.88,0
225,5,30,1,3.45,868173.77,-6745.89,-0.24,12931.48,0.5,0
225,6,32,2,6.67,872350.96,4177.18,0.15,0,0.0,0
225,7,33,1,3.12,860984.0,-11366.96,-0.41,133912.03,5.2,1
225,8,34,1,3.03,856440.88,-4543.12,-0.16,0,0.0,0
225,9,36,2,5.88,852067.56,-4373.32,-0.16,0,0.0,0
225,10,36,0,0.0,839823.61,-12243.96,-0.44,22352.39,0.87,0
225,11,37,1,2.78,830661.27,-9162.34,-0.33,16712.56,0.65,0
225,12,38,1,2.7,827334.02,-3327.24,-0.12,0,0.0,0
226,1,21,1,5.0,9614025.18,7815987.86,45.59,0,0.0,1
226,2,22,1,4.76,9561915.64,-52109.54,-0.3,0,0.0,0
226,3,23,1,4.55,9535254.76,-26660.89,-0.16,0,0.0,0
226,4,23,0,0.0,9528629.94,-6624.81,-0.04,0,0.0,0
226,5,25,2,8.7,9488100.03,-40529.91,-0.24,51755.87,5.13,1
226,6,26,1,4.0,9431571.83,-56528.2,-0.33,9188.16,0.91,0
226,7,28,2,7.69,9389258.1,-42313.72,-0.25,0,0.0,0
226,8,29,1,3.57,9334827.41,-54430.7,-0.32,0,0.0,0
226,9,30,1,3.45,9317529.33,-17298.08,-0.1,10965.57,1.09,0
226,10,31,1,3.33,9270047.83,-47481.49,-0.28,0,0.0,0
226,11,33,2,6.45,9183859.28,-86188.55,-0.5,11459.8,1.13,0
226,12,34,1,3.03,9139732.6,-44126.68,-0.26,11209.46,1.11,0
227,1,32,5,18.52,1453789.36,-60780.63,-0.36,10938.59,0.41,0
227,2,39,7,21.88,1432862.12,-20927.24,-0.12,17082.32,0.64,0
227,3,47,8,20.51,1431824.64,-1037.48,-0.01,10628.44,0.4,0
227,4,49,2,4.26,1389923.24,-41901.4,-0.25,25313.15,0.94,0
227,5,54,5,10.2,1359028.05,-30895.18,-0.18,6753.34,0.25,0
227,6,62,8,14.81,1372292.24,13264.19,0.08,26652.88,0.99,0
227,7,68,6,9.68,1383541.56,11249.31,0.07,36548.57,1.36,0
227,8,71,3,4.41,1375449.1,-8092.46,-0.05,0,0.0,0
227,9,83,12,16.9,1361028.36,-14420.74,-0.09,0,0.0,0
227,10,95,12,14.46,1351402.67,-9625.69,-0.06,9917.32,0.37,0
227,11,114,19,20.0,1296698.69,-54703.99,-0.33,258943.08,9.63,1
227,12,131,17,14.91,1298415.43,1716.74,0.01,24442.23,0.91,0
228,1,36,5,16.13,2281874.86,15910.41,0.21,0,0.0,0
228,2,41,5,13.89,2278790.45,-3084.41,-0.04,0,0.0,0
228,3,49,8,19.51,2274821.98,-3968.47,-0.05,0,0.0,0
228,4,56,7,14.29,2254359.35,-20462.63,-0.27,25655.83,0.77,0
228,5,64,8,14.29,2245923.32,-8436.03,-0.11,29117.65,0.87,0
228,6,69,5,7.81,2267138.96,21215.64,0.28,0,0.0,0
228,7,76,7,10.14,2259818.45,-7320.51,-0.1,33858.58,1.01,0
228,8,83,7,9.21,2238605.0,-21213.45,-0.28,45572.19,1.36,0
228,9,93,10,12.05,2249510.09,10905.09,0.14,0,0.0,0
228,10,110,17,18.28,2254956.06,5445.97,0.07,18838.12,0.56,0
228,11,127,17,15.45,2258880.92,3924.86,0.05,17604.19,0.53,0
228,12,156,29,22.83,2240749.69,-18131.23,-0.24,22029.2,0.66,0
229,1,21,1,5.0,781594.64,4051.5,0.05,18760.33,0.54,0
229,2,22,1,4.76,798082.36,16487.72,0.18,0,0.0,0
229,3,23,1,4.55,815609.86,17527.5,0.19,0,0.0,0
229,4,36,13,56.52,834994.23,19384.37,0.22,0,0.0,1
229,5,37,1,2.78,835890.64,896.41,0.01,0,0.0,0
229,6,38,1,2.7,791553.32,-44337.32,-0.49,0,0.0,0
229,7,38,0,0.0,792238.07,684.75,0.01,36186.53,1.04,0
229,8,39,1,2.63,783092.99,-9145.09,-0.1,7669.24,0.22,0
229,9,40,1,2.56,762576.88,-20516.11,-0.23,0,0.0,0
229,10,41,1,2.5,730729.45,-31847.44,-0.35,37526.25,1.08,0
229,11,42,1,2.44,705367.67,-25361.78,-0.28,28737.89,0.83,0
229,12,43,1,2.38,670732.61,-34635.06,-0.39,0,0.0,0
230,1,40,1,2.56,2383105.94,-7575.97,-0.08,25320.51,1.3,0
230,2,41,1,2.5,2360420.69,-22685.26,-0.25,0,0.0,0
230,3,42,1,2.44,2376083.86,15663.17,0.17,0,0.0,0
230,4,73,31,73.81,2383122.8,7038.94,0.08,0,0.0,1
230,5,77,4,5.48,2353894.13,-29228.68,-0.32,19491.2,1.0,0
230,6,81,4,5.19,11415932.86,9062038.73,100.44,22449.03,1.15,1
230,7,82,1,1.23,11409647.14,-6285.71,-0.07,25290.79,1.3,0
230,8,85,3,3.66,11417668.3,8021.16,0.09,7362.62,0.38,0
230,9,87,2,2.35,11406912.6,-10755.7,-0.12,5374.9,0.28,0
230,10,89,2,2.3,11405458.78,-1453.82,-0.02,0,0.0,0
230,11,92,3,3.37,11396584.16,-8874.62,-0.1,16375.74,0.84,0
230,12,95,3,3.26,11367018.9,-29565.25,-0.33,0,0.0,0
231,1,42,6,16.67,2217276.72,5257.7,0.03,7334.97,0.38,0
231,2,48,6,14.29,2250972.99,33696.27,0.22,0,0.0,0
231,3,52,4,8.33,2199224.63,-51748.36,-0.34,28136.36,1.45,0
231,4,54,2,3.85,2182000.54,-17224.09,-0.11,0,0.0,0
231,5,61,7,12.96,2213057.97,31057.43,0.21,12490.3,0.64,0
231,6,63,2,3.28,2160255.98,-52801.99,-0.35,8499.16,0.44,0
231,7,66,3,4.76,2101791.02,-58464.96,-0.39,13581.49,0.7,0
231,8,73,7,10.61,2117022.86,15231.84,0.1,25401.43,1.31,0
231,9,85,12,16.44,10451764.65,8334741.78,55.43,27908.61,1.43,1
231,10,145,60,70.59,10432563.84,-19200.81,-0.13,16926.73,0.87,1
231,11,163,18,12.41,10392915.44,-39648.4,-0.26,28142.19,1.45,0
231,12,179,16,9.82,10412995.74,20080.3,0.13,24541.74,1.26,0
232,1,10,0,0.0,233472.71,-2128.27,-0.19,8151.58,0.92,0
232,2,10,0,0.0,230751.81,-2720.9,-0.24,9921.51,1.12,0
232,3,10,0,0.0,228672.59,-2079.22,-0.18,7130.78,0.8,0
232,4,10,0,0.0,229372.07,699.48,0.06,3339.95,0.38,0
232,5,10,0,0.0,230192.6,820.53,0.07,2815.82,0.32,0
232,6,10,0,0.0,229408.4,-784.21,-0.07,9362.12,1.05,0
232,7,10,0,0.0,4874070.81,4644662.41,410.57,0,0.0,1
232,8,10,0,0.0,4874664.62,593.81,0.05,4255.97,0.48,0
232,9,10,0,0.0,4875475.62,811.0,0.07,8495.46,0.96,0
232,10,10,0,0.0,4877819.87,2344.26,0.21,3565.2,0.4,0
232,11,10,0,0.0,4879733.77,1913.9,0.17,3749.8,0.42,0
232,12,10,0,0.0,4878407.56,-1326.21,-0.12,0,0.0,0
233,1,6,0,0.0,756697.97,9695.38,0.16,15248.46,1.14,0
233,2,7,1,16.67,755187.78,-1510.18,-0.03,9491.81,0.71,0
233,3,7,0,0.0,735975.55,-19212.23,-0.32,0,0.0,0
233,4,8,1,14.29,740569.08,4593.53,0.08,0,0.0,0
233,5,8,0,0.0,740877.7,308.62,0.01,0,0.0,0
233,6,9,1,12.5,715496.31,-25381.39,-0.43,5482.99,0.41,0
233,7,10,1,11.11,709256.17,-6240.14,-0.1,0,0.0,0
233,8,12,2,20.0,713635.49,4379.32,0.07,0,0.0,0
233,9,14,2,16.67,683245.05,-30390.44,-0.51,0,0.0,0
233,10,15,1,7.14,4904643.83,4221398.78,71.03,0,0.0,1
233,11,16,1,6.67,4886248.29,-18395.54,-0.31,0,0.0,0
233,12,17,1,6.25,4879066.49,-7181.8,-0.12,15876.89,1.19,0
234,1,37,4,12.12,2786291.64,-35902.68,-0.12,37694.38,1.4,0
234,2,42,5,13.51,2769317.23,-16974.41,-0.05,0,0.0,0
234,3,43,1,2.38,2589077.84,-180239.38,-0.58,18938.89,0.7,0
234,4,45,2,4.65,2517490.9,-71586.94,-0.23,21468.88,0.8,0
234,5,48,3,6.67,2472402.21,-45088.68,-0.15,0,0.0,0
234,6,53,5,10.42,2542588.91,70186.7,0.23,0,0.0,0
234,7,59,6,11.32,2391905.15,-150683.76,-0.49,0,0.0,0
234,8,66,7,11.86,2421303.41,29398.26,0.1,15069.74,0.56,0
234,9,75,9,13.64,2431518.57,10215.16,0.03,0,0.0,0
234,10,86,11,14.67,2336035.87,-95482.7,-0.31,29389.86,1.09,0
234,11,94,8,9.3,2354068.41,18032.54,0.06,27519.99,1.02,0
234,12,105,11,11.7,10383591.49,8029523.08,25.95,0,0.0,1
235,1,33,2,6.45,2244644.17,-25702.4,-0.27,0,0.0,0
235,2,36,3,9.09,2225993.68,-18650.49,-0.19,7602.24,1.01,0
235,3,63,27,75.0,2186346.99,-39646.69,-0.41,4806.66,0.64,1
235,4,67,4,6.35,2181324.62,-5022.37,-0.05,0,0.0,0
235,5,73,6,8.96,2195518.71,14194.09,0.15,0,0.0,0
235,6,76,3,4.11,2170048.58,-25470.13,-0.26,0,0.0,0
235,7,82,6,7.89,2175502.07,5453.49,0.06,1591.15,0.21,0
235,8,88,6,7.32,2197820.68,22318.61,0.23,2766.15,0.37,0
235,9,96,8,9.09,2179985.4,-17835.28,-0.18,10975.62,1.46,0
235,10,104,8,8.33,2198677.54,18692.15,0.19,91564.38,12.16,1
235,11,112,8,7.69,2209968.62,11291.08,0.12,0,0.0,0
235,12,120,8,7.14,2169985.56,-39983.06,-0.41,1672.83,0.22,0
236,1,8,0,0.0,1361223.62,-27292.65,-0.46,63790.39,5.72,1
236,2,8,0,0.0,1362375.71,1152.08,0.02,11139.87,1.0,0
236,3,8,0,0.0,1360451.13,-1924.58,-0.03,11214.9,1.01,0
236,4,8,0,0.0,1367970.8,7519.66,0.13,10799.94,0.97,0
236,5,8,0,0.0,1339524.46,-28446.33,-0.48,15939.0,1.43,0
236,6,8,0,0.0,1314496.5,-25027.96,-0.42,14973.59,1.34,0
236,7,8,0,0.0,1286187.88,-28308.62,-0.48,0,0.0,0
236,8,8,0,0.0,1275651.68,-10536.2,-0.18,15358.06,1.38,0
236,9,8,0,0.0,1262280.96,-13370.72,-0.23,8368.86,0.75,0
236,10,8,0,0.0,1260089.51,-2191.45,-0.04,13520.27,1.21,0
236,11,8,0,0.0,1236639.3,-23450.21,-0.39,0,0.0,0
236,12,8,0,0.0,1246500.03,9860.73,0.17,0,0.0,0
237,1,32,1,3.23,366949.07,-9203.62,-0.31,15974.0,0.41,0
237,2,34,2,6.25,362902.82,-4046.24,-0.13,0,0.0,0
237,3,37,3,8.82,361839.13,-1063.69,-0.04,44202.09,1.14,0
237,4,41,4,10.81,360839.85,-999.28,-0.03,9931.71,0.26,0
237,5,43,2,4.88,352975.36,-7864.49,-0.26,11816.74,0.3,0
237,6,44,1,2.33,355701.82,2726.46,0.09,21725.35,0.56,0
237,7,46,2,4.55,359626.77,3924.95,0.13,0,0.0,0
237,8,47,1,2.17,359923.74,296.96,0.01,34504.46,0.89,0
237,9,49,2,4.26,355147.2,-4776.54,-0.16,9285.78,0.24,0
237,10,50,1,2.04,346821.85,-8325.35,-0.28,0,0.0,0
237,11,55,5,10.0,338977.74,-7844.1,-0.26,0,0.0,0
237,12,61,6,10.91,3261011.5,2922033.76,97.17,49433.68,1.27,1
238,1,7,0,0.0,236459.76,-2560.17,-0.21,0,0.0,0
238,2,7,0,0.0,234331.97,-2127.79,-0.17,4559.2,0.53,0
238,3,7,0,0.0,233015.05,-1316.92,-0.11,12295.06,1.42,0
238,4,7,0,0.0,231219.27,-1795.78,-0.15,0,0.0,0
238,5,7,0,0.0,230399.15,-820.12,-0.07,12923.75,1.5,0
238,6,7,0,0.0,232563.39,2164.24,0.18,0,0.0,0
238,7,7,0,0.0,4869801.64,4637238.25,375.63,0,0.0,1
238,8,8,1,14.29,4866777.76,-3023.88,-0.24,0,0.0,0
238,9,9,1,12.5,4867327.71,549.95,0.04,9417.84,1.09,0
238,10,10,1,11.11,4864469.72,-2857.99,-0.23,6339.16,0.73,0
238,11,10,0,0.0,4861547.3,-2922.42,-0.24,2278.13,0.26,0
238,12,11,1,10.0,4859569.19,-1978.1,-0.16,5344.99,0.62,0
239,1,13,0,0.0,2021797.5,-60410.84,-0.38,0,0.0,0
239,2,13,0,0.0,1994346.49,-27451.0,-0.17,0,0.0,0
239,3,13,0,0.0,1970513.74,-23832.75,-0.15,12324.85,0.41,0
239,4,14,1,7.69,1889782.67,-80731.07,-0.51,0,0.0,0
239,5,14,0,0.0,1872420.73,-17361.93,-0.11,436700.61,14.38,1
239,6,15,1,7.14,1815778.0,-56642.73,-0.36,0,0.0,0
239,7,16,1,6.67,1775022.65,-40755.35,-0.26,0,0.0,0
239,8,16,0,0.0,1747748.91,-27273.74,-0.17,0,0.0,0
239,9,17,1,6.25,1739872.42,-7876.5,-0.05,0,0.0,0
239,10,18,1,5.88,1749513.14,9640.73,0.06,0,0.0,0
239,11,19,1,5.56,1735838.68,-13674.46,-0.09,0,0.0,0
239,12,19,0,0.0,1666809.24,-69029.44,-0.43,40819.98,1.34,0
240,1,33,9,37.5,2208200.85,-17263.58,-0.15,63702.54,1.3,1
240,2,37,4,12.12,2203217.0,-4983.85,-0.04,15685.27,0.32,0
240,3,40,3,8.11,2178129.27,-25087.73,-0.22,0,0.0,0
240,4,44,4,10.0,2153012.69,-25116.57,-0.22,36908.23,0.75,0
240,5,49,5,11.36,2105897.07,-47115.62,-0.42,70138.88,1.43,0
240,6,54,5,10.2,2101146.84,-4750.23,-0.04,12593.03,0.26,0
240,7,57,3,5.56,2107186.34,6039.5,0.05,0,0.0,0
240,8,63,6,10.53,2092427.23,-14759.11,-0.13,67346.21,1.37,0
240,9,69,6,9.52,2066883.82,-25543.41,-0.23,0,0.0,0
240,10,76,7,10.14,2060731.03,-6152.79,-0.05,16676.52,0.34,0
240,11,86,10,13.16,2032016.64,-28714.39,-0.25,0,0.0,0
240,12,94,8,9.3,1990588.39,-41428.25,-0.37,0,0.0,0
241,1,29,1,3.57,887937.65,2969.69,0.04,30130.26,1.48,0
241,2,31,2,6.9,876655.9,-11281.74,-0.15,18487.54,0.91,0
241,3,33,2,6.45,863263.41,-13392.49,-0.18,0,0.0,0
241,4,35,2,6.06,852313.17,-10950.24,-0.15,20384.45,1.0,0
241,5,41,6,17.14,834683.83,-17629.34,-0.23,30378.96,1.49,0
241,6,47,6,14.63,819080.47,-15603.36,-0.21,20627.57,1.01,0
241,7,49,2,4.26,808876.88,-10203.59,-0.14,0,0.0,0
241,8,55,6,12.24,5367184.1,4558307.22,60.68,251366.98,12.31,1
241,9,62,7,12.73,5352761.1,-14423.0,-0.19,0,0.0,0
241,10,70,8,12.9,5335381.58,-17379.52,-0.23,0,0.0,0
241,11,81,11,15.71,5303715.53,-31666.05,-0.42,10839.8,0.53,0
241,12,90,9,11.11,5282247.6,-21467.93,-0.29,0,0.0,0
242,1,4,1,33.33,1064074.38,-48858.37,-0.38,49379.02,1.3,1
242,2,5,1,25.0,1039732.65,-24341.73,-0.19,0,0.0,0
242,3,5,0,0.0,1011035.43,-28697.22,-0.22,35939.41,0.95,0
242,4,6,1,20.0,959952.65,-51082.77,-0.4,0,0.0,0
242,5,6,0,0.0,916945.25,-43007.41,-0.33,21024.68,0.55,0
242,6,7,1,16.67,874029.83,-42915.41,-0.33,18799.13,0.49,0
242,7,8,1,14.29,839743.93,-34285.91,-0.27,20704.76,0.54,0
242,8,9,1,12.5,824841.66,-14902.26,-0.12,0,0.0,0
242,9,11,2,22.22,800597.52,-24244.14,-0.19,23007.66,0.61,0
242,10,13,2,18.18,775816.32,-24781.19,-0.19,0,0.0,0
242,11,14,1,7.69,737406.55,-38409.78,-0.3,0,0.0,0
242,12,15,1,7.14,712627.46,-24779.09,-0.19,16530.67,0.43,0
243,1,37,5,15.62,764749.09,-12120.59,-0.14,27196.54,0.61,0
243,2,42,5,13.51,773959.24,9210.15,0.1,24032.01,0.54,0
243,3,47,5,11.9,741636.2,-32323.04,-0.37,43444.12,0.97,0
243,4,55,8,17.02,732477.66,-9158.55,-0.1,42645.27,0.95,0
243,5,60,5,9.09,714487.16,-17990.5,-0.2,59188.53,1.32,0
243,6,73,13,21.67,709861.4,-4625.76,-0.05,37832.47,0.85,0
243,7,77,4,5.48,717779.99,7918.59,0.09,54850.82,1.23,0
243,8,85,8,10.39,705966.11,-11813.89,-0.13,0,0.0,0
243,9,95,10,11.76,707532.21,1566.11,0.02,0,0.0,0
243,10,105,10,10.53,696164.19,-11368.02,-0.13,562685.65,12.59,1
243,11,127,22,20.95,675171.58,-20992.61,-0.24,0,0.0,0
243,12,142,15,11.81,661856.72,-13314.86,-0.15,0,0.0,0
244,1,15,2,15.38,1030916.08,-11780.56,-0.2,8576.4,1.19,0
244,2,17,2,13.33,1036221.78,5305.7,0.09,0,0.0,0
244,3,18,1,5.88,1021077.52,-15144.26,-0.26,1700.47,0.24,0
244,4,19,1,5.56,994617.53,-26459.99,-0.45,9968.67,1.38,0
244,5,22,3,15.79,1000877.88,6260.35,0.11,0,0.0,0
244,6,25,3,13.64,1018067.12,17189.24,0.29,0,0.0,0
244,7,28,3,12.0,995788.91,-22278.21,-0.38,0,0.0,0
244,8,31,3,10.71,985491.65,-10297.26,-0.18,2181.63,0.3,0
244,9,35,4,12.9,991210.51,5718.86,0.1,0,0.0,0
244,10,41,6,17.14,1000336.42,9125.9,0.16,8166.64,1.13,0
244,11,73,32,78.05,998638.36,-1698.06,-0.03,2819.72,0.39,1
244,12,77,4,5.48,986998.64,-11639.72,-0.2,8327.12,1.16,0
245,1,35,3,9.38,1298733.1,-20013.87,-0.16,0,0.0,0
245,2,37,2,5.71,1272646.5,-26086.59,-0.21,45751.21,1.24,0
245,3,40,3,8.11,1263064.82,-9581.68,-0.08,0,0.0,0
245,4,41,1,2.5,1264571.53,1506.71,0.01,43001.19,1.16,0
245,5,44,3,7.32,1288046.8,23475.27,0.19,205044.71,5.54,1
245,6,45,1,2.27,1272578.26,-15468.54,-0.13,33256.75,0.9,0
245,7,48,3,6.67,1268787.57,-3790.7,-0.03,0,0.0,0
245,8,51,3,6.25,1282396.14,13608.57,0.11,0,0.0,0
245,9,53,2,3.92,1238071.83,-44324.31,-0.36,0,0.0,0
245,10,56,3,5.66,1215496.57,-22575.26,-0.18,47468.54,1.28,0
245,11,59,3,5.36,1192847.0,-22649.57,-0.19,0,0.0,0
245,12,61,2,3.39,1142632.44,-50214.56,-0.41,0,0.0,0
246,1,7,1,16.67,1198455.28,6731.91,0.11,0,0.0,0
246,2,7,0,0.0,1185542.69,-12912.59,-0.21,5590.74,1.4,0
246,3,8,1,14.29,1190250.91,4708.22,0.08,5339.75,1.33,0
246,4,9,1,12.5,1180722.6,-9528.32,-0.15,3011.22,0.75,0
246,5,10,1,11.11,1170619.64,-10102.96,-0.16,0,0.0,0
246,6,11,1,10.0,1164990.23,-5629.41,-0.09,5063.32,1.27,0
246,7,13,2,18.18,1162138.06,-2852.17,-0.05,0,0.0,0
246,8,14,1,7.69,1171428.67,9290.61,0.15,0,0.0,0
246,9,16,2,14.29,1169235.65,-2193.02,-0.04,4148.76,1.04,0
246,10,17,1,6.25,1149579.78,-19655.87,-0.32,2129.29,0.53,0
246,11,19,2,11.76,1133656.97,-15922.81,-0.26,5941.05,1.48,0
246,12,21,2,10.53,1123343.41,-10313.56,-0.17,49652.07,12.41,1
247,1,41,1,2.5,2993353.16,13390.53,0.08,0,0.0,0
247,2,41,0,0.0,2964621.32,-28731.84,-0.17,185867.08,6.24,1
247,3,41,0,0.0,2918296.81,-46324.52,-0.27,15180.89,0.51,0
247,4,42,1,2.44,2888826.16,-29470.65,-0.17,0,0.0,0
247,5,42,0,0.0,2792754.6,-96071.55,-0.55,40086.48,1.35,0
247,6,42,0,0.0,2712731.4,-80023.2,-0.46,0,0.0,0
247,7,73,31,73.81,2711634.44,-1096.96,-0.01,7690.01,0.26,1
247,8,73,0,0.0,2680753.55,-30880.89,-0.18,8396.51,0.28,0
247,9,74,1,1.37,2659711.65,-21041.91,-0.12,7109.98,0.24,0
247,10,75,1,1.35,2616500.52,-43211.13,-0.25,0,0.0,0
247,11,76,1,1.33,2635395.87,18895.35,0.11,37618.99,1.26,0
247,12,76,0,0.0,2627521.94,-7873.92,-0.05,34005.9,1.14,0
248,1,38,1,2.7,1000494.97,8487.11,0.16,0,0.0,0
248,2,39,1,2.63,975161.64,-25333.33,-0.49,0,0.0,0
248,3,41,2,5.13,965337.68,-9823.96,-0.19,59699.18,1.26,0
248,4,42,1,2.44,948217.22,-17120.47,-0.33,60727.02,1.28,0
248,5,43,1,2.38,960228.49,12011.27,0.23,414267.35,8.76,1
248,6,46,3,6.98,954429.92,-5798.57,-0.11,65084.88,1.38,0
248,7,48,2,4.35,935796.62,-18633.3,-0.36,0,0.0,0
248,8,51,3,6.25,929037.72,-6758.89,-0.13,0,0.0,0
248,9,52,1,1.96,4917704.9,3988667.17,77.39,0,0.0,1
248,10,56,4,7.69,4901571.59,-16133.3,-0.31,47270.6,1.0,0
248,11,58,2,3.57,4901725.7,154.11,0.0,21891.9,0.46,0
248,12,61,3,5.17,4886196.85,-15528.86,-0.3,34367.19,0.73,0
249,1,28,2,7.69,2358438.82,-7050.52,-0.04,27045.08,0.97,0
249,2,29,1,3.57,2357660.15,-778.67,-0.0,19267.44,0.69,0
249,3,32,3,10.34,2341059.01,-16601.14,-0.09,21247.47,0.76,0
249,4,36,4,12.5,2361651.55,20592.54,0.11,0,0.0,0
249,5,39,3,8.33,2312228.09,-49423.46,-0.27,16569.9,0.59,0
249,6,40,1,2.56,2298103.51,-14124.58,-0.08,0,0.0,0
249,7,44,4,10.0,2278110.36,-19993.16,-0.11,0,0.0,0
249,8,47,3,6.82,2216984.86,-61125.5,-0.33,23245.16,0.83,0
249,9,50,3,6.38,12070594.4,9853609.54,53.74,12292.98,0.44,1
249,10,52,2,4.0,12025122.47,-45471.93,-0.25,0,0.0,0
249,11,54,2,3.85,11944597.3,-80525.17,-0.44,10583.36,0.38,0
249,12,57,3,5.56,11878604.21,-65993.1,-0.36,24173.11,0.87,0
250,1,6,0,0.0,2466950.37,24020.22,0.09,0,0.0,0
250,2,6,0,0.0,2511252.76,44302.4,0.17,0,0.0,0
250,3,6,0,0.0,2492855.5,-18397.27,-0.07,52931.85,1.15,0
250,4,6,0,0.0,2393887.7,-98967.8,-0.37,0,0.0,0
250,5,6,0,0.0,2418350.38,24462.68,0.09,17274.69,0.38,0
250,6,7,1,16.67,2408720.71,-9629.67,-0.04,42542.47,0.93,0
250,7,7,0,0.0,2367460.19,-41260.52,-0.15,14470.48,0.32,0
250,8,7,0,0.0,2353016.29,-14443.9,-0.05,50221.98,1.1,0
250,9,8,1,14.29,8074697.71,5721681.42,21.42,64829.97,1.41,1
250,10,9,1,12.5,8087563.71,12866.0,0.05,12680.07,0.28,0
250,11,9,0,0.0,8034678.38,-52885.33,-0.2,0,0.0,0
250,12,9,0,0.0,7953815.97,-80862.41,-0.3,0,0.0,0
251,1,33,2,6.45,358182.96,-13978.58,-0.36,0,0.0,0
251,2,38,5,15.15,363512.22,5329.26,0.14,8455.05,1.38,0
251,3,45,7,18.42,354883.84,-8628.37,-0.22,3718.23,0.61,0
251,4,53,8,17.78,357146.53,2262.68,0.06,0,0.0,0
251,5,63,10,18.87,353129.2,-4017.32,-0.1,2929.12,0.48,0
251,6,76,13,20.63,342895.73,-10233.47,-0.27,4994.26,0.81,0
251,7,81,5,6.58,349939.6,7043.87,0.18,0,0.0,0
251,8,141,60,74.07,345006.46,-4933.13,-0.13,3707.03,0.6,1
251,9,161,20,14.18,329542.67,-15463.79,-0.4,0,0.0,0
251,10,168,7,4.35,325871.27,-3671.4,-0.1,76836.21,12.52,1
251,11,195,27,16.07,315389.98,-10481.29,-0.27,8346.17,1.36,0
251,12,211,16,8.21,312485.0,-2904.99,-0.08,3269.71,0.53,0
252,1,18,1,5.88,2770190.17,10921.25,0.06,4434.72,0.9,0
252,2,19,1,5.56,2747920.79,-22269.38,-0.12,0,0.0,0
252,3,20,1,5.26,2734363.6,-13557.19,-0.07,0,0.0,0
252,4,21,1,5.0,2742120.36,7756.76,0.04,1318.83,0.27,0
252,5,23,2,9.52,2738680.8,-3439.56,-0.02,3842.25,0.78,0
252,6,24,1,4.35,2636755.48,-101925.31,-0.54,4578.95,0.93,0
252,7,26,2,8.33,2597669.8,-39085.68,-0.21,0,0.0,0
252,8,28,2,7.69,2587422.58,-10247.22,-0.05,0,0.0,0
252,9,29,1,3.57,2478395.12,-109027.46,-0.58,2469.27,0.5,0
252,10,31,2,6.9,2499612.17,21217.06,0.11,3452.91,0.7,0
252,11,33,2,6.45,2515792.02,16179.85,0.09,0,0.0,0
252,12,35,2,6.06,2490881.98,-24910.05,-0.13,0,0.0,0
253,1,14,1,7.69,120877.19,687.82,0.06,0,0.0,0
253,2,14,0,0.0,122094.23,1217.04,0.11,0,0.0,0
253,3,19,5,35.71,121255.09,-839.15,-0.07,0,0.0,1
253,4,19,0,0.0,119264.95,-1990.14,-0.18,0,0.0,0
253,5,20,1,5.26,120565.3,1300.35,0.11,0,0.0,0
253,6,21,1,5.0,119634.02,-931.28,-0.08,0,0.0,0
253,7,21,0,0.0,119651.07,17.05,0.0,0,0.0,0
253,8,21,0,0.0,119025.75,-625.32,-0.06,19279.69,0.97,0
253,9,21,0,0.0,115385.99,-3639.76,-0.32,0,0.0,0
253,10,22,1,4.76,115274.14,-111.84,-0.01,0,0.0,0
253,11,22,0,0.0,117275.58,2001.44,0.18,0,0.0,0
253,12,22,0,0.0,113451.94,-3823.64,-0.34,27063.12,1.37,0
254,1,9,0,0.0,1047440.97,-29777.96,-0.24,0,0.0,0
254,2,9,0,0.0,1052196.82,4755.84,0.04,28699.93,0.65,0
254,3,9,0,0.0,1049762.06,-2434.75,-0.02,11455.23,0.26,0
254,4,9,0,0.0,1007077.63,-42684.44,-0.35,62825.08,1.42,0
254,5,9,0,0.0,955462.77,-51614.86,-0.42,0,0.0,0
254,6,9,0,0.0,960918.43,5455.66,0.04,34045.73,0.77,0
254,7,9,0,0.0,940089.87,-20828.55,-0.17,0,0.0,0
254,8,9,0,0.0,952051.52,11961.65,0.1,0,0.0,0
254,9,13,4,44.44,897538.15,-54513.37,-0.44,48951.36,1.11,1
254,10,13,0,0.0,924985.25,27447.1,0.22,35150.43,0.8,0
254,11,13,0,0.0,936024.49,11039.24,0.09,18055.41,0.41,0
254,12,13,0,0.0,887749.2,-48275.29,-0.39,0,0.0,0
255,1,23,1,4.55,2726743.17,25153.53,0.2,0,0.0,0
255,2,23,0,0.0,2659104.78,-67638.39,-0.54,7641.57,1.08,0
255,3,24,1,4.35,2595888.8,-63215.98,-0.5,9819.72,1.39,0
255,4,25,1,4.17,2578404.12,-17484.68,-0.14,98590.41,13.93,1
255,5,25,0,0.0,2566879.15,-11524.97,-0.09,9948.46,1.41,0
255,6,26,1,4.0,2536220.25,-30658.9,-0.24,0,0.0,0
255,7,27,1,3.85,2508404.11,-27816.14,-0.22,10449.89,1.48,0
255,8,28,1,3.7,2493863.6,-14540.51,-0.12,6874.78,0.97,0
255,9,29,1,3.57,2486919.2,-6944.4,-0.06,10185.2,1.44,0
255,10,30,1,3.45,15701328.53,13214409.33,105.13,0,0.0,1
255,11,31,1,3.33,15673267.05,-28061.48,-0.22,5665.21,0.8,0
255,12,32,1,3.23,15619718.6,-53548.44,-0.43,5508.58,0.78,0
256,1,7,0,0.0,2484032.73,-49435.76,-0.39,0,0.0,0
256,2,8,1,14.29,2479675.64,-4357.09,-0.03,0,0.0,0
256,3,9,1,12.5,2442426.47,-37249.17,-0.29,18089.03,0.47,0
256,4,10,1,11.11,2447843.03,5416.56,0.04,23115.94,0.61,0
256,5,12,2,20.0,2442356.81,-5486.22,-0.04,0,0.0,0
256,6,13,1,8.33,2450032.61,7675.8,0.06,56763.67,1.49,0
256,7,14,1,7.69,2412328.3,-37704.31,-0.3,0,0.0,0
256,8,16,2,14.29,2372687.02,-39641.29,-0.31,54297.02,1.43,0
256,9,18,2,12.5,2338434.31,-34252.71,-0.27,0,0.0,0
256,10,19,1,5.56,2358358.8,19924.49,0.16,12371.29,0.32,0
256,11,21,2,10.53,11118526.04,8760167.24,68.73,34914.37,0.92,1
256,12,24,3,14.29,11095357.08,-23168.96,-0.18,0,0.0,0
257,1,16,0,0.0,2783447.47,-55819.93,-0.56,0,0.0,0
257,2,16,0,0.0,2770893.49,-12553.99,-0.13,0,0.0,0
257,3,16,0,0.0,2782563.94,11670.46,0.12,0,0.0,0
257,4,17,1,6.25,2747735.54,-34828.4,-0.35,8184.27,1.31,0
257,5,17,0,0.0,2735277.18,-12458.36,-0.12,0,0.0,0
257,6,17,0,0.0,2705433.85,-29843.33,-0.3,8559.52,1.37,0
257,7,17,0,0.0,2693849.5,-11584.35,-0.12,0,0.0,0
257,8,17,0,0.0,2693526.76,-322.74,-0.0,0,0.0,0
257,9,17,0,0.0,2685470.58,-8056.19,-0.08,0,0.0,0
257,10,17,0,0.0,2672496.97,-12973.6,-0.13,6221.86,0.99,0
257,11,17,0,0.0,2663514.3,-8982.67,-0.09,0,0.0,0
257,12,18,1,5.88,2620565.34,-42948.97,-0.43,0,0.0,0
258,1,6,0,0.0,4714948.83,3549494.51,35.94,57567.16,1.33,1
258,2,7,1,16.67,4715373.75,424.91,0.0,31512.44,0.73,0
258,3,8,1,14.29,4726961.62,11587.87,0.12,0,0.0,0
258,4,8,0,0.0,4719675.69,-7285.93,-0.07,21828.87,0.5,0
258,5,8,0,0.0,4684950.81,-34724.88,-0.35,0,0.0,0
258,6,8,0,0.0,4645227.44,-39723.37,-0.4,0,0.0,0
258,7,9,1,12.5,4638885.78,-6341.66,-0.06,0,0.0,0
258,8,10,1,11.11,4616736.79,-22148.99,-0.22,0,0.0,0
258,9,11,1,10.0,4611430.02,-5306.76,-0.05,42697.05,0.99,0
258,10,11,0,0.0,4567613.06,-43816.96,-0.44,33087.59,0.76,0
258,11,12,1,9.09,4513968.94,-53644.12,-0.54,52905.18,1.22,0
258,12,21,9,75.0,4510441.6,-3527.34,-0.04,0,0.0,1
259,1,43,6,16.22,829511.74,-6825.67,-0.19,0,0.0,0
259,2,45,2,4.65,822055.34,-7456.4,-0.2,0,0.0,0
259,3,47,2,4.44,815755.91,-6299.43,-0.17,15961.82,0.46,0
259,4,51,4,8.51,810872.1,-4883.81,-0.13,0,0.0,0
259,5,60,9,17.65,806639.59,-4232.51,-0.12,23366.55,0.68,0
259,6,62,2,3.33,805758.6,-880.99,-0.02,16020.01,0.46,0
259,7,71,9,14.52,809702.12,3943.53,0.11,44454.42,1.28,0
259,8,82,11,15.49,806135.72,-3566.41,-0.1,39250.79,1.13,0
259,9,89,7,8.54,796736.79,-9398.93,-0.26,0,0.0,0
259,10,99,10,11.24,789512.19,-7224.6,-0.2,33315.97,0.96,0
259,11,115,16,16.16,792847.95,3335.76,0.09,0,0.0,0
259,12,134,19,16.52,783329.43,-9518.52,-0.26,17712.29,0.51,0
260,1,26,1,4.0,2937334.25,-36493.95,-0.23,22760.84,1.11,0
260,2,27,1,3.85,2877585.16,-59749.09,-0.37,0,0.0,0
260,3,31,4,14.81,2833619.52,-43965.64,-0.27,14778.91,0.72,0
260,4,32,1,3.23,2840860.37,7240.85,0.04,12185.97,0.59,0
260,5,35,3,9.38,2757963.51,-82896.86,-0.51,27367.98,1.33,0
260,6,37,2,5.71,2694740.83,-63222.68,-0.39,7283.51,0.35,0
260,7,39,2,5.41,2619678.57,-75062.26,-0.46,21957.85,1.07,0
260,8,41,2,5.13,2618718.92,-959.65,-0.01,0,0.0,0
260,9,43,2,4.88,2612443.13,-6275.79,-0.04,0,0.0,0
260,10,49,6,13.95,2544996.22,-67446.91,-0.42,15141.03,0.74,0
260,11,54,5,10.2,2542934.28,-2061.94,-0.01,0,0.0,0
260,12,61,7,12.96,2471256.94,-71677.34,-0.44,0,0.0,0
261,1,36,3,9.09,2495676.35,20919.02,0.07,0,0.0,0
261,2,43,7,19.44,2381867.13,-113809.22,-0.41,0,0.0,0
261,3,74,31,72.09,2277321.86,-104545.27,-0.37,0,0.0,1
261,4,80,6,8.11,2220861.89,-56459.97,-0.2,7830.17,0.89,0
261,5,96,16,20.0,2195607.39,-25254.49,-0.09,6863.24,0.78,0
261,6,109,13,13.54,2175660.39,-19947.0,-0.07,3923.17,0.44,0
261,7,124,15,13.76,2033690.99,-141969.41,-0.51,0,0.0,0
261,8,130,6,4.84,2006197.0,-27493.99,-0.1,0,0.0,0
261,9,156,26,20.0,9340775.23,7334578.23,26.28,9206.59,1.04,1
261,10,183,27,17.31,9288496.99,-52278.24,-0.19,11583.08,1.31,0
261,11,197,14,7.65,9216025.49,-72471.5,-0.26,66307.84,7.52,1
261,12,231,34,17.26,9278743.02,62717.53,0.22,5216.84,0.59,0
262,1,41,3,7.89,399586.11,-14496.68,-0.31,27347.77,0.71,0
262,2,48,7,17.07,378846.87,-20739.25,-0.44,39419.61,1.02,0
262,3,53,5,10.42,372872.54,-5974.33,-0.13,38626.34,1.0,0
262,4,61,8,15.09,370854.82,-2017.72,-0.04,540971.66,14.0,1
262,5,64,3,4.92,352105.44,-18749.38,-0.4,0,0.0,0
262,6,68,4,6.25,340467.06,-11638.38,-0.25,0,0.0,0
262,7,72,4,5.88,321923.92,-18543.13,-0.4,0,0.0,0
262,8,83,11,15.28,326683.9,4759.98,0.1,14213.35,0.37,0
262,9,91,8,9.64,312854.05,-13829.85,-0.3,27665.66,0.72,0
262,10,106,15,16.48,307814.16,-5039.89,-0.11,27263.64,0.71,0
262,11,117,11,10.38,306601.59,-1212.57,-0.03,0,0.0,0
262,12,135,18,15.38,301214.35,-5387.24,-0.12,13986.31,0.36,0
263,1,27,0,0.0,1939704.5,-12473.67,-0.06,0,0.0,0
263,2,48,21,77.78,1931519.07,-8185.43,-0.04,22588.49,0.46,1
263,3,49,1,2.08,1902896.17,-28622.89,-0.13,0,0.0,0
263,4,50,1,2.04,1879878.79,-23017.38,-0.1,20106.19,0.41,0
263,5,51,1,2.0,1827026.94,-52851.86,-0.23,0,0.0,0
263,6,52,1,1.96,1748632.68,-78394.25,-0.35,0,0.0,0
263,7,53,1,1.92,1647193.99,-101438.7,-0.45,0,0.0,0
263,8,54,1,1.89,1556483.02,-90710.97,-0.4,13458.43,0.27,0
263,9,54,0,0.0,1521939.23,-34543.79,-0.15,33513.52,0.68,0
263,10,54,0,0.0,1445500.9,-76438.33,-0.34,0,0.0,0
263,11,55,1,1.85,1475853.42,30352.52,0.13,0,0.0,0
263,12,55,0,0.0,1401091.8,-74761.62,-0.33,0,0.0,0
264,1,19,0,0.0,753602.88,6474.35,0.12,0,0.0,0
264,2,19,0,0.0,741692.14,-11910.74,-0.22,19464.36,1.14,0
264,3,19,0,0.0,734397.56,-7294.58,-0.13,14031.1,0.82,0
264,4,19,0,0.0,728705.31,-5692.26,-0.1,17373.34,1.01,0
264,5,19,0,0.0,698546.54,-30158.77,-0.55,5152.37,0.3,0
264,6,19,0,0.0,698801.81,255.27,0.0,16112.0,0.94,0
264,7,19,0,0.0,695372.74,-3429.07,-0.06,0,0.0,0
264,8,19,0,0.0,685833.93,-9538.8,-0.17,0,0.0,0
264,9,19,0,0.0,679073.86,-6760.08,-0.12,7184.33,0.42,0
264,10,19,0,0.0,684849.18,5775.32,0.1,0,0.0,0
264,11,19,0,0.0,663006.6,-21842.58,-0.4,96735.26,5.65,1
264,12,19,0,0.0,652182.77,-10823.83,-0.2,0,0.0,0
265,1,30,3,11.11,1686815.9,-34446.11,-0.28,4470.59,1.19,0
265,2,32,2,6.67,1654967.61,-31848.29,-0.26,3774.55,1.01,0
265,3,35,3,9.38,1644636.4,-10331.21,-0.08,0,0.0,0
265,4,36,1,2.86,1630833.23,-13803.17,-0.11,0,0.0,0
265,5,39,3,8.33,1589425.16,-41408.08,-0.34,0,0.0,0
265,6,41,2,5.13,1582355.8,-7069.35,-0.06,4278.04,1.14,0
265,7,44,3,7.32,1567009.85,-15345.96,-0.13,1520.49,0.41,0
265,8,47,3,6.82,1562934.01,-4075.83,-0.03,4679.47,1.25,0
265,9,49,2,4.26,1524562.59,-38371.42,-0.31,0,0.0,0
265,10,51,2,4.08,1498155.63,-26406.97,-0.22,20753.94,5.54,1
265,11,57,6,11.76,1487139.0,-11016.62,-0.09,4460.25,1.19,0
265,12,61,4,7.02,1459058.14,-28080.86,-0.23,2255.31,0.6,0
266,1,7,0,0.0,610037.46,-33816.09,-0.48,0,0.0,0
266,2,7,0,0.0,590398.27,-19639.19,-0.28,7707.41,0.34,0
266,3,8,1,14.29,595369.37,4971.1,0.07,0,0.0,0
266,4,8,0,0.0,5530547.76,4935178.39,69.59,0,0.0,1
266,5,8,0,0.0,5524184.75,-6363.01,-0.09,16579.58,0.74,0
266,6,8,0,0.0,5492617.07,-31567.68,-0.45,0,0.0,0
266,7,9,1,12.5,5493310.42,693.34,0.01,21149.61,0.94,0
266,8,9,0,0.0,5466906.94,-26403.47,-0.37,17196.14,0.77,0
266,9,9,0,0.0,5457014.74,-9892.2,-0.14,0,0.0,0
266,10,10,1,11.11,5460539.97,3525.22,0.05,6628.66,0.29,0
266,11,11,1,10.0,5456836.91,-3703.05,-0.05,0,0.0,0
266,12,12,1,9.09,5462475.49,5638.58,0.08,0,0.0,0
267,1,18,0,0.0,1358753.83,-21372.85,-0.31,43711.47,0.99,0
267,2,19,1,5.56,1349872.35,-8881.48,-0.13,0,0.0,0
267,3,20,1,5.26,1348225.57,-1646.78,-0.02,0,0.0,0
267,4,21,1,5.0,1340100.91,-8124.66,-0.12,60336.17,1.36,0
267,5,22,1,4.76,1311458.22,-28642.7,-0.41,36417.35,0.82,0
267,6,22,0,0.0,1283905.78,-27552.44,-0.4,19951.35,0.45,0
267,7,23,1,4.55,1286962.67,3056.89,0.04,42569.66,0.96,0
267,8,24,1,4.35,1270627.75,-16334.91,-0.23,24868.99,0.56,0
267,9,25,1,4.17,1241470.39,-29157.37,-0.42,44028.08,0.99,0
267,10,26,1,4.0,1252240.57,10770.18,0.15,0,0.0,0
267,11,27,1,3.85,1239882.87,-12357.7,-0.18,0,0.0,0
267,12,28,1,3.7,1231783.53,-8099.34,-0.12,43105.08,0.97,0
268,1,14,0,0.0,1032049.24,-13227.14,-0.14,15401.26,0.63,0
268,2,15,1,7.14,1008578.34,-23470.9,-0.25,16801.18,0.68,0
268,3,16,1,6.67,996680.15,-11898.18,-0.13,0,0.0,0
268,4,16,0,0.0,1004390.83,7710.68,0.08,0,0.0,0
268,5,16,0,0.0,1000160.4,-4230.43,-0.04,25925.9,1.05,0
268,6,16,0,0.0,975025.13,-25135.27,-0.26,21073.18,0.86,0
268,7,17,1,6.25,979019.25,3994.12,0.04,0,0.0,0
268,8,18,1,5.88,931446.25,-47573.0,-0.5,0,0.0,0
268,9,19,1,5.56,912094.15,-19352.1,-0.2,13907.04,0.56,0
268,10,20,1,5.26,6408129.37,5496035.23,57.79,26138.49,1.06,1
268,11,21,1,5.0,6428943.42,20814.05,0.22,36730.86,1.49,0
268,12,22,1,4.76,6447711.75,18768.33,0.2,30340.93,1.23,0
269,1,30,5,20.0,523478.49,-8461.6,-0.15,0,0.0,0
269,2,35,5,16.67,515911.69,-7566.8,-0.14,22556.1,0.72,0
269,3,43,8,22.86,491535.96,-24375.73,-0.44,15168.5,0.49,0
269,4,47,4,9.3,491928.22,392.26,0.01,0,0.0,0
269,5,55,8,17.02,482657.1,-9271.12,-0.17,0,0.0,0
269,6,57,2,3.64,492066.99,9409.89,0.17,31035.72,0.99,0
269,7,68,11,19.3,469972.84,-22094.14,-0.4,17546.93,0.56,0
269,8,76,8,11.76,439811.26,-30161.58,-0.55,15630.53,0.5,0
269,9,88,12,15.79,432024.3,-7786.96,-0.14,7431.34,0.24,0
269,10,96,8,9.09,428834.87,-3189.43,-0.06,28200.46,0.9,0
269,11,109,13,13.54,426275.7,-2559.17,-0.05,0,0.0,0
269,12,131,22,20.18,440134.94,13859.24,0.25,12876.18,0.41,0
270,1,14,2,16.67,439771.04,-817.07,-0.05,20453.82,1.03,0
270,2,15,1,7.14,440487.15,716.1,0.05,0,0.0,0
270,3,17,2,13.33,443463.11,2975.96,0.19,13986.95,0.7,0
270,4,19,2,11.76,436810.39,-6652.71,-0.44,24404.13,1.23,0
270,5,21,2,10.53,431794.89,-5015.5,-0.33,0,0.0,0
270,6,22,1,4.76,430912.8,-882.09,-0.06,0,0.0,0
270,7,25,3,13.64,428069.0,-2843.8,-0.19,22435.98,1.13,0
270,8,29,4,16.0,429649.1,1580.1,0.1,10433.95,0.52,0
270,9,31,2,6.9,425224.38,-4424.72,-0.29,0,0.0,0
270,10,32,1,3.23,416826.22,-8398.16,-0.55,15840.23,0.8,0
270,11,35,3,9.38,413451.3,-3374.92,-0.22,0,0.0,0
270,12,38,3,8.57,413656.58,205.27,0.01,0,0.0,0
271,1,6,0,0.0,190631.38,-5345.69,-0.26,0,0.0,0
271,2,7,1,16.67,1495392.04,1304760.66,63.9,0,0.0,1
271,3,8,1,14.29,1496909.42,1517.38,0.07,6974.52,0.44,0
271,4,8,0,0.0,1500354.55,3445.13,0.17,6857.31,0.43,0
271,5,9,1,12.5,1501136.22,781.67,0.04,0,0.0,0
271,6,10,1,11.11,1499411.75,-1724.47,-0.08,0,0.0,0
271,7,10,0,0.0,1499239.99,-171.76,-0.01,0,0.0,0
271,8,10,0,0.0,1492286.52,-6953.47,-0.34,13632.79,0.85,0
271,9,11,1,10.0,1488656.78,-3629.74,-0.18,8827.57,0.55,0
271,10,11,0,0.0,1479243.98,-9412.8,-0.46,0,0.0,0
271,11,12,1,9.09,1477487.87,-1756.11,-0.09,0,0.0,0
271,12,13,1,8.33,1469768.93,-7718.94,-0.38,16161.95,1.01,0
272,1,13,0,0.0,1914543.74,-7705.73,-0.08,64180.84,1.35,0
272,2,14,1,7.69,1869307.76,-45235.98,-0.48,49877.38,1.05,0
272,3,15,1,7.14,1888395.1,19087.35,0.2,13900.94,0.29,0
272,4,16,1,6.67,1885587.1,-2808.0,-0.03,18857.96,0.4,0
272,5,17,1,6.25,1876038.98,-9548.12,-0.1,36405.71,0.77,0
272,6,18,1,5.88,1885277.92,9238.94,0.1,60529.14,1.27,0
272,7,19,1,5.56,1861855.87,-23422.04,-0.25,32769.17,0.69,0
272,8,20,1,5.26,9967526.66,8105670.79,86.36,15491.17,0.33,1
272,9,21,1,5.0,9929194.57,-38332.1,-0.41,0,0.0,0
272,10,21,0,0.0,9903151.44,-26043.13,-0.28,0,0.0,0
272,11,23,2,9.52,9861003.38,-42148.07,-0.45,62000.55,1.31,0
272,12,24,1,4.35,9851765.05,-9238.33,-0.1,27774.39,0.58,0
273,1,10,1,11.11,1566976.56,-71086.34,-0.4,0,0.0,0
273,2,12,2,20.0,1588229.47,21252.91,0.12,26428.72,0.94,0
273,3,13,1,8.33,1604071.71,15842.24,0.09,14545.77,0.52,0
273,4,14,1,7.69,1545355.26,-58716.45,-0.33,20284.32,0.72,0
273,5,16,2,14.29,1523243.67,-22111.6,-0.12,0,0.0,0
273,6,27,11,68.75,1536550.4,13306.73,0.08,0,0.0,1
273,7,28,1,3.7,1447583.6,-88966.79,-0.5,0,0.0,0
273,8,30,2,7.14,1428040.19,-19543.41,-0.11,0,0.0,0
273,9,31,1,3.33,1389086.67,-38953.52,-0.22,41126.56,1.46,0
273,10,33,2,6.45,9481334.72,8092248.06,45.63,0,0.0,1
273,11,38,5,15.15,9422367.84,-58966.88,-0.33,0,0.0,0
273,12,40,2,5.26,9412599.55,-9768.29,-0.06,27996.82,1.0,0
274,1,43,5,13.16,336686.88,1908.4,0.13,16186.68,0.46,0
274,2,45,2,4.65,332975.22,-3711.65,-0.25,11553.19,0.33,0
274,3,48,3,6.67,325520.32,-7454.9,-0.5,48028.02,1.35,0
274,4,56,8,16.67,326624.51,1104.19,0.07,38923.18,1.1,0
274,5,65,9,16.07,326249.97,-374.54,-0.03,0,0.0,0
274,6,72,7,10.77,327469.17,1219.2,0.08,39310.76,1.11,0
274,7,76,4,5.56,325298.61,-2170.55,-0.15,17591.76,0.5,0
274,8,88,12,15.79,328481.49,3182.88,0.21,0,0.0,0
274,9,99,11,12.5,323669.4,-4812.1,-0.32,0,0.0,0
274,10,105,6,6.06,318930.77,-4738.62,-0.32,22628.66,0.64,0
274,11,110,5,4.76,317421.15,-1509.62,-0.1,0,0.0,0
274,12,127,17,15.45,315071.17,-2349.98,-0.16,183003.79,5.15,1
275,1,32,3,10.34,2858616.0,-38524.11,-0.33,21573.43,0.44,0
275,2,36,4,12.5,2874616.97,16000.97,0.14,54591.54,1.12,0
275,3,40,4,11.11,2904877.63,30260.67,0.26,0,0.0,0
275,4,43,3,7.5,13799198.05,10894320.41,94.53,0,0.0,1
275,5,46,3,6.98,13809396.33,10198.28,0.09,0,0.0,0
275,6,50,4,8.7,13761978.13,-47418.2,-0.41,58522.56,1.2,0
275,7,55,5,10.0,13745348.81,-16629.32,-0.14,38912.24,0.8,0
275,8,60,5,9.09,13683963.86,-61384.95,-0.53,63772.42,1.31,0
275,9,66,6,10.0,13678310.5,-5653.37,-0.05,0,0.0,0
275,10,69,3,4.55,13648520.21,-29790.29,-0.26,0,0.0,0
275,11,72,3,4.35,13630995.68,-17524.52,-0.15,705665.3,14.49,1
275,12,77,5,6.94,13622226.59,-8769.09,-0.08,0,0.0,0
276,1,44,6,15.79,446151.01,-12028.14,-0.37,6336.07,0.38,0
276,2,52,8,18.18,436611.18,-9539.83,-0.3,20047.57,1.19,0
276,3,58,6,11.54,426824.36,-9786.83,-0.3,12912.6,0.77,0
276,4,66,8,13.79,4456555.55,4029731.19,125.04,10056.53,0.6,1
276,5,76,10,15.15,4449680.57,-6874.98,-0.21,0,0.0,0
276,6,86,10,13.16,4448800.96,-879.61,-0.03,20874.54,1.24,0
276,7,101,15,17.44,4454552.78,5751.82,0.18,9663.33,0.58,0
276,8,113,12,11.88,4458888.01,4335.23,0.13,16047.41,0.96,0
276,9,133,20,17.7,4449254.4,-9633.61,-0.3,0,0.0,0
276,10,150,17,12.78,4443008.45,-6245.95,-0.19,0,0.0,0
276,11,160,10,6.67,4436483.01,-6525.44,-0.2,0,0.0,0
276,12,175,15,9.38,4422018.16,-14464.85,-0.45,0,0.0,0
277,1,12,0,0.0,2855324.63,-30154.86,-0.31,19560.31,0.92,0
277,2,13,1,8.33,2862123.36,6798.72,0.07,26708.97,1.26,0
277,3,14,1,7.69,2844199.27,-17924.09,-0.19,27806.58,1.31,0
277,4,15,1,7.14,2835520.94,-8678.33,-0.09,0,0.0,0
277,5,20,5,33.33,2843634.88,8113.94,0.08,4592.94,0.22,1
277,6,20,0,0.0,2813169.54,-30465.34,-0.32,22959.58,1.08,0
277,7,21,1,5.0,2806678.13,-6491.41,-0.07,9847.89,0.46,0
277,8,23,2,9.52,2818302.88,11624.75,0.12,11440.35,0.54,0
277,9,25,2,8.7,2801013.72,-17289.16,-0.18,0,0.0,0
277,10,27,2,8.0,2778533.88,-22479.84,-0.23,25230.11,1.19,0
277,11,30,3,11.11,2778019.56,-514.33,-0.01,8708.83,0.41,0
277,12,33,3,10.0,2796330.58,18311.02,0.19,0,0.0,0
278,1,16,1,6.67,2649599.18,-21639.84,-0.2,0,0.0,0
278,2,17,1,6.25,2670694.51,21095.33,0.19,0,0.0,0
278,3,18,1,5.88,2686409.17,15714.67,0.14,8471.54,0.65,0
278,4,19,1,5.56,2706299.3,19890.13,0.18,0,0.0,0
278,5,21,2,10.53,2656952.53,-49346.78,-0.45,2751.51,0.21,0
278,6,22,1,4.76,2657712.43,759.91,0.01,16107.84,1.23,0
278,7,23,1,4.55,2613111.41,-44601.03,-0.41,7525.47,0.58,0
278,8,25,2,8.7,2601819.83,-11291.57,-0.1,5520.85,0.42,0
278,9,27,2,8.0,2601286.75,-533.08,-0.0,10936.36,0.84,0
278,10,28,1,3.7,9743671.75,7142385.0,65.12,14549.55,1.11,1
278,11,31,3,10.71,9754270.61,10598.86,0.1,4789.48,0.37,0
278,12,32,1,3.23,9699227.01,-55043.59,-0.5,0,0.0,0
279,1,33,1,3.12,2350250.58,2787.81,0.03,21132.8,0.44,0
279,2,34,1,3.03,2304793.39,-45457.19,-0.45,63947.02,1.32,0
279,3,35,1,2.94,2270250.28,-34543.11,-0.34,48528.13,1.0,0
279,4,36,1,2.86,2215973.79,-54276.49,-0.54,49903.21,1.03,0
279,5,37,1,2.78,2215602.56,-371.23,-0.0,26706.54,0.55,0
279,6,38,1,2.7,2205246.23,-10356.33,-0.1,0,0.0,0
279,7,39,1,2.63,2199628.81,-5617.42,-0.06,0,0.0,0
279,8,40,1,2.56,2187446.28,-12182.53,-0.12,46358.82,0.95,0
279,9,42,2,5.0,2198138.6,10692.32,0.11,63201.42,1.3,0
279,10,44,2,4.76,2170531.1,-27607.5,-0.27,11622.81,0.24,0
279,11,45,1,2.27,2160102.31,-10428.79,-0.1,0,0.0,0
279,12,46,1,2.22,2116844.26,-43258.05,-0.43,47639.85,0.98,0
280,1,13,0,0.0,160894.85,462.88,0.04,7787.71,0.28,0
280,2,13,0,0.0,159731.95,-1162.9,-0.1,29314.95,1.06,0
280,3,14,1,7.69,159398.58,-333.37,-0.03,0,0.0,0
280,4,15,1,7.14,155024.31,-4374.26,-0.38,20822.13,0.75,0
280,5,16,1,6.67,150341.82,-4682.49,-0.4,31989.29,1.16,0
280,6,17,1,6.25,149460.26,-881.56,-0.08,0,0.0,0
280,7,18,1,5.88,146060.37,-3399.89,-0.29,19785.81,0.71,0
280,8,19,1,5.56,142938.49,-3121.88,-0.27,0,0.0,0
280,9,20,1,5.26,144679.26,1740.77,0.15,0,0.0,0
280,10,21,1,5.0,143738.63,-940.63,-0.08,24686.83,0.89,0
280,11,22,1,4.76,141509.43,-2229.2,-0.19,13953.29,0.5,0
280,12,24,2,9.09,142546.81,1037.39,0.09,0,0.0,0
281,1,41,5,13.89,2004565.61,-2969.2,-0.03,10774.1,0.68,0
281,2,43,2,4.88,2016631.19,12065.57,0.11,0,0.0,0
281,3,47,4,9.3,2004136.63,-12494.56,-0.11,0,0.0,0
281,4,49,2,4.26,2005792.59,1655.96,0.01,6839.53,0.43,0
281,5,51,2,4.08,2004382.75,-1409.85,-0.01,16722.73,1.06,0
281,6,57,6,11.76,2014077.18,9694.43,0.09,14021.45,0.89,0
281,7,60,3,5.26,1987055.66,-27021.52,-0.24,0,0.0,0
281,8,65,5,8.33,1982870.56,-4185.1,-0.04,21971.99,1.39,0
281,9,69,4,6.15,1974395.89,-8474.67,-0.08,22178.63,1.4,0
281,10,75,6,8.7,1987507.36,13111.47,0.12,0,0.0,0
281,11,86,11,14.67,1962655.51,-24851.85,-0.22,3769.61,0.24,0
281,12,94,8,9.3,1939784.85,-22870.66,-0.2,19085.32,1.21,0
282,1,40,2,5.26,2957309.62,-1601.3,-0.01,0,0.0,0
282,2,42,2,5.0,2911569.61,-45740.01,-0.21,10925.66,0.39,0
282,3,44,2,4.76,2917770.84,6201.22,0.03,34160.75,1.23,0
282,4,45,1,2.27,2937389.74,19618.9,0.09,32767.74,1.18,0
282,5,47,2,4.44,2878671.45,-58718.29,-0.27,0,0.0,0
282,6,49,2,4.26,2796995.61,-81675.84,-0.37,32534.31,1.17,0
282,7,50,1,2.04,2728177.43,-68818.18,-0.31,40289.32,1.45,0
282,8,52,2,4.0,2691379.7,-36797.73,-0.17,28981.38,1.04,0
282,9,53,1,1.92,2597176.99,-94202.72,-0.43,7711.7,0.28,0
282,10,87,34,64.15,2573918.14,-23258.84,-0.11,0,0.0,1
282,11,91,4,4.6,2505867.56,-68050.58,-0.31,0,0.0,0
282,12,93,2,2.2,2522275.74,16408.18,0.07,18004.5,0.65,0
283,1,39,4,11.43,1155035.74,-13352.48,-0.17,28391.99,0.62,0
283,2,43,4,10.26,1138583.05,-16452.68,-0.21,46964.37,1.02,0
283,3,45,2,4.65,1146196.21,7613.15,0.1,32217.17,0.7,0
283,4,48,3,6.67,1135768.39,-10427.81,-0.13,364047.17,7.93,1
283,5,53,5,10.42,1113026.65,-22741.75,-0.29,66285.22,1.44,0
283,6,58,5,9.43,1097149.63,-15877.02,-0.21,0,0.0,0
283,7,62,4,6.9,1087838.04,-9311.59,-0.12,44673.94,0.97,0
283,8,70,8,12.9,1084832.59,-3005.45,-0.04,24070.95,0.52,0
283,9,73,3,4.29,1047575.67,-37256.92,-0.48,57956.41,1.26,0
283,10,80,7,9.59,1007437.66,-40138.01,-0.52,0,0.0,0
283,11,88,8,10.0,1019046.27,11608.61,0.15,0,0.0,0
283,12,93,5,5.68,1017667.54,-1378.73,-0.02,58627.12,1.28,0
284,1,5,1,25.0,2893147.11,1310.16,0.01,0,0.0,0
284,2,6,1,20.0,2875302.41,-17844.7,-0.18,33086.98,0.97,0
284,3,7,1,16.67,13776725.23,10901422.82,112.96,153357.41,4.49,1
284,4,8,1,14.29,13740785.15,-35940.09,-0.37,0,0.0,0
284,5,10,2,25.0,13725008.57,-15776.58,-0.16,14530.95,0.43,0
284,6,11,1,10.0,13731810.25,6801.68,0.07,0,0.0,0
284,7,13,2,18.18,13713169.78,-18640.47,-0.19,0,0.0,0
284,8,14,1,7.69,13695894.12,-17275.66,-0.18,0,0.0,0
284,9,16,2,14.29,13714429.9,18535.78,0.19,26944.26,0.79,0
284,10,20,4,25.0,13658793.19,-55636.71,-0.58,0,0.0,0
284,11,25,5,25.0,13656575.93,-2217.26,-0.02,0,0.0,0
284,12,30,5,20.0,13646936.37,-9639.56,-0.1,0,0.0,0
285,1,4,0,0.0,2862984.92,19007.39,0.08,31452.48,0.82,0
285,2,4,0,0.0,2823374.71,-39610.21,-0.17,8319.19,0.22,0
285,3,4,0,0.0,2854450.17,31075.46,0.13,39557.4,1.03,0
285,4,4,0,0.0,2758340.14,-96110.03,-0.41,25138.62,0.65,0
285,5,4,0,0.0,2738335.13,-20005.01,-0.08,50085.87,1.3,0
285,6,4,0,0.0,2710504.93,-27830.2,-0.12,40330.64,1.05,0
285,7,4,0,0.0,2653641.48,-56863.45,-0.24,8680.56,0.23,0
285,8,4,0,0.0,2608883.3,-44758.18,-0.19,0,0.0,0
285,9,4,0,0.0,2561407.45,-47475.85,-0.2,0,0.0,0
285,10,4,0,0.0,2572122.29,10714.84,0.05,0,0.0,0
285,11,4,0,0.0,2471108.9,-101013.39,-0.43,0,0.0,0
285,12,4,0,0.0,2366499.31,-104609.59,-0.44,44223.38,1.15,0
286,1,38,1,2.7,2106060.58,-139945.39,-0.53,0,0.0,0
286,2,41,3,7.89,2065170.98,-40889.6,-0.15,43912.81,1.01,0
286,3,42,1,2.44,1996630.41,-68540.58,-0.26,30305.13,0.7,0
286,4,43,1,2.38,1886883.63,-109746.78,-0.41,45664.38,1.05,0
286,5,44,1,2.33,1874476.22,-12407.4,-0.05,27686.26,0.64,0
286,6,48,4,9.09,1787848.7,-86627.53,-0.33,0,0.0,0
286,7,49,1,2.08,1739020.23,-48828.47,-0.18,10474.24,0.24,0
286,8,52,3,6.12,5821541.69,4082521.47,15.34,16440.07,0.38,1
286,9,58,6,11.54,5841926.7,20385.01,0.08,0,0.0,0
286,10,60,2,3.45,5829936.46,-11990.24,-0.05,0,0.0,0
286,11,65,5,8.33,5789605.29,-40331.17,-0.15,54733.31,1.26,0
286,12,70,5,7.69,5784969.32,-4635.96,-0.02,30778.68,0.71,0
287,1,11,0,0.0,127070.4,3462.82,0.27,0,0.0,0
287,2,11,0,0.0,124372.32,-2698.09,-0.21,0,0.0,0
287,3,11,0,0.0,121697.47,-2674.84,-0.21,230619.84,13.43,1
287,4,11,0,0.0,118114.93,-3582.54,-0.28,12308.29,0.72,0
287,5,11,0,0.0,112014.08,-6100.85,-0.47,5273.15,0.31,0
287,6,12,1,9.09,111900.87,-113.22,-0.01,9500.88,0.55,0
287,7,12,0,0.0,107859.57,-4041.3,-0.31,0,0.0,0
287,8,12,0,0.0,101958.82,-5900.75,-0.46,17404.36,1.01,0
287,9,12,0,0.0,100158.25,-1800.57,-0.14,17985.78,1.05,0
287,10,12,0,0.0,96646.8,-3511.45,-0.27,0,0.0,0
287,11,12,0,0.0,94036.54,-2610.26,-0.2,0,0.0,0
287,12,12,0,0.0,91751.61,-2284.93,-0.18,5809.52,0.34,0
288,1,10,1,11.11,2826194.19,32278.68,0.14,52084.64,1.23,0
288,2,11,1,10.0,2800506.92,-25687.27,-0.11,29388.4,0.69,0
288,3,11,0,0.0,2707262.3,-93244.62,-0.41,22744.16,0.54,0
288,4,12,1,9.09,2612266.44,-94995.87,-0.41,13360.92,0.32,0
288,5,13,1,8.33,2586886.96,-25379.47,-0.11,0,0.0,0
288,6,14,1,7.69,2523071.08,-63815.88,-0.28,39965.68,0.94,0
288,7,15,1,7.14,2462113.13,-60957.95,-0.27,0,0.0,0
288,8,16,1,6.67,2372804.59,-89308.54,-0.39,0,0.0,0
288,9,17,1,6.25,2326996.2,-45808.39,-0.2,23306.21,0.55,0
288,10,18,1,5.88,2245174.92,-81821.28,-0.36,14942.6,0.35,0
288,11,19,1,5.56,2230561.04,-14613.89,-0.06,16638.27,0.39,0
288,12,20,1,5.26,2112085.15,-118475.88,-0.52,48540.12,1.14,0
289,1,13,2,18.18,1117525.01,7650.14,0.12,43991.5,1.0,0
289,2,14,1,7.69,1101206.97,-16318.04,-0.25,14002.45,0.32,0
289,3,15,1,7.14,1101341.7,134.73,0.0,57985.92,1.31,0
289,4,16,1,6.67,1087273.03,-14068.67,-0.21,22336.11,0.51,0
289,5,19,3,18.75,1068624.92,-18648.11,-0.28,0,0.0,0
289,6,22,3,15.79,1071381.02,2756.1,0.04,49974.0,1.13,0
289,7,23,1,4.55,1037408.32,-33972.7,-0.51,40037.04,0.91,0
289,8,27,4,17.39,1004287.69,-33120.63,-0.5,0,0.0,0
289,9,30,3,11.11,1013851.22,9563.53,0.14,10159.18,0.23,0
289,10,34,4,13.33,1012844.77,-1006.45,-0.02,21418.48,0.48,0
289,11,38,4,11.76,1009931.36,-2913.4,-0.04,34428.8,0.78,0
289,12,46,8,21.05,1011758.98,1827.62,0.03,43528.78,0.99,0
290,1,26,1,4.0,1005063.77,-17628.19,-0.4,21680.9,0.73,0
290,2,29,3,11.54,994470.54,-10593.23,-0.24,16779.07,0.57,0
290,3,34,5,17.24,984632.17,-9838.37,-0.23,33385.47,1.13,0
290,4,36,2,5.88,983254.07,-1378.09,-0.03,0,0.0,0
290,5,37,1,2.78,964094.93,-19159.14,-0.44,0,0.0,0
290,6,42,5,13.51,956271.19,-7823.74,-0.18,23047.95,0.78,0
290,7,49,7,16.67,953825.43,-2445.76,-0.06,0,0.0,0
290,8,53,4,8.16,939759.74,-14065.7,-0.32,0,0.0,0
290,9,58,5,9.43,930252.64,-9507.1,-0.22,36208.19,1.23,0
290,10,63,5,8.62,935533.95,5281.31,0.12,41614.72,1.41,0
290,11,68,5,7.94,936576.28,1042.34,0.02,29687.61,1.01,0
290,12,80,12,17.65,937634.47,1058.19,0.02,0,0.0,0
291,1,9,1,12.5,1978082.4,-97442.58,-0.41,17490.53,0.54,0
291,2,10,1,11.11,1924822.18,-53260.22,-0.22,12424.26,0.39,0
291,3,10,0,0.0,1804458.73,-120363.45,-0.51,0,0.0,0
291,4,10,0,0.0,1810378.12,5919.39,0.02,0,0.0,0
291,5,11,1,10.0,1762513.92,-47864.2,-0.2,44245.78,1.38,0
291,6,12,1,9.09,1798869.02,36355.1,0.15,0,0.0,0
291,7,13,1,8.33,1699168.21,-99700.81,-0.42,0,0.0,0
291,8,14,1,7.69,1742721.38,43553.17,0.18,8355.42,0.26,0
291,9,16,2,14.29,1688092.02,-54629.35,-0.23,0,0.0,0
291,10,17,1,6.25,1606327.99,-81764.03,-0.34,46835.54,1.46,0
291,11,18,1,5.88,6462365.39,4856037.4,20.44,0,0.0,1
291,12,20,2,11.11,6440014.19,-22351.2,-0.09,41774.68,1.3,0
292,1,19,1,5.56,1663683.21,-33402.88,-0.29,18148.3,0.71,0
292,2,20,1,5.26,1644148.34,-19534.87,-0.17,0,0.0,0
292,3,21,1,5.0,1636533.38,-7614.96,-0.07,7661.71,0.3,0
292,4,22,1,4.76,1623396.74,-13136.64,-0.11,23261.75,0.91,0
292,5,23,1,4.55,1612567.12,-10829.61,-0.09,20645.19,0.81,0
292,6,23,0,0.0,1595932.64,-16634.49,-0.14,5615.44,0.22,0
292,7,24,1,4.35,1589451.83,-6480.81,-0.06,23921.67,0.94,0
292,8,25,1,4.17,1616737.53,27285.71,0.24,190421.25,7.45,1
292,9,26,1,4.0,1603274.18,-13463.35,-0.12,0,0.0,0
292,10,27,1,3.85,1598415.41,-4858.77,-0.04,0,0.0,0
292,11,27,0,0.0,1565341.12,-33074.29,-0.29,0,0.0,0
292,12,28,1,3.7,1578046.96,12705.83,0.11,31237.42,1.22,0
293,1,3,0,0.0,1971985.73,-24792.46,-0.23,0,0.0,0
293,2,3,0,0.0,1952088.25,-19897.48,-0.18,8942.84,0.57,0
293,3,4,1,33.33,1949878.85,-2209.4,-0.02,13589.4,0.87,1
293,4,5,1,25.0,1949945.48,66.63,0.0,8378.93,0.54,0
293,5,6,1,20.0,1942748.72,-7196.77,-0.07,4003.66,0.26,0
293,6,6,0,0.0,1949231.4,6482.69,0.06,18309.27,1.17,0
293,7,6,0,0.0,1956271.73,7040.33,0.06,17467.99,1.12,0
293,8,6,0,0.0,1926162.67,-30109.06,-0.27,19809.59,1.27,0
293,9,7,1,16.67,1880767.69,-45394.98,-0.41,172395.36,11.06,1
293,10,8,1,14.29,1859186.86,-21580.83,-0.2,23369.87,1.5,0
293,11,9,1,12.5,1845712.54,-13474.32,-0.12,15363.87,0.99,0
293,12,11,2,22.22,1792792.77,-52919.77,-0.48,3384.92,0.22,0
294,1,25,4,19.05,1427301.17,-23488.26,-0.4,10025.5,1.41,0
294,2,30,5,20.0,1427092.89,-208.27,-0.0,0,0.0,0
294,3,36,6,20.0,1404908.7,-22184.19,-0.38,7435.59,1.04,0
294,4,43,7,19.44,1392535.93,-12372.77,-0.21,4808.05,0.67,0
294,5,45,2,4.65,1379478.53,-13057.4,-0.22,3498.7,0.49,0
294,6,51,6,13.33,1387943.41,8464.88,0.14,0,0.0,0
294,7,59,8,15.69,1376374.25,-11569.16,-0.2,1458.72,0.2,0
294,8,63,4,6.78,1360494.82,-15879.43,-0.27,0,0.0,0
294,9,71,8,12.7,1374037.69,13542.86,0.23,7827.32,1.1,0
294,10,75,4,5.63,1357429.24,-16608.45,-0.28,9714.34,1.36,0
294,11,88,13,17.33,1357683.5,254.25,0.0,0,0.0,0
294,12,96,8,9.09,1357504.79,-178.71,-0.0,4568.71,0.64,0
295,1,16,0,0.0,2648086.61,7081.96,0.03,7421.36,1.05,0
295,2,16,0,0.0,2568961.8,-79124.81,-0.37,9495.26,1.34,0
295,3,16,0,0.0,2473752.13,-95209.67,-0.45,1768.73,0.25,0
295,4,16,0,0.0,2430423.36,-43328.77,-0.2,9224.07,1.3,0
295,5,16,0,0.0,2457002.35,26578.99,0.13,0,0.0,0
295,6,16,0,0.0,2415290.19,-41712.16,-0.2,0,0.0,0
295,7,16,0,0.0,2385382.52,-29907.66,-0.14,8317.59,1.17,0
295,8,16,0,0.0,2330679.42,-54703.1,-0.26,0,0.0,0
295,9,16,0,0.0,2313262.58,-17416.84,-0.08,1458.67,0.21,0
295,10,16,0,0.0,2263000.76,-50261.83,-0.24,0,0.0,0
295,11,16,0,0.0,2224296.25,-38704.51,-0.18,0,0.0,0
295,12,16,0,0.0,12891036.82,10666740.57,50.25,0,0.0,1
296,1,18,2,12.5,888399.84,-12847.43,-0.13,17759.0,0.68,0
296,2,19,1,5.56,878010.99,-10388.85,-0.11,0,0.0,0
296,3,21,2,10.53,866224.42,-11786.57,-0.12,0,0.0,0
296,4,22,1,4.76,843045.86,-23178.56,-0.24,0,0.0,0
296,5,23,1,4.55,846669.6,3623.74,0.04,33128.26,1.27,0
296,6,26,3,13.04,821467.85,-25201.75,-0.26,39027.2,1.49,0
296,7,28,2,7.69,819158.64,-2309.21,-0.02,37854.87,1.45,0
296,8,30,2,7.14,798778.01,-20380.63,-0.21,0,0.0,0
296,9,34,4,13.33,763798.16,-34979.85,-0.36,20505.06,0.78,0
296,10,37,3,8.82,778259.38,14461.22,0.15,31253.94,1.19,0
296,11,40,3,8.11,749752.45,-28506.92,-0.3,34281.13,1.31,0
296,12,44,4,10.0,735905.35,-13847.1,-0.14,12955.96,0.5,0
297,1,26,0,0.0,908213.05,-13912.57,-0.27,0,0.0,0
297,2,26,0,0.0,890476.18,-17736.87,-0.34,472411.33,12.3,1
297,3,26,0,0.0,890289.06,-187.12,-0.0,43757.66,1.14,0
297,4,26,0,0.0,886162.63,-4126.43,-0.08,8476.49,0.22,0
297,5,26,0,0.0,870191.87,-15970.76,-0.31,0,0.0,0
297,6,26,0,0.0,858686.09,-11505.78,-0.22,10167.11,0.26,0
297,7,26,0,0.0,840913.42,-17772.67,-0.34,34043.54,0.89,0
297,8,26,0,0.0,849869.58,8956.17,0.17,22670.13,0.59,0
297,9,26,0,0.0,845091.68,-4777.9,-0.09,40265.18,1.05,0
297,10,26,0,0.0,830135.55,-14956.14,-0.29,49357.73,1.29,0
297,11,26,0,0.0,813430.21,-16705.33,-0.32,0,0.0,0
297,12,26,0,0.0,811011.06,-2419.15,-0.05,0,0.0,0
298,1,18,3,20.0,1322365.31,215.06,0.0,15753.38,0.63,0
298,2,20,2,11.11,1313921.36,-8443.95,-0.08,0,0.0,0
298,3,23,3,15.0,1316930.37,3009.01,0.03,11412.53,0.46,0
298,4,26,3,13.04,1265120.3,-51810.07,-0.52,19454.66,0.78,0
298,5,32,6,23.08,1271352.0,6231.7,0.06,0,0.0,0
298,6,38,6,18.75,1269622.17,-1729.82,-0.02,24163.59,0.97,0
298,7,43,5,13.16,1271379.19,1757.02,0.02,32392.86,1.31,0
298,8,49,6,13.95,1284812.62,13433.43,0.13,0,0.0,0
298,9,53,4,8.16,1287980.53,3167.91,0.03,0,0.0,0
298,10,63,10,18.87,1245503.93,-42476.6,-0.43,27736.66,1.12,0
298,11,68,5,7.94,1238417.59,-7086.34,-0.07,7380.98,0.3,0
298,12,77,9,13.24,1201623.07,-36794.52,-0.37,8854.25,0.36,0
299,1,33,0,0.0,526699.06,-8226.89,-0.15,9107.89,0.95,0
299,2,33,0,0.0,535086.93,8387.87,0.16,4153.7,0.43,0
299,3,33,0,0.0,537930.83,2843.9,0.05,3102.59,0.32,0
299,4,34,1,3.03,519803.35,-18127.48,-0.34,12219.67,1.28,0
299,5,34,0,0.0,505116.07,-14687.28,-0.27,12900.03,1.35,0
299,6,35,1,2.94,501810.98,-3305.09,-0.06,13401.33,1.4,0
299,7,36,1,2.86,492917.79,-8893.18,-0.17,0,0.0,0
299,8,37,1,2.78,485754.55,-7163.24,-0.13,12298.08,1.29,0
299,9,37,0,0.0,491525.17,5770.62,0.11,3319.92,0.35,0
299,10,38,1,2.7,479123.14,-12402.04,-0.23,14085.72,1.47,0
299,11,39,1,2.63,463787.88,-15335.25,-0.29,11132.93,1.16,0
299,12,40,1,2.56,460477.21,-3310.68,-0.06,0,0.0,0
300,1,38,1,2.7,2096434.14,-15264.27,-0.15,45528.45,1.47,0
300,2,40,2,5.26,2092701.8,-3732.34,-0.04,23136.68,0.75,0
300,3,42,2,5.0,2081880.04,-10821.76,-0.1,0,0.0,0
300,4,44,2,4.76,2035795.2,-46084.84,-0.44,16884.66,0.54,0
300,5,47,3,6.82,2044595.22,8800.02,0.08,0,0.0,0
300,6,49,2,4.26,2039611.76,-4983.45,-0.05,36382.46,1.17,0
300,7,53,4,8.16,2022624.94,-16986.82,-0.16,8003.92,0.26,0
300,8,54,1,1.89,2034814.11,12189.17,0.12,0,0.0,0
300,9,58,4,7.41,2038083.84,3269.73,0.03,0,0.0,0
300,10,62,4,6.9,2018193.83,-19890.02,-0.19,425160.02,13.7,1
300,11,64,2,3.23,1988032.74,-30161.08,-0.29,7600.57,0.24,0
300,12,66,2,3.12,1999577.05,11544.31,0.11,14525.72,0.47,0
301,1,2,0,0.0,767277.32,-4524.3,-0.16,0,0.0,0
301,2,2,0,0.0,760351.55,-6925.76,-0.25,8645.63,0.92,0
301,3,2,0,0.0,762140.96,1789.41,0.06,11348.1,1.21,0
301,4,2,0,0.0,749374.58,-12766.39,-0.46,3870.44,0.41,0
301,5,2,0,0.0,737929.29,-11445.29,-0.41,10992.34,1.17,0
301,6,2,0,0.0,739976.47,2047.18,0.07,0,0.0,0
301,7,2,0,0.0,743875.86,3899.39,0.14,0,0.0,0
301,8,2,0,0.0,740801.13,-3074.73,-0.11,12958.36,1.38,0
301,9,2,0,0.0,733200.7,-7600.44,-0.27,4841.11,0.52,0
301,10,3,1,50.0,725036.89,-8163.81,-0.29,6415.48,0.68,1
301,11,3,0,0.0,727809.17,2772.28,0.1,12461.41,1.33,0
301,12,4,1,33.33,720088.01,-7721.16,-0.28,13914.32,1.48,1
302,1,9,1,12.5,580545.08,-2848.74,-0.07,0,0.0,0
302,2,10,1,11.11,559632.83,-20912.25,-0.51,0,0.0,0
302,3,11,1,10.0,552814.12,-6818.71,-0.17,0,0.0,0
302,4,11,0,0.0,553723.14,909.02,0.02,0,0.0,0
302,5,12,1,9.09,536712.41,-17010.73,-0.42,16026.24,0.45,0
302,6,13,1,8.33,518493.96,-18218.45,-0.45,0,0.0,0
302,7,14,1,7.69,5144461.62,4625967.66,113.0,34187.02,0.96,1
302,8,15,1,7.14,5127364.48,-17097.15,-0.42,27669.14,0.77,0
302,9,17,2,13.33,5126326.1,-1038.38,-0.03,52399.05,1.47,0
302,10,18,1,5.88,5119229.12,-7096.98,-0.17,11489.82,0.32,0
302,11,20,2,11.11,5121372.13,2143.01,0.05,0,0.0,0
302,12,21,1,5.0,5119300.67,-2071.47,-0.05,41345.99,1.16,0
303,1,2,0,0.0,1648221.53,-2836.52,-0.02,0,0.0,0
303,2,2,0,0.0,1610916.91,-37304.62,-0.3,13097.83,0.58,0
303,3,2,0,0.0,1564370.6,-46546.32,-0.38,0,0.0,0
303,4,2,0,0.0,6821175.5,5256804.9,42.83,0,0.0,1
303,5,2,0,0.0,6809838.48,-11337.01,-0.09,0,0.0,0
303,6,2,0,0.0,6801677.19,-8161.3,-0.07,0,0.0,0
303,7,2,0,0.0,6774398.34,-27278.85,-0.22,0,0.0,0
303,8,2,0,0.0,6764221.54,-10176.8,-0.08,0,0.0,0
303,9,2,0,0.0,6724003.83,-40217.72,-0.33,20938.92,0.92,0
303,10,2,0,0.0,6752397.32,28393.5,0.23,9954.31,0.44,0
303,11,2,0,0.0,6737373.56,-15023.76,-0.12,30606.19,1.35,0
303,12,2,0,0.0,6703201.07,-34172.49,-0.28,11979.46,0.53,0
304,1,14,1,7.69,316283.41,-1103.62,-0.03,0,0.0,0
304,2,15,1,7.14,305606.83,-10676.58,-0.29,51291.26,1.28,0
304,3,16,1,6.67,299557.09,-6049.74,-0.17,18125.87,0.45,0
304,4,17,1,6.25,298065.29,-1491.79,-0.04,20073.28,0.5,0
304,5,18,1,5.88,302994.2,4928.91,0.13,27319.24,0.68,0
304,6,19,1,5.56,305033.19,2038.99,0.06,32159.63,0.8,0
304,7,20,1,5.26,302951.1,-2082.09,-0.06,10448.08,0.26,0
304,8,23,3,15.0,310567.49,7616.39,0.21,9953.07,0.25,0
304,9,25,2,8.7,297075.36,-13492.13,-0.37,0,0.0,0
304,10,29,4,16.0,276512.22,-20563.14,-0.56,0,0.0,0
304,11,31,2,6.9,265511.08,-11001.14,-0.3,0,0.0,0
304,12,32,1,3.23,265325.24,-185.84,-0.01,22144.83,0.55,0
305,1,8,1,14.29,1300154.52,-5397.1,-0.1,4805.72,0.38,0
305,2,8,0,0.0,1283799.52,-16355.0,-0.29,0,0.0,0
305,3,8,0,0.0,1293896.53,10097.02,0.18,10298.1,0.81,0
305,4,9,1,12.5,1286623.79,-7272.74,-0.13,17706.85,1.39,0
305,5,9,0,0.0,1294854.73,8230.93,0.15,7366.57,0.58,0
305,6,10,1,11.11,1278586.55,-16268.17,-0.29,3687.01,0.29,0
305,7,11,1,10.0,1265359.54,-13227.01,-0.23,19018.13,1.5,0
305,8,12,1,9.09,1254137.72,-11221.82,-0.2,7489.78,0.59,0
305,9,12,0,0.0,1261259.66,7121.94,0.13,7619.77,0.6,0
305,10,13,1,8.33,1240980.58,-20279.08,-0.36,8242.19,0.65,0
305,11,23,10,76.92,1240849.29,-131.28,-0.0,6759.15,0.53,1
305,12,25,2,8.7,1253961.55,13112.26,0.23,0,0.0,0
306,1,37,1,2.78,671286.52,-43627.25,-0.58,4243.11,0.5,0
306,2,40,3,8.11,670358.55,-927.97,-0.01,0,0.0,0
306,3,41,1,2.5,636722.29,-33636.26,-0.44,10403.07,1.21,0
306,4,44,3,7.32,652196.81,15474.52,0.2,0,0.0,0
306,5,46,2,4.55,619679.98,-32516.83,-0.43,7156.54,0.84,0
306,6,49,3,6.52,617240.02,-2439.96,-0.03,7339.86,0.86,0
306,7,53,4,8.16,605597.15,-11642.87,-0.15,9818.49,1.15,0
306,8,54,1,1.89,593415.34,-12181.81,-0.16,0,0.0,0
306,9,56,2,3.7,7118780.52,6525365.18,86.28,11479.04,1.34,1
306,10,60,4,7.14,7090966.07,-27814.45,-0.37,0,0.0,0
306,11,65,5,8.33,7080763.69,-10202.38,-0.13,0,0.0,0
306,12,69,4,6.15,7073928.46,-6835.23,-0.09,12164.46,1.42,0
307,1,12,1,9.09,2758595.61,-18687.68,-0.15,57206.69,1.35,0
307,2,12,0,0.0,2778422.2,19826.59,0.16,23235.79,0.55,0
307,3,13,1,8.33,2774681.9,-3740.3,-0.03,44083.59,1.04,0
307,4,14,1,7.69,2730829.24,-43852.66,-0.35,0,0.0,0
307,5,15,1,7.14,2666670.34,-64158.9,-0.51,18620.21,0.44,0
307,6,16,1,6.67,2649704.31,-16966.03,-0.14,0,0.0,0
307,7,18,2,12.5,2624534.59,-25169.73,-0.2,44217.79,1.04,0
307,8,19,1,5.56,2575147.17,-49387.42,-0.39,0,0.0,0
307,9,21,2,10.53,2529512.38,-45634.79,-0.36,31390.5,0.74,0
307,10,22,1,4.76,2520515.75,-8996.64,-0.07,0,0.0,0
307,11,24,2,9.09,2502912.66,-17603.09,-0.14,49454.45,1.16,0
307,12,25,1,4.17,2523928.69,21016.04,0.17,45526.45,1.07,0
308,1,23,2,9.52,458574.33,-1472.48,-0.08,0,0.0,0
308,2,26,3,13.04,457377.85,-1196.48,-0.06,0,0.0,0
308,3,29,3,11.54,458312.16,934.31,0.05,0,0.0,0
308,4,32,3,10.34,449976.14,-8336.02,-0.45,0,0.0,0
308,5,33,1,3.12,449434.98,-541.16,-0.03,0,0.0,0
308,6,36,3,9.09,447817.88,-1617.1,-0.09,32178.2,1.35,0
308,7,53,17,47.22,448129.56,311.69,0.02,33135.12,1.39,1
308,8,54,1,1.89,442136.57,-5993.0,-0.32,0,0.0,0
308,9,56,2,3.7,442707.62,571.05,0.03,26343.37,1.1,0
308,10,61,5,8.93,446128.34,3420.72,0.18,0,0.0,0
308,11,68,7,11.48,442166.54,-3961.8,-0.21,0,0.0,0
308,12,75,7,10.29,444053.39,1886.86,0.1,22314.94,0.94,0
309,1,31,3,10.71,2909712.68,-72244.83,-0.29,6101.08,1.21,0
309,2,34,3,9.68,2884935.58,-24777.11,-0.1,6729.76,1.33,0
309,3,37,3,8.82,2880889.65,-4045.92,-0.02,3728.64,0.74,0
309,4,40,3,8.11,2908199.22,27309.56,0.11,5215.86,1.03,0
309,5,43,3,7.5,2908550.57,351.35,0.0,0,0.0,0
309,6,46,3,6.98,2862677.5,-45873.07,-0.18,3501.09,0.69,0
309,7,51,5,10.87,2864897.65,2220.14,0.01,0,0.0,0
309,8,53,2,3.92,2870041.02,5143.37,0.02,2320.41,0.46,0
309,9,56,3,5.66,2778182.24,-91858.77,-0.37,0,0.0,0
309,10,62,6,10.71,2749862.33,-28319.91,-0.11,1324.22,0.26,0
309,11,63,1,1.61,2775372.72,25510.39,0.1,0,0.0,0
309,12,69,6,9.52,2787329.87,11957.15,0.05,4479.49,0.89,0
310,1,46,6,15.0,1635257.72,-38032.26,-0.26,0,0.0,0
310,2,50,4,8.7,1616112.58,-19145.13,-0.13,29024.99,0.74,0
310,3,52,2,4.0,1615276.35,-836.23,-0.01,464299.61,11.91,1
310,4,63,11,21.15,1607620.36,-7655.99,-0.05,0,0.0,0
310,5,71,8,12.7,1554718.5,-52901.86,-0.36,50394.82,1.29,0
310,6,77,6,8.45,1530592.88,-24125.62,-0.16,0,0.0,0
310,7,83,6,7.79,1557812.17,27219.29,0.18,0,0.0,0
310,8,91,8,9.64,1528784.49,-29027.69,-0.2,39730.37,1.02,0
310,9,98,7,7.69,1458679.99,-70104.5,-0.47,0,0.0,0
310,10,119,21,21.43,1490931.6,32251.61,0.22,45616.73,1.17,0
310,11,143,24,20.17,1521800.6,30869.0,0.21,52230.85,1.34,0
310,12,155,12,8.39,1501650.73,-20149.87,-0.14,0,0.0,0
311,1,13,2,18.18,1400581.39,-2080.19,-0.03,0,0.0,0
311,2,14,1,7.69,1372761.63,-27819.76,-0.38,0,0.0,0
311,3,15,1,7.14,1364462.84,-8298.79,-0.11,0,0.0,0
311,4,16,1,6.67,1356894.45,-7568.39,-0.1,0,0.0,0
311,5,19,3,18.75,1362631.59,5737.14,0.08,5555.54,0.52,0
311,6,21,2,10.53,1349016.63,-13614.96,-0.19,0,0.0,0
311,7,24,3,14.29,1312996.23,-36020.39,-0.49,110568.76,10.27,1
311,8,30,6,25.0,1296584.05,-16412.19,-0.22,0,0.0,0
311,9,34,4,13.33,1281677.34,-14906.71,-0.2,8142.36,0.76,0
311,10,38,4,11.76,1278861.37,-2815.98,-0.04,0,0.0,0
311,11,44,6,15.79,1272423.75,-6437.62,-0.09,6498.09,0.6,0
311,12,53,9,20.45,1268145.49,-4278.26,-0.06,0,0.0,0
312,1,13,0,0.0,199460.9,492.64,0.05,13836.74,0.45,0
312,2,13,0,0.0,198078.49,-1382.42,-0.13,0,0.0,0
312,3,13,0,0.0,197818.26,-260.23,-0.02,0,0.0,0
312,4,13,0,0.0,198534.77,716.51,0.07,28509.04,0.92,0
312,5,13,0,0.0,199209.54,674.77,0.06,26192.88,0.84,0
312,6,13,0,0.0,195762.54,-3447.0,-0.33,11104.58,0.36,0
312,7,19,6,46.15,192350.85,-3411.7,-0.32,0,0.0,1
312,8,19,0,0.0,192405.74,54.89,0.01,30537.27,0.98,0
312,9,20,1,5.26,192915.2,509.46,0.05,11291.63,0.36,0
312,10,20,0,0.0,190544.85,-2370.35,-0.22,32524.05,1.05,0
312,11,20,0,0.0,189210.11,-1334.74,-0.13,0,0.0,0
312,12,21,1,5.0,188040.88,-1169.24,-0.11,32511.62,1.05,0
313,1,19,3,18.75,2624070.96,5461.13,0.02,0,0.0,0
313,2,21,2,10.53,2547576.38,-76494.58,-0.3,33869.23,1.16,0
313,3,24,3,14.29,2555078.72,7502.35,0.03,29288.54,1.01,0
313,4,28,4,16.67,2471851.62,-83227.11,-0.33,37246.89,1.28,0
313,5,29,1,3.57,2438967.58,-32884.04,-0.13,41433.02,1.43,0
313,6,31,2,6.9,2451048.6,12081.02,0.05,0,0.0,0
313,7,33,2,6.45,2424151.71,-26896.89,-0.11,0,0.0,0
313,8,37,4,12.12,2414069.45,-10082.26,-0.04,0,0.0,0
313,9,44,7,18.92,2401141.67,-12927.78,-0.05,23724.1,0.82,0
313,10,49,5,11.36,2429454.1,28312.43,0.11,0,0.0,0
313,11,54,5,10.2,2453530.98,24076.89,0.1,222852.92,7.67,1
313,12,61,7,12.96,2433009.04,-20521.94,-0.08,0,0.0,0
314,1,23,3,15.0,70527.51,681.2,0.19,39426.14,0.84,0
314,2,25,2,8.7,5107843.35,5037315.84,1378.66,35070.65,0.74,1
314,3,29,4,16.0,5108242.21,398.86,0.11,51964.49,1.1,0
314,4,34,5,17.24,5108017.77,-224.44,-0.06,0,0.0,0
314,5,39,5,14.71,5107946.4,-71.37,-0.02,21041.75,0.45,0
314,6,46,7,17.95,5107451.2,-495.2,-0.14,61246.16,1.3,0
314,7,50,4,8.7,5106693.31,-757.89,-0.21,10989.62,0.23,0
314,8,59,9,18.0,5105673.44,-1019.87,-0.28,0,0.0,0
314,9,65,6,10.17,5103646.95,-2026.49,-0.55,60653.09,1.29,0
314,10,72,7,10.77,5101948.98,-1697.97,-0.46,38264.55,0.81,0
314,11,75,3,4.17,5102082.4,133.41,0.04,0,0.0,0
314,12,83,8,10.67,5101885.47,-196.93,-0.05,0,0.0,0
315,1,39,3,8.33,273551.21,-7896.94,-0.46,15334.23,1.36,0
315,2,42,3,7.69,266876.4,-6674.82,-0.38,7595.05,0.68,0
315,3,46,4,9.52,261655.99,-5220.41,-0.3,0,0.0,0
315,4,52,6,13.04,256230.59,-5425.4,-0.31,15291.31,1.36,0
315,5,59,7,13.46,256765.69,535.1,0.03,10135.99,0.9,0
315,6,68,9,15.25,260197.35,3431.65,0.2,0,0.0,0
315,7,76,8,11.76,257459.83,-2737.52,-0.16,12202.83,1.09,0
315,8,84,8,10.53,256292.09,-1167.74,-0.07,0,0.0,0
315,9,94,10,11.9,252311.22,-3980.87,-0.23,0,0.0,0
315,10,103,9,9.57,252845.05,533.83,0.03,0,0.0,0
315,11,115,12,11.65,251393.85,-1451.2,-0.08,7975.05,0.71,0
315,12,120,5,4.35,253349.19,1955.34,0.11,0,0.0,0
316,1,21,1,5.0,2084858.87,-57558.37,-0.55,0,0.0,0
316,2,24,3,14.29,2087489.2,2630.32,0.03,17131.48,1.45,0
316,3,27,3,12.5,2116556.34,29067.14,0.28,17347.28,1.47,0
316,4,31,4,14.81,11028773.49,8912217.15,85.6,0,0.0,1
316,5,35,4,12.9,11042309.19,13535.7,0.13,3762.58,0.32,0
316,6,40,5,14.29,11035117.95,-7191.24,-0.07,3829.54,0.33,0
316,7,44,4,10.0,11019752.43,-15365.52,-0.15,14610.88,1.24,0
316,8,47,3,6.82,11028549.79,8797.36,0.08,0,0.0,0
316,9,49,2,4.26,11026218.53,-2331.26,-0.02,0,0.0,0
316,10,52,3,6.12,10996929.06,-29289.47,-0.28,0,0.0,0
316,11,59,7,13.46,10961241.21,-35687.85,-0.34,6620.48,0.56,0
316,12,65,6,10.17,10943866.92,-17374.29,-0.17,0,0.0,0
317,1,11,1,10.0,2678894.36,-12535.65,-0.13,0,0.0,0
317,2,12,1,9.09,2669328.81,-9565.55,-0.1,0,0.0,0
317,3,14,2,16.67,2680951.24,11622.42,0.12,0,0.0,0
317,4,15,1,7.14,2650543.54,-30407.7,-0.3,14021.8,0.37,0
317,5,17,2,13.33,2640372.22,-10171.32,-0.1,26804.31,0.7,0
317,6,19,2,11.76,2604363.04,-36009.18,-0.36,9660.3,0.25,0
317,7,21,2,10.53,2605728.55,1365.5,0.01,43747.62,1.15,0
317,8,25,4,19.05,2564741.04,-40987.5,-0.41,8003.13,0.21,0
317,9,29,4,16.0,2516341.76,-48399.29,-0.48,36896.13,0.97,0
317,10,36,7,24.14,2469597.19,-46744.56,-0.47,0,0.0,0
317,11,38,2,5.56,2431988.57,-37608.63,-0.38,41652.43,1.1,0
317,12,45,7,18.42,2420138.58,-11849.99,-0.12,37147.84,0.98,0
318,1,18,2,12.5,1711800.4,-32910.01,-0.18,0,0.0,0
318,2,22,4,22.22,1719152.48,7352.09,0.04,56832.8,1.17,0
318,3,27,5,22.73,1687636.26,-31516.23,-0.17,42112.5,0.87,0
318,4,29,2,7.41,1611961.46,-75674.8,-0.42,0,0.0,0
318,5,33,4,13.79,1581743.46,-30218.01,-0.17,65609.8,1.35,0
318,6,39,6,18.18,1585704.59,3961.13,0.02,64388.69,1.33,0
318,7,45,6,15.38,1600820.53,15115.94,0.08,40929.61,0.84,0
318,8,49,4,8.89,8259354.02,6658533.5,36.63,60850.36,1.25,1
318,9,58,9,18.37,8220374.09,-38979.93,-0.21,28395.74,0.59,0
318,10,69,11,18.97,8167381.23,-52992.87,-0.29,0,0.0,0
318,11,72,3,4.35,8090749.91,-76631.31,-0.42,41492.65,0.86,0
318,12,75,3,4.17,8073954.51,-16795.4,-0.09,37534.67,0.77,0
319,1,7,0,0.0,2445118.91,8677.15,0.06,2494.84,0.54,0
319,2,8,1,14.29,2393130.28,-51988.63,-0.37,6521.53,1.42,0
319,3,9,1,12.5,2388009.14,-5121.14,-0.04,4335.58,0.94,0
319,4,16,7,77.78,2360423.81,-27585.32,-0.19,0,0.0,1
319,5,17,1,6.25,11744480.1,9384056.29,65.9,0,0.0,1
319,6,18,1,5.88,11724474.64,-20005.46,-0.14,2320.8,0.51,0
319,7,20,2,11.11,11718605.64,-5869.0,-0.04,0,0.0,0
319,8,21,1,5.0,11663934.69,-54670.96,-0.38,3715.18,0.81,0
319,9,23,2,9.52,11647951.99,-15982.69,-0.11,0,0.0,0
319,10,25,2,8.7,11671470.13,23518.13,0.17,6023.65,1.31,0
319,11,27,2,8.0,11639558.06,-31912.07,-0.22,3065.74,0.67,0
319,12,29,2,7.41,11578098.89,-61459.17,-0.43,5134.05,1.12,0
320,1,33,1,3.12,2054525.38,-9181.06,-0.09,50043.03,1.0,0
320,2,34,1,3.03,2037084.68,-17440.71,-0.17,25347.57,0.51,0
320,3,36,2,5.88,1995820.85,-41263.83,-0.41,0,0.0,0
320,4,62,26,72.22,1968359.88,-27460.97,-0.27,47312.33,0.95,1
320,5,63,1,1.61,1995591.82,27231.94,0.27,0,0.0,0
320,6,64,1,1.59,1994852.85,-738.97,-0.01,23768.11,0.48,0
320,7,65,1,1.56,1983549.62,-11303.23,-0.11,67703.54,1.36,0
320,8,66,1,1.54,1983930.72,381.1,0.0,15441.37,0.31,0
320,9,69,3,4.55,1993451.52,9520.8,0.09,69350.58,1.39,0
320,10,71,2,2.9,1967431.56,-26019.97,-0.26,0,0.0,0
320,11,72,1,1.41,1990653.5,23221.95,0.23,63996.85,1.28,0
320,12,75,3,4.17,2011552.04,20898.54,0.21,60175.83,1.21,0
321,1,36,7,24.14,2176584.31,-11299.41,-0.12,11446.32,1.4,0
321,2,41,5,13.89,2153627.84,-22956.46,-0.24,10089.52,1.24,0
321,3,46,5,12.2,2125713.8,-27914.04,-0.29,0,0.0,0
321,4,49,3,6.52,2092619.11,-33094.69,-0.35,6646.65,0.81,0
321,5,58,9,18.37,2103200.21,10581.1,0.11,1827.71,0.22,0
321,6,68,10,17.24,2075050.82,-28149.39,-0.3,3402.54,0.42,0
321,7,77,9,13.24,2040863.12,-34187.69,-0.36,11450.91,1.4,0
321,8,94,17,22.08,2020939.22,-19923.91,-0.21,0,0.0,0
321,9,102,8,8.51,1988670.8,-32268.41,-0.34,0,0.0,0
321,10,123,21,20.59,1980924.77,-7746.03,-0.08,0,0.0,0
321,11,153,30,24.39,1985819.77,4895.0,0.05,4972.64,0.61,0
321,12,175,22,14.38,9320708.13,7334888.36,76.98,0,0.0,1
322,1,42,4,10.53,2254472.48,-3784.27,-0.02,47748.16,1.33,0
322,2,47,5,11.9,2282389.77,27917.29,0.12,0,0.0,0
322,3,54,7,14.89,2266113.36,-16276.41,-0.07,17603.56,0.49,0
322,4,60,6,11.11,2315187.1,49073.74,0.21,40816.05,1.13,0
322,5,67,7,11.67,2328005.19,12818.09,0.05,0,0.0,0
322,6,75,8,11.94,2357374.06,29368.87,0.12,50836.34,1.41,0
322,7,80,5,6.67,2244998.04,-112376.02,-0.47,28270.1,0.79,0
322,8,91,11,13.75,2231559.98,-13438.06,-0.06,16231.72,0.45,0
322,9,101,10,10.99,2159948.52,-71611.46,-0.3,0,0.0,0
322,10,108,7,6.93,2122241.57,-37706.95,-0.16,25802.82,0.72,0
322,11,118,10,9.26,2087781.69,-34459.88,-0.14,0,0.0,0
322,12,135,17,14.41,2016222.91,-71558.78,-0.3,28261.74,0.79,0
323,1,38,2,5.56,219766.35,-768.94,-0.04,71727.53,1.47,0
323,2,42,4,10.53,217776.96,-1989.39,-0.1,57393.04,1.18,0
323,3,45,3,7.14,214565.47,-3211.49,-0.16,58785.71,1.21,0
323,4,49,4,8.89,215060.28,494.81,0.03,0,0.0,0
323,5,56,7,14.29,216065.58,1005.3,0.05,60617.24,1.25,0
323,6,58,2,3.57,212957.67,-3107.91,-0.16,15031.69,0.31,0
323,7,63,5,8.62,205805.32,-7152.35,-0.36,29902.74,0.61,0
323,8,69,6,9.52,199373.05,-6432.27,-0.33,51853.71,1.07,0
323,9,76,7,10.14,196781.41,-2591.64,-0.13,0,0.0,0
323,10,87,11,14.47,188514.77,-8266.64,-0.42,39497.16,0.81,0
323,11,93,6,6.9,181610.78,-6903.99,-0.35,42709.51,0.88,0
323,12,106,13,13.98,178894.41,-2716.37,-0.14,350646.55,7.2,1
324,1,5,0,0.0,1236676.84,-36756.55,-0.47,15634.11,0.89,0
324,2,5,0,0.0,1259662.7,22985.85,0.29,0,0.0,0
324,3,5,0,0.0,1248918.2,-10744.5,-0.14,0,0.0,0
324,4,5,0,0.0,1258032.15,9113.95,0.12,17760.84,1.01,0
324,5,5,0,0.0,1224006.26,-34025.89,-0.43,12931.92,0.73,0
324,6,5,0,0.0,1229161.12,5154.86,0.07,17514.88,0.99,0
324,7,5,0,0.0,1195476.97,-33684.14,-0.43,0,0.0,0
324,8,5,0,0.0,1167093.2,-28383.77,-0.36,21146.76,1.2,0
324,9,5,0,0.0,6606077.34,5438984.13,69.16,0,0.0,1
324,10,5,0,0.0,6597672.7,-8404.64,-0.11,0,0.0,0
324,11,5,0,0.0,6579499.99,-18172.7,-0.23,12429.08,0.71,0
324,12,5,0,0.0,6554291.72,-25208.28,-0.32,8204.4,0.47,0
325,1,31,5,19.23,1473439.43,-28382.36,-0.16,18639.99,0.38,0
325,2,37,6,19.35,1386589.07,-86850.36,-0.49,19069.75,0.39,0
325,3,43,6,16.22,1370112.52,-16476.54,-0.09,0,0.0,0
325,4,47,4,9.3,1312117.78,-57994.74,-0.32,42730.44,0.88,0
325,5,53,6,12.77,1320697.47,8579.68,0.05,0,0.0,0
325,6,56,3,5.66,1265029.61,-55667.86,-0.31,38881.57,0.8,0
325,7,60,4,7.14,1242415.2,-22614.41,-0.13,69849.77,1.43,0
325,8,68,8,13.33,1148413.02,-94002.18,-0.53,0,0.0,0
325,9,81,13,19.12,1122468.26,-25944.77,-0.15,41480.76,0.85,0
325,10,93,12,14.81,1054969.36,-67498.9,-0.38,0,0.0,0
325,11,104,11,11.83,1017913.62,-37055.74,-0.21,0,0.0,0
325,12,109,5,4.81,1002246.19,-15667.43,-0.09,0,0.0,0
326,1,14,2,16.67,1247693.42,-68927.14,-0.54,3924.15,0.2,0
326,2,16,2,14.29,1264972.22,17278.8,0.14,0,0.0,0
326,3,20,4,25.0,1240411.3,-24560.92,-0.19,0,0.0,0
326,4,25,5,25.0,1261079.17,20667.87,0.16,7616.36,0.39,0
326,5,30,5,20.0,1250153.94,-10925.23,-0.09,0,0.0,0
326,6,35,5,16.67,1223226.64,-26927.29,-0.21,0,0.0,0
326,7,43,8,22.86,5854630.7,4631404.05,36.52,20271.89,1.05,1
326,8,46,3,6.98,5820899.42,-33731.27,-0.27,7664.63,0.4,0
326,9,50,4,8.7,5783459.27,-37440.15,-0.3,21644.06,1.12,0
326,10,60,10,20.0,5804091.67,20632.4,0.16,23928.86,1.24,0
326,11,69,9,15.0,5816345.24,12253.58,0.1,0,0.0,0
326,12,76,7,10.14,5797876.22,-18469.02,-0.15,10375.19,0.54,0
327,1,32,2,6.67,957345.5,-18837.08,-0.4,26737.43,0.98,0
327,2,34,2,6.25,945447.74,-11897.76,-0.25,0,0.0,0
327,3,37,3,8.82,937600.14,-7847.6,-0.17,23308.53,0.86,0
327,4,40,3,8.11,934751.96,-2848.17,-0.06,10937.15,0.4,0
327,5,41,1,2.5,935118.42,366.46,0.01,19548.06,0.72,0
327,6,42,1,2.44,916504.46,-18613.96,-0.4,0,0.0,0
327,7,43,1,2.38,913188.77,-3315.69,-0.07,33975.31,1.25,0
327,8,60,17,39.53,913442.18,253.42,0.01,28188.43,1.04,1
327,9,66,6,10.0,920633.56,7191.37,0.15,0,0.0,0
327,10,72,6,9.09,896259.48,-24374.08,-0.52,19641.44,0.72,0
327,11,78,6,8.33,895624.32,-635.15,-0.01,0,0.0,0
327,12,80,2,2.56,895873.36,249.03,0.01,0,0.0,0
328,1,42,3,7.69,1146793.21,-46692.38,-0.46,10967.48,0.84,0
328,2,45,3,7.14,1122781.15,-24012.06,-0.24,0,0.0,0
328,3,51,6,13.33,1145183.63,22402.48,0.22,10206.37,0.78,0
328,4,57,6,11.76,1117440.12,-27743.51,-0.27,0,0.0,0
328,5,64,7,12.28,1094939.44,-22500.68,-0.22,8218.95,0.63,0
328,6,70,6,9.38,1078139.73,-16799.71,-0.17,18014.66,1.38,0
328,7,75,5,7.14,1069247.6,-8892.13,-0.09,0,0.0,0
328,8,83,8,10.67,1065505.99,-3741.61,-0.04,0,0.0,0
328,9,88,5,6.02,1032720.23,-32785.75,-0.32,6176.9,0.47,0
328,10,100,12,13.64,1015782.61,-16937.63,-0.17,3491.83,0.27,0
328,11,113,13,13.0,994603.5,-21179.11,-0.21,13644.32,1.04,0
328,12,120,7,6.19,960714.4,-33889.1,-0.34,0,0.0,0
329,1,9,0,0.0,2304898.45,42245.07,0.18,0,0.0,0
329,2,9,0,0.0,2324186.24,19287.79,0.08,22756.55,0.58,0
329,3,9,0,0.0,2256697.72,-67488.52,-0.29,46717.44,1.19,0
329,4,9,0,0.0,2232248.9,-24448.82,-0.1,23075.13,0.59,0
329,5,9,0,0.0,2147984.52,-84264.38,-0.36,0,0.0,0
329,6,9,0,0.0,2142534.72,-5449.8,-0.02,13930.12,0.35,0
329,7,9,0,0.0,2111534.24,-31000.48,-0.13,0,0.0,0
329,8,9,0,0.0,2133296.69,21762.45,0.09,13186.59,0.34,0
329,9,9,0,0.0,2082267.32,-51029.37,-0.22,0,0.0,0
329,10,9,0,0.0,2101596.76,19329.44,0.08,43855.48,1.12,0
329,11,9,0,0.0,1996733.86,-104862.89,-0.45,23173.29,0.59,0
329,12,9,0,0.0,2031278.27,34544.41,0.15,39853.56,1.01,0
330,1,19,1,5.56,1691555.69,-78524.26,-0.44,2861.16,0.91,0
330,2,21,2,10.53,1703435.33,11879.64,0.07,0,0.0,0
330,3,24,3,14.29,1691730.07,-11705.25,-0.06,2008.9,0.64,0
330,4,27,3,12.5,1730990.71,39260.64,0.22,0,0.0,0
330,5,29,2,7.41,1698159.93,-32830.79,-0.18,0,0.0,0
330,6,33,4,13.79,1614302.43,-83857.5,-0.47,1750.01,0.56,0
330,7,36,3,9.09,1637010.48,22708.05,0.13,3977.3,1.26,0
330,8,38,2,5.56,1612433.7,-24576.78,-0.14,4710.09,1.5,0
330,9,41,3,7.89,1632122.98,19689.27,0.11,3351.26,1.06,0
330,10,47,6,14.63,1628032.6,-4090.38,-0.02,1250.79,0.4,0
330,11,53,6,12.77,1579321.17,-48711.43,-0.27,0,0.0,0
330,12,58,5,9.43,1573759.49,-5561.68,-0.03,0,0.0,0
331,1,10,1,11.11,612071.95,5679.49,0.15,0,0.0,0
331,2,11,1,10.0,593755.77,-18316.18,-0.47,26087.6,1.08,0
331,3,21,10,90.91,582084.36,-11671.41,-0.3,32957.41,1.37,1
331,4,22,1,4.76,576249.38,-5834.98,-0.15,17982.74,0.75,0
331,5,23,1,4.55,581393.36,5143.97,0.13,0,0.0,0
331,6,25,2,8.7,570127.27,-11266.08,-0.29,17439.32,0.72,0
331,7,26,1,4.0,560347.58,-9779.69,-0.25,31665.46,1.32,0
331,8,27,1,3.85,552354.25,-7993.33,-0.21,32395.48,1.35,0
331,9,28,1,3.7,547665.83,-4688.42,-0.12,16817.54,0.7,0
331,10,30,2,7.14,539013.54,-8652.29,-0.22,29286.25,1.22,0
331,11,32,2,6.67,542880.78,3867.24,0.1,0,0.0,0
331,12,34,2,6.25,543971.99,1091.21,0.03,26252.14,1.09,0
332,1,30,4,15.38,823149.59,-1839.58,-0.06,0,0.0,0
332,2,32,2,6.67,819384.79,-3764.81,-0.12,0,0.0,0
332,3,39,7,21.88,810154.12,-9230.66,-0.29,289704.42,9.29,1
332,4,42,3,7.69,815336.1,5181.98,0.16,25236.87,0.81,0
332,5,45,3,7.14,809504.45,-5831.65,-0.18,21554.64,0.69,0
332,6,53,8,17.78,795814.19,-13690.27,-0.43,39853.55,1.28,0
332,7,56,3,5.66,787656.87,-8157.31,-0.26,0,0.0,0
332,8,63,7,12.5,782047.75,-5609.12,-0.18,8810.21,0.28,0
332,9,75,12,19.05,775672.58,-6375.17,-0.2,16119.12,0.52,0
332,10,85,10,13.33,775034.26,-638.32,-0.02,34540.3,1.11,0
332,11,100,15,17.65,775891.92,857.66,0.03,0,0.0,0
332,12,113,13,13.0,783742.94,7851.02,0.25,9652.43,0.31,0
333,1,7,0,0.0,785036.19,-2967.19,-0.05,20761.02,0.75,0
333,2,7,0,0.0,776605.96,-8430.22,-0.16,25246.11,0.91,0
333,3,8,1,14.29,760313.12,-16292.84,-0.3,12654.99,0.46,0
333,4,10,2,25.0,760956.07,642.94,0.01,30959.45,1.12,0
333,5,11,1,10.0,759923.51,-1032.55,-0.02,12190.8,0.44,0
333,6,13,2,18.18,751575.01,-8348.5,-0.15,0,0.0,0
333,7,14,1,7.69,744920.24,-6654.78,-0.12,0,0.0,0
333,8,15,1,7.14,739806.37,-5113.86,-0.09,11053.37,0.4,0
333,9,17,2,13.33,739749.9,-56.47,-0.0,17038.07,0.62,0
333,10,20,3,17.65,730653.31,-9096.59,-0.17,0,0.0,0
333,11,23,3,15.0,708116.58,-22536.73,-0.41,10165.58,0.37,0
333,12,28,5,21.74,704112.28,-4004.3,-0.07,36799.4,1.33,0
334,1,40,1,2.56,2001902.65,-9373.09,-0.14,9989.67,0.5,0
334,2,58,18,45.0,1983940.97,-17961.68,-0.26,0,0.0,1
334,3,60,2,3.45,1955423.49,-28517.48,-0.41,25813.63,1.28,0
334,4,61,1,1.67,1947926.38,-7497.11,-0.11,147922.09,7.35,1
334,5,62,1,1.64,1922270.93,-25655.45,-0.37,0,0.0,0
334,6,63,1,1.61,1901400.42,-20870.51,-0.3,15265.57,0.76,0
334,7,64,1,1.59,1893192.5,-8207.92,-0.12,13360.41,0.66,0
334,8,65,1,1.56,1876585.39,-16607.11,-0.24,0,0.0,0
334,9,67,2,3.08,1852925.11,-23660.29,-0.34,20387.41,1.01,0
334,10,68,1,1.49,1849007.69,-3917.41,-0.06,24295.39,1.21,0
334,11,69,1,1.47,1830776.54,-18231.16,-0.26,0,0.0,0
334,12,70,1,1.45,1805113.87,-25662.67,-0.37,24024.06,1.19,0
335,1,28,2,7.69,1137454.87,-3254.37,-0.05,43870.3,1.34,0
335,2,34,6,21.43,1131799.67,-5655.2,-0.1,37133.43,1.14,0
335,3,40,6,17.65,1116599.1,-15200.57,-0.26,0,0.0,0
335,4,47,7,17.5,1098694.01,-17905.09,-0.3,0,0.0,0
335,5,54,7,14.89,1095417.49,-3276.52,-0.06,15150.26,0.46,0
335,6,66,12,22.22,1096737.71,1320.22,0.02,0,0.0,0
335,7,71,5,7.58,1076606.79,-20130.91,-0.34,25995.31,0.79,0
335,8,83,12,16.9,9063694.06,7987087.27,134.22,16087.92,0.49,1
335,9,91,8,9.64,9072944.02,9249.96,0.16,27803.88,0.85,0
335,10,103,12,13.19,9080318.28,7374.26,0.12,0,0.0,0
335,11,116,13,12.62,9077389.74,-2928.54,-0.05,33700.18,1.03,0
335,12,135,19,16.38,9069800.24,-7589.5,-0.13,0,0.0,0
336,1,6,0,0.0,1096478.39,748.73,0.01,38555.49,0.81,0
336,2,6,0,0.0,1108221.15,11742.76,0.21,42548.99,0.9,0
336,3,6,0,0.0,1098285.99,-9935.16,-0.18,0,0.0,0
336,4,6,0,0.0,1075023.14,-23262.85,-0.42,489051.67,10.31,1
336,5,6,0,0.0,1069410.29,-5612.84,-0.1,21596.91,0.46,0
336,6,7,1,16.67,1070218.55,808.26,0.01,49092.62,1.04,0
336,7,8,1,14.29,1057989.22,-12229.33,-0.22,0,0.0,0
336,8,8,0,0.0,1058730.72,741.5,0.01,66029.36,1.39,0
336,9,8,0,0.0,1047669.49,-11061.23,-0.2,0,0.0,0
336,10,9,1,12.5,1033067.07,-14602.42,-0.27,33862.65,0.71,0
336,11,10,1,11.11,1021338.51,-11728.56,-0.21,0,0.0,0
336,12,10,0,0.0,1012535.61,-8802.9,-0.16,27495.27,0.58,0
337,1,32,1,3.23,1265518.57,6024.42,0.04,0,0.0,0
337,2,32,0,0.0,5805511.6,4539993.03,30.28,0,0.0,1
337,3,32,0,0.0,5734579.71,-70931.89,-0.47,4495.82,1.39,0
337,4,32,0,0.0,5692737.44,-41842.27,-0.28,0,0.0,0
337,5,32,0,0.0,5705439.48,12702.03,0.08,0,0.0,0
337,6,32,0,0.0,5721969.79,16530.31,0.11,15114.29,4.68,0
337,7,44,12,37.5,5688511.57,-33458.22,-0.22,4816.11,1.49,1
337,8,45,1,2.27,5641333.1,-47178.47,-0.31,0,0.0,0
337,9,46,1,2.22,5624841.06,-16492.04,-0.11,750.06,0.23,0
337,10,47,1,2.17,5588701.03,-36140.03,-0.24,0,0.0,0
337,11,47,0,0.0,5548587.54,-40113.5,-0.27,2395.17,0.74,0
337,12,47,0,0.0,5527336.85,-21250.69,-0.14,0,0.0,0
338,1,7,1,16.67,1812639.09,-13915.03,-0.15,2653.11,0.3,0
338,2,7,0,0.0,1778830.65,-33808.44,-0.35,11506.88,1.29,0
338,3,8,1,14.29,1729415.43,-49415.22,-0.52,2712.9,0.3,0
338,4,9,1,12.5,1688306.73,-41108.7,-0.43,7538.58,0.84,0
338,5,10,1,11.11,1648795.5,-39511.23,-0.41,5378.38,0.6,0
338,6,12,2,20.0,1625346.19,-23449.31,-0.25,0,0.0,0
338,7,14,2,16.67,1569484.37,-55861.82,-0.59,11108.34,1.24,0
338,8,15,1,7.14,1549755.15,-19729.22,-0.21,11666.52,1.31,0
338,9,16,1,6.67,1518734.29,-31020.86,-0.33,0,0.0,0
338,10,19,3,18.75,1491655.23,-27079.05,-0.28,7707.66,0.86,0
338,11,21,2,10.53,1470286.76,-21368.47,-0.22,0,0.0,0
338,12,23,2,9.52,1485768.24,15481.47,0.16,0,0.0,0
339,1,34,1,3.03,2796605.21,-116740.91,-0.45,5386.98,0.27,0
339,2,36,2,5.88,2732145.53,-64459.69,-0.25,14707.67,0.73,0
339,3,37,1,2.78,2707541.94,-24603.58,-0.09,23923.87,1.18,0
339,4,39,2,5.41,2688294.62,-19247.33,-0.07,13572.88,0.67,0
339,5,63,24,61.54,2644297.21,-43997.4,-0.17,18284.64,0.91,1
339,6,67,4,6.35,2573538.87,-70758.34,-0.27,0,0.0,0
339,7,70,3,4.48,2547447.08,-26091.79,-0.1,0,0.0,0
339,8,74,4,5.71,2619765.57,72318.49,0.28,30032.73,1.49,0
339,9,78,4,5.41,2565149.29,-54616.29,-0.21,0,0.0,0
339,10,84,6,7.69,2502395.0,-62754.28,-0.24,27305.81,1.35,0
339,11,90,6,7.14,2408039.26,-94355.74,-0.36,8134.02,0.4,0
339,12,94,4,4.44,2417278.98,9239.72,0.04,10835.53,0.54,0
340,1,2,0,0.0,1997354.27,-9489.39,-0.13,0,0.0,0
340,2,2,0,0.0,1986317.9,-11036.37,-0.15,44513.72,1.03,0
340,3,2,0,0.0,1968630.59,-17687.31,-0.24,0,0.0,0
340,4,2,0,0.0,1980811.54,12180.95,0.16,16555.4,0.38,0
340,5,2,0,0.0,1957022.93,-23788.62,-0.32,28383.64,0.66,0
340,6,2,0,0.0,1941150.46,-15872.47,-0.21,18818.29,0.44,0
340,7,2,0,0.0,9520758.77,7579608.31,100.8,0,0.0,1
340,8,2,0,0.0,9500948.85,-19809.92,-0.26,10442.28,0.24,0
340,9,2,0,0.0,9464777.83,-36171.02,-0.48,42668.47,0.99,0
340,10,2,0,0.0,9440249.38,-24528.45,-0.33,0,0.0,0
340,11,2,0,0.0,9437364.38,-2885.0,-0.04,0,0.0,0
340,12,2,0,0.0,9400536.43,-36827.94,-0.49,0,0.0,0
341,1,11,0,0.0,1955460.07,8230.99,0.05,23736.72,0.51,0
341,2,11,0,0.0,1911613.12,-43846.96,-0.27,27340.67,0.59,0
341,3,11,0,0.0,1906763.92,-4849.2,-0.03,27411.76,0.59,0
341,4,11,0,0.0,1936813.81,30049.9,0.19,0,0.0,0
341,5,11,0,0.0,1869590.98,-67222.83,-0.41,42733.2,0.92,0
341,6,11,0,0.0,1803165.28,-66425.7,-0.41,11459.03,0.25,0
341,7,11,0,0.0,1776047.15,-27118.13,-0.17,0,0.0,0
341,8,11,0,0.0,1739276.73,-36770.41,-0.23,0,0.0,0
341,9,11,0,0.0,1762825.87,23549.13,0.15,0,0.0,0
341,10,11,0,0.0,1770355.26,7529.39,0.05,22631.8,0.49,0
341,11,11,0,0.0,1750116.43,-20238.83,-0.12,64538.5,1.39,0
341,12,11,0,0.0,1737425.33,-12691.11,-0.08,58311.39,1.26,0
342,1,39,2,5.41,1047180.25,-19037.57,-0.24,0,0.0,0
342,2,41,2,5.13,1018120.69,-29059.56,-0.37,4353.38,0.22,0
342,3,42,1,2.44,993667.55,-24453.14,-0.31,10001.19,0.5,0
342,4,45,3,7.14,964182.74,-29484.81,-0.37,12191.04,0.61,0
342,5,47,2,4.44,944957.95,-19224.8,-0.24,0,0.0,0
342,6,48,1,2.13,934898.64,-10059.3,-0.13,9650.68,0.49,0
342,7,49,1,2.08,914965.26,-19933.38,-0.25,166488.64,8.38,1
342,8,52,3,6.12,897562.12,-17403.14,-0.22,11750.76,0.59,0
342,9,55,3,5.77,872639.38,-24922.74,-0.31,26599.79,1.34,0
342,10,56,1,1.82,862118.57,-10520.81,-0.13,0,0.0,0
342,11,60,4,7.14,843600.54,-18518.02,-0.23,4795.82,0.24,0
342,12,84,24,40.0,846105.68,2505.14,0.03,0,0.0,1
343,1,24,1,4.35,2609014.42,-16646.94,-0.08,13965.23,0.79,0
343,2,25,1,4.17,2629488.63,20474.22,0.09,21861.25,1.23,0
343,3,43,18,72.0,2601477.44,-28011.19,-0.13,5447.9,0.31,1
343,4,45,2,4.65,2646728.6,45251.16,0.21,4607.33,0.26,0
343,5,46,1,2.22,2640557.18,-6171.42,-0.03,24395.92,1.38,0
343,6,48,2,4.35,2623567.63,-16989.55,-0.08,10354.52,0.58,0
343,7,49,1,2.08,2583192.59,-40375.04,-0.18,12930.38,0.73,0
343,8,51,2,4.08,2544024.84,-39167.75,-0.18,9092.79,0.51,0
343,9,52,1,1.96,2491382.76,-52642.08,-0.24,26370.72,1.49,0
343,10,53,1,1.92,2460529.64,-30853.12,-0.14,4306.07,0.24,0
343,11,54,1,1.89,2457209.68,-3319.96,-0.02,10506.14,0.59,0
343,12,57,3,5.56,2503020.01,45810.33,0.21,13177.32,0.74,0
344,1,39,0,0.0,1739928.96,-10611.0,-0.07,15736.12,1.29,0
344,2,39,0,0.0,1747106.35,7177.39,0.05,10558.41,0.87,0
344,3,39,0,0.0,1771912.87,24806.52,0.16,0,0.0,0
344,4,39,0,0.0,1733676.4,-38236.47,-0.25,6947.07,0.57,0
344,5,39,0,0.0,1698684.63,-34991.76,-0.23,6135.84,0.5,0
344,6,39,0,0.0,1689141.09,-9543.55,-0.06,0,0.0,0
344,7,39,0,0.0,1643785.62,-45355.46,-0.29,14032.64,1.15,0
344,8,39,0,0.0,1599027.76,-44757.87,-0.29,7105.99,0.58,0
344,9,39,0,0.0,1545529.02,-53498.73,-0.35,0,0.0,0
344,10,39,0,0.0,1506370.99,-39158.03,-0.25,9082.02,0.75,0
344,11,62,23,58.97,1469222.22,-37148.77,-0.24,16599.87,1.37,1
344,12,62,0,0.0,1399851.79,-69370.42,-0.45,70052.18,5.76,1
345,1,8,1,14.29,1956339.39,-5269.44,-0.04,5906.44,1.27,0
345,2,14,6,75.0,1928280.99,-28058.39,-0.2,5050.69,1.09,1
345,3,15,1,7.14,1916230.29,-12050.71,-0.08,0,0.0,0
345,4,17,2,13.33,11411633.57,9495403.28,66.39,2257.78,0.49,1
345,5,19,2,11.76,11340585.71,-71047.86,-0.5,0,0.0,0
345,6,20,1,5.26,11261127.42,-79458.28,-0.56,5932.2,1.28,0
345,7,23,3,15.0,11207049.32,-54078.1,-0.38,5128.67,1.11,0
345,8,27,4,17.39,11224535.28,17485.95,0.12,3564.05,0.77,0
345,9,31,4,14.81,11192012.1,-32523.18,-0.23,2185.56,0.47,0
345,10,37,6,19.35,11186767.99,-5244.11,-0.04,3886.79,0.84,0
345,11,42,5,13.51,11187046.99,279.0,0.0,1358.97,0.29,0
345,12,51,9,21.43,11169886.86,-17160.13,-0.12,1495.64,0.32,0
346,1,20,1,5.26,137665.34,-1819.54,-0.2,27020.69,1.43,0
346,2,21,1,5.0,138609.93,944.59,0.1,0,0.0,0
346,3,23,2,9.52,135205.76,-3404.17,-0.38,15349.26,0.81,0
346,4,25,2,8.7,133937.79,-1267.97,-0.14,7724.76,0.41,0
346,5,27,2,8.0,134715.4,777.62,0.09,6753.49,0.36,0
346,6,29,2,7.41,134595.69,-119.72,-0.01,275596.73,14.54,1
346,7,32,3,10.34,135662.39,1066.7,0.12,26669.48,1.41,0
346,8,37,5,15.62,132064.88,-3597.5,-0.4,0,0.0,0
346,9,42,5,13.51,130480.74,-1584.14,-0.17,0,0.0,0
346,10,44,2,4.76,130267.55,-213.2,-0.02,0,0.0,0
346,11,49,5,11.36,130321.41,53.86,0.01,0,0.0,0
346,12,52,3,6.12,128663.25,-1658.15,-0.18,14556.67,0.77,0
347,1,26,1,4.0,590765.19,-8071.86,-0.13,0,0.0,0
347,2,29,3,11.54,596151.87,5386.67,0.09,0,0.0,0
347,3,32,3,10.34,592777.57,-3374.29,-0.06,16766.57,1.04,0
347,4,37,5,15.62,572584.1,-20193.48,-0.33,0,0.0,0
347,5,45,8,21.62,586773.77,14189.67,0.23,12488.79,0.78,0
347,6,53,8,17.78,578050.89,-8722.87,-0.14,17881.39,1.11,0
347,7,58,5,9.43,578111.35,60.46,0.0,18438.14,1.15,0
347,8,60,2,3.45,556759.27,-21352.08,-0.35,0,0.0,0
347,9,72,12,20.0,548828.7,-7930.56,-0.13,3300.63,0.21,0
347,10,76,4,5.56,521746.74,-27081.96,-0.45,20354.84,1.27,0
347,11,91,15,19.74,519188.9,-2557.84,-0.04,13712.98,0.85,0
347,12,99,8,8.79,512701.46,-6487.44,-0.11,0,0.0,0
348,1,37,1,2.78,2942816.52,-36094.69,-0.25,20048.97,0.47,0
348,2,37,0,0.0,2898461.7,-44354.81,-0.3,0,0.0,0
348,3,38,1,2.7,2847393.79,-51067.91,-0.35,39806.35,0.93,0
348,4,39,1,2.63,2815542.09,-31851.7,-0.22,0,0.0,0
348,5,40,1,2.56,2784704.35,-30837.74,-0.21,56752.73,1.33,0
348,6,42,2,5.0,2801619.31,16914.96,0.12,0,0.0,0
348,7,44,2,4.76,2831814.6,30195.28,0.21,0,0.0,0
348,8,45,1,2.27,2790380.39,-41434.2,-0.28,0,0.0,0
348,9,47,2,4.44,2788971.94,-1408.45,-0.01,11263.35,0.26,0
348,10,49,2,4.26,2779612.31,-9359.63,-0.06,0,0.0,0
348,11,51,2,4.08,2733908.93,-45703.38,-0.31,11966.41,0.28,0
348,12,52,1,1.96,2707611.12,-26297.81,-0.18,12767.49,0.3,0
349,1,20,5,33.33,616163.75,2913.82,0.05,3933.71,0.57,1
349,2,21,1,5.0,618304.08,2140.33,0.04,2212.6,0.32,0
349,3,25,4,19.05,589633.93,-28670.16,-0.54,0,0.0,0
349,4,29,4,16.0,576809.74,-12824.18,-0.24,0,0.0,0
349,5,33,4,13.79,556590.73,-20219.01,-0.38,2352.48,0.34,0
349,6,37,4,12.12,535348.34,-21242.39,-0.4,5202.85,0.75,0
349,7,39,2,5.41,522263.91,-13084.44,-0.24,4605.61,0.66,0
349,8,45,6,15.38,511318.79,-10945.11,-0.2,1982.02,0.29,0
349,9,54,9,20.0,4198144.6,3686825.81,69.03,0,0.0,1
349,10,58,4,7.41,4184909.47,-13235.13,-0.25,6698.65,0.96,0
349,11,64,6,10.34,4182767.1,-2142.38,-0.04,4682.34,0.67,0
349,12,69,5,7.81,4164677.23,-18089.86,-0.34,0,0.0,0
350,1,35,1,2.94,512619.09,-7086.87,-0.21,0,0.0,0
350,2,36,1,2.86,509080.0,-3539.09,-0.1,10803.8,1.23,0
350,3,37,1,2.78,493589.57,-15490.43,-0.45,10405.56,1.18,0
350,4,38,1,2.7,487453.34,-6136.23,-0.18,2561.61,0.29,0
350,5,39,1,2.63,492422.46,4969.12,0.14,11790.65,1.34,0
350,6,61,22,56.41,489242.5,-3179.96,-0.09,10976.87,1.24,1
350,7,62,1,1.64,473086.91,-16155.59,-0.47,8231.74,0.93,0
350,8,63,1,1.61,469863.66,-3223.24,-0.09,0,0.0,0
350,9,65,2,3.17,454969.05,-14894.62,-0.43,0,0.0,0
350,10,68,3,4.62,455278.58,309.54,0.01,0,0.0,0
350,11,71,3,4.41,438345.34,-16933.24,-0.49,3370.58,0.38,0
350,12,72,1,1.41,435094.72,-3250.62,-0.09,0,0.0,0
351,1,14,0,0.0,1819532.07,-7958.36,-0.14,48117.27,1.06,0
351,2,14,0,0.0,1817679.2,-1852.87,-0.03,53965.09,1.18,0
351,3,14,0,0.0,1808148.08,-9531.12,-0.17,0,0.0,0
351,4,14,0,0.0,1802601.86,-5546.22,-0.1,51145.27,1.12,0
351,5,22,8,57.14,1804001.51,1399.65,0.02,26640.42,0.58,1
351,6,22,0,0.0,1804601.26,599.75,0.01,0,0.0,0
351,7,22,0,0.0,1814896.91,10295.65,0.18,0,0.0,0
351,8,22,0,0.0,1789649.12,-25247.8,-0.45,17307.9,0.38,0
351,9,22,0,0.0,1789382.73,-266.38,-0.0,0,0.0,0
351,10,22,0,0.0,1800950.38,11567.64,0.21,0,0.0,0
351,11,22,0,0.0,1805594.24,4643.87,0.08,0,0.0,0
351,12,22,0,0.0,1779346.64,-26247.6,-0.47,23516.54,0.52,0
352,1,6,1,20.0,1036706.8,-289.26,-0.0,21769.85,0.72,0
352,2,7,1,16.67,1025305.48,-11401.32,-0.11,0,0.0,0
352,3,8,1,14.29,999497.89,-25807.59,-0.25,0,0.0,0
352,4,9,1,12.5,973978.5,-25519.39,-0.24,0,0.0,0
352,5,10,1,11.11,974728.87,750.37,0.01,28401.89,0.94,0
352,6,11,1,10.0,948005.64,-26723.23,-0.26,41177.09,1.37,0
352,7,18,7,63.64,922158.87,-25846.77,-0.25,0,0.0,1
352,8,21,3,16.67,907261.54,-14897.33,-0.14,0,0.0,0
352,9,22,1,4.76,917681.65,10420.12,0.1,31811.23,1.05,0
352,10,24,2,9.09,882682.46,-34999.2,-0.33,27157.71,0.9,0
352,11,26,2,8.33,870518.34,-12164.12,-0.12,0,0.0,0
352,12,29,3,11.54,856196.52,-14321.82,-0.14,0,0.0,0
353,1,11,0,0.0,1183924.11,-19888.66,-0.48,17385.12,1.05,0
353,2,11,0,0.0,1182311.11,-1613.0,-0.04,8380.57,0.5,0
353,3,11,0,0.0,1176447.43,-5863.67,-0.14,18703.03,1.13,0
353,4,11,0,0.0,1172100.83,-4346.6,-0.1,0,0.0,0
353,5,11,0,0.0,1163715.09,-8385.74,-0.2,0,0.0,0
353,6,11,0,0.0,1149426.96,-14288.13,-0.34,3396.91,0.2,0
353,7,11,0,0.0,1150013.07,586.11,0.01,14687.95,0.88,0
353,8,11,0,0.0,1134898.27,-15114.8,-0.36,10552.36,0.64,0
353,9,11,0,0.0,1136067.67,1169.4,0.03,0,0.0,0
353,10,11,0,0.0,1117216.99,-18850.68,-0.45,0,0.0,0
353,11,11,0,0.0,1116103.83,-1113.16,-0.03,0,0.0,0
353,12,11,0,0.0,1108212.82,-7891.0,-0.19,20818.17,1.25,0
354,1,12,2,20.0,2021880.45,-17537.94,-0.13,0,0.0,0
354,2,13,1,8.33,2015091.7,-6788.75,-0.05,7669.27,1.47,0
354,3,15,2,15.38,2015609.7,518.0,0.0,0,0.0,0
354,4,16,1,6.67,2002673.37,-12936.33,-0.09,4071.81,0.78,0
354,5,18,2,12.5,2037868.53,35195.16,0.25,1885.56,0.36,0
354,6,20,2,11.11,2022624.95,-15243.57,-0.11,3803.35,0.73,0
354,7,24,4,20.0,1997552.05,-25072.91,-0.18,6537.93,1.26,0
354,8,27,3,12.5,2012346.89,14794.85,0.11,3735.25,0.72,0
354,9,33,6,22.22,2000035.44,-12311.45,-0.09,0,0.0,0
354,10,37,4,12.12,1958080.46,-41954.98,-0.3,0,0.0,0
354,11,44,7,18.92,1891021.27,-67059.19,-0.48,6291.9,1.21,0
354,12,52,8,18.18,1872736.29,-18284.98,-0.13,2286.74,0.44,0
355,1,30,1,3.45,1570963.95,2530.39,0.02,0,0.0,0
355,2,32,2,6.67,1559261.68,-11702.27,-0.08,1305.14,0.51,0
355,3,34,2,6.25,1561213.76,1952.08,0.01,2079.56,0.82,0
355,4,36,2,5.88,1507288.51,-53925.25,-0.37,0,0.0,0
355,5,38,2,5.56,1431660.21,-75628.3,-0.52,0,0.0,0
355,6,40,2,5.26,1454967.55,23307.35,0.16,746.39,0.29,0
355,7,43,3,7.5,5924967.04,4469999.48,30.91,0,0.0,1
355,8,47,4,9.3,5887983.37,-36983.66,-0.26,738.25,0.29,0
355,9,51,4,8.51,5846843.17,-41140.21,-0.28,1815.23,0.72,0
355,10,56,5,9.8,5831027.09,-15816.08,-0.11,0,0.0,0
355,11,61,5,8.93,5799613.37,-31413.72,-0.22,2656.35,1.05,0
355,12,67,6,9.84,5736098.78,-63514.59,-0.44,2467.94,0.97,0
356,1,13,0,0.0,1297246.1,-72010.79,-0.5,5554.98,0.22,0
356,2,14,1,7.69,1260593.49,-36652.62,-0.25,10800.13,0.42,0
356,3,15,1,7.14,1195335.29,-65258.2,-0.45,0,0.0,0
356,4,16,1,6.67,1166497.76,-28837.53,-0.2,25226.83,0.99,0
356,5,18,2,12.5,1182443.07,15945.31,0.11,6507.91,0.25,0
356,6,20,2,11.11,1178268.36,-4174.7,-0.03,0,0.0,0
356,7,22,2,10.0,1153911.66,-24356.71,-0.17,0,0.0,0
356,8,24,2,9.09,1097431.96,-56479.69,-0.39,13071.58,0.51,0
356,9,27,3,12.5,1104931.52,7499.56,0.05,32019.09,1.25,0
356,10,29,2,7.41,1127129.13,22197.61,0.15,0,0.0,0
356,11,31,2,6.9,1088271.59,-38857.55,-0.27,35089.21,1.37,0
356,12,34,3,9.68,1110143.03,21871.44,0.15,0,0.0,0
357,1,44,8,22.22,2372122.59,-5385.6,-0.04,0,0.0,0
357,2,50,6,13.64,2340004.68,-32117.91,-0.22,20279.77,1.22,0
357,3,57,7,14.0,2334580.08,-5424.6,-0.04,0,0.0,0
357,4,66,9,15.79,2337608.47,3028.4,0.02,0,0.0,0
357,5,79,13,19.7,2265677.25,-71931.22,-0.48,0,0.0,0
357,6,90,11,13.92,2252058.15,-13619.1,-0.09,0,0.0,0
357,7,102,12,13.33,12439366.24,10187308.08,68.48,0,0.0,1
357,8,112,10,9.8,12368854.66,-70511.58,-0.47,20660.03,1.25,0
357,9,128,16,14.29,12349354.04,-19500.62,-0.13,22106.74,1.33,0
357,10,151,23,17.97,12352657.24,3303.21,0.02,0,0.0,0
357,11,158,7,4.64,12281589.35,-71067.89,-0.48,20563.59,1.24,0
357,12,175,17,10.76,12269988.01,-11601.34,-0.08,11963.04,0.72,0
358,1,14,2,16.67,74100.12,-62.0,-0.01,0,0.0,0
358,2,15,1,7.14,72772.64,-1327.48,-0.25,0,0.0,0
358,3,18,3,20.0,70541.4,-2231.24,-0.42,11565.64,0.75,0
358,4,20,2,11.11,71874.49,1333.09,0.25,5757.17,0.37,0
358,5,23,3,15.0,68734.64,-3139.86,-0.59,6808.85,0.44,0
358,6,26,3,13.04,67775.91,-958.73,-0.18,0,0.0,0
358,7,27,1,3.85,67385.47,-390.44,-0.07,0,0.0,0
358,8,31,4,14.81,66470.53,-914.94,-0.17,20342.26,1.32,0
358,9,36,5,16.13,64226.35,-2244.19,-0.42,0,0.0,0
358,10,38,2,5.56,62158.23,-2068.12,-0.39,8612.95,0.56,0
358,11,44,6,15.79,61771.09,-387.14,-0.07,8400.37,0.54,0
358,12,49,5,11.36,62130.86,359.77,0.07,16511.51,1.07,0
359,1,10,1,11.11,1589966.37,-4572.74,-0.04,17008.25,0.62,0
359,2,10,0,0.0,9545610.93,7955644.56,66.85,32365.4,1.18,1
359,3,11,1,10.0,9547321.91,1710.97,0.01,0,0.0,0
359,4,12,1,9.09,9494384.15,-52937.75,-0.44,12582.69,0.46,0
359,5,13,1,8.33,9446016.44,-48367.71,-0.41,8564.7,0.31,0
359,6,14,1,7.69,9404660.91,-41355.53,-0.35,0,0.0,0
359,7,25,11,78.57,9389090.68,-15570.23,-0.13,9085.41,0.33,1
359,8,29,4,16.0,9354741.29,-34349.38,-0.29,40189.78,1.47,0
359,9,33,4,13.79,9353608.53,-1132.76,-0.01,0,0.0,0
359,10,34,1,3.03,9359793.79,6185.26,0.05,0,0.0,0
359,11,36,2,5.88,9371825.2,12031.4,0.1,0,0.0,0
359,12,39,3,8.33,9316962.69,-54862.5,-0.46,0,0.0,0
360,1,22,1,4.76,2106443.34,-44773.61,-0.22,0,0.0,0
360,2,23,1,4.55,2025685.29,-80758.05,-0.4,0,0.0,0
360,3,24,1,4.35,1947783.33,-77901.96,-0.38,0,0.0,0
360,4,25,1,4.17,1924301.03,-23482.3,-0.12,41024.13,0.99,0
360,5,26,1,4.0,1910094.46,-14206.57,-0.07,0,0.0,0
360,6,27,1,3.85,1930039.43,19944.97,0.1,15423.96,0.37,0
360,7,28,1,3.7,1896171.93,-33867.5,-0.17,41122.54,0.99,0
360,8,29,1,3.57,1840935.26,-55236.67,-0.27,0,0.0,0
360,9,31,2,6.9,1812968.66,-27966.6,-0.14,0,0.0,0
360,10,32,1,3.23,1767081.24,-45887.43,-0.22,0,0.0,0
360,11,33,1,3.12,1735057.04,-32024.19,-0.16,0,0.0,0
360,12,35,2,6.06,1714261.18,-20795.86,-0.1,44815.85,1.08,0
361,1,9,1,12.5,1235491.98,-18108.7,-0.16,5670.72,0.76,0
361,2,10,1,11.11,1214875.34,-20616.65,-0.18,3731.33,0.5,0
361,3,11,1,10.0,1173683.66,-41191.68,-0.36,7035.1,0.94,0
361,4,11,0,0.0,1159230.97,-14452.68,-0.13,9091.97,1.21,0
361,5,11,0,0.0,1131551.88,-27679.09,-0.24,5903.52,0.79,0
361,6,11,0,0.0,1129628.52,-1923.36,-0.02,7538.07,1.0,0
361,7,12,1,9.09,1119073.71,-10554.81,-0.09,4601.72,0.61,0
361,8,12,0,0.0,1152537.67,33463.96,0.29,0,0.0,0
361,9,12,0,0.0,1164678.29,12140.62,0.11,7481.16,1.0,0
361,10,13,1,8.33,1170243.29,5565.0,0.05,2040.5,0.27,0
361,11,14,1,7.69,1155385.1,-14858.18,-0.13,3820.62,0.51,0
361,12,15,1,7.14,1120316.46,-35068.65,-0.31,0,0.0,0
362,1,16,1,6.67,2062764.47,-7525.62,-0.05,5483.29,0.29,0
362,2,17,1,6.25,2041988.16,-20776.31,-0.14,132587.6,7.09,1
362,3,17,0,0.0,2043298.47,1310.31,0.01,9455.05,0.51,0
362,4,18,1,5.88,1979220.3,-64078.16,-0.43,22485.73,1.2,0
362,5,19,1,5.56,1995738.2,16517.9,0.11,0,0.0,0
362,6,20,1,5.26,1929119.02,-66619.18,-0.45,13839.27,0.74,0
362,7,20,0,0.0,11368109.51,9438990.49,63.92,0,0.0,1
362,8,21,1,5.0,11368089.85,-19.67,-0.0,0,0.0,0
362,9,22,1,4.76,11334503.43,-33586.42,-0.23,0,0.0,0
362,10,23,1,4.55,11316043.38,-18460.05,-0.13,5705.08,0.31,0
362,11,24,1,4.35,11290896.97,-25146.41,-0.17,3955.48,0.21,0
362,12,24,0,0.0,11246072.73,-44824.24,-0.3,0,0.0,0
363,1,3,0,0.0,1960834.39,-69476.59,-0.32,24610.76,1.42,0
363,2,3,0,0.0,9580957.83,7620123.44,35.6,6075.44,0.35,1
363,3,3,0,0.0,9577232.51,-3725.32,-0.02,20080.6,1.15,0
363,4,4,1,33.33,9550213.29,-27019.22,-0.13,20436.04,1.18,1
363,5,5,1,25.0,9502808.34,-47404.95,-0.22,20257.48,1.16,0
363,6,6,1,20.0,9434383.49,-68424.85,-0.32,24728.67,1.42,0
363,7,7,1,16.67,9405212.33,-29171.16,-0.14,22606.04,1.3,0
363,8,8,1,14.29,9371921.44,-33290.89,-0.16,19969.3,1.15,0
363,9,9,1,12.5,9337823.46,-34097.98,-0.16,0,0.0,0
363,10,10,1,11.11,9372054.17,34230.72,0.16,0,0.0,0
363,11,12,2,20.0,9311752.12,-60302.06,-0.28,0,0.0,0
363,12,12,0,0.0,9361306.47,49554.36,0.23,0,0.0,0
364,1,30,2,7.14,2083192.47,14808.94,0.16,17968.95,0.53,0
364,2,33,3,10.0,2068378.0,-14814.47,-0.16,46967.62,1.37,0
364,3,39,6,18.18,2038880.95,-29497.06,-0.31,0,0.0,0
364,4,42,3,7.69,2000872.43,-38008.52,-0.4,33670.15,0.98,0
364,5,48,6,14.29,1992368.5,-8503.93,-0.09,0,0.0,0
364,6,56,8,16.67,1993868.26,1499.76,0.02,0,0.0,0
364,7,65,9,16.07,1972543.73,-21324.53,-0.23,35470.95,1.04,0
364,8,72,7,10.77,1943911.08,-28632.65,-0.3,9705.33,0.28,0
364,9,85,13,18.06,1899306.06,-44605.02,-0.47,0,0.0,0
364,10,96,11,12.94,1867217.88,-32088.18,-0.34,13816.92,0.4,0
364,11,107,11,11.46,1872047.63,4829.76,0.05,26688.8,0.78,0
364,12,121,14,13.08,1884730.3,12682.66,0.13,43632.14,1.28,0
365,1,26,3,13.04,1537773.12,-63396.71,-0.41,35299.89,0.84,0
365,2,27,1,3.85,1523910.51,-13862.62,-0.09,31309.29,0.74,0
365,3,30,3,11.11,1462598.66,-61311.85,-0.4,0,0.0,0
365,4,35,5,16.67,1499638.27,37039.61,0.24,20007.16,0.47,0
365,5,40,5,14.29,1481415.31,-18222.96,-0.12,55643.11,1.32,0
365,6,42,2,5.0,1431248.54,-50166.77,-0.33,33692.43,0.8,0
365,7,49,7,16.67,1436905.5,5656.96,0.04,55926.06,1.33,0
365,8,53,4,8.16,1419641.86,-17263.65,-0.11,35172.27,0.83,0
365,9,59,6,11.32,1359309.22,-60332.64,-0.39,0,0.0,0
365,10,65,6,10.17,1345358.53,-13950.69,-0.09,40501.07,0.96,0
365,11,71,6,9.23,1379399.08,34040.55,0.22,50275.02,1.19,0
365,12,80,9,12.68,1345064.44,-34334.64,-0.22,0,0.0,0
366,1,25,1,4.17,2045684.29,-19955.7,-0.21,22657.87,1.1,0
366,2,26,1,4.0,2013037.61,-32646.68,-0.35,0,0.0,0
366,3,27,1,3.85,1982537.57,-30500.04,-0.32,13318.9,0.64,0
366,4,28,1,3.7,12691239.44,10708701.87,114.05,0,0.0,1
366,5,29,1,3.57,12705715.84,14476.4,0.15,0,0.0,0
366,6,30,1,3.45,12673421.5,-32294.34,-0.34,12792.43,0.62,0
366,7,31,1,3.33,12654250.98,-19170.52,-0.2,26538.03,1.28,0
366,8,32,1,3.23,12623177.39,-31073.6,-0.33,0,0.0,0
366,9,33,1,3.12,12610053.39,-13124.0,-0.14,0,0.0,0
366,10,60,27,81.82,12598279.73,-11773.66,-0.13,0,0.0,1
366,11,61,1,1.67,12605672.12,7392.39,0.08,25932.58,1.25,0
366,12,62,1,1.64,12603577.43,-2094.69,-0.02,13755.91,0.67,0
367,1,9,1,12.5,2159093.35,-24723.92,-0.14,0,0.0,0
367,2,10,1,11.11,2115396.04,-43697.31,-0.25,21163.81,1.22,0
367,3,11,1,10.0,2072937.44,-42458.6,-0.24,0,0.0,0
367,4,12,1,9.09,2061152.06,-11785.38,-0.07,5873.47,0.34,0
367,5,13,1,8.33,2080865.54,19713.47,0.11,0,0.0,0
367,6,15,2,15.38,2026101.64,-54763.9,-0.31,23165.04,1.34,0
367,7,16,1,6.67,2032038.06,5936.42,0.03,4102.64,0.24,0
367,8,28,12,75.0,1961820.88,-70217.18,-0.4,0,0.0,1
367,9,34,6,21.43,1975973.09,14152.21,0.08,7312.08,0.42,0
367,10,36,2,5.88,1996457.45,20484.36,0.12,0,0.0,0
367,11,41,5,13.89,1980260.76,-16196.69,-0.09,0,0.0,0
367,12,43,2,4.88,1986999.32,6738.56,0.04,0,0.0,0
368,1,31,2,6.9,2717690.79,7417.92,0.07,35186.58,1.25,0
368,2,33,2,6.45,2672154.25,-45536.55,-0.44,18460.03,0.66,0
368,3,35,2,6.06,2628162.53,-43991.71,-0.42,29660.46,1.05,0
368,4,38,3,8.57,2617597.5,-10565.04,-0.1,0,0.0,0
368,5,40,2,5.26,2581470.04,-36127.46,-0.35,25338.05,0.9,0
368,6,42,2,5.0,2587897.83,6427.79,0.06,36002.23,1.28,0
368,7,43,1,2.38,2569476.87,-18420.96,-0.18,0,0.0,0
368,8,45,2,4.65,2540741.98,-28734.89,-0.28,8407.27,0.3,0
368,9,48,3,6.67,6549981.73,4009239.75,38.45,28166.24,1.0,1
368,10,49,1,2.08,6517962.09,-32019.64,-0.31,40608.88,1.44,0
368,11,50,1,2.04,6501119.36,-16842.73,-0.16,39867.79,1.42,0
368,12,52,2,4.0,6482296.33,-18823.02,-0.18,14097.18,0.5,0
369,1,26,0,0.0,761795.44,-25847.17,-0.31,6492.64,0.2,0
369,2,26,0,0.0,727925.77,-33869.67,-0.41,14361.15,0.45,0
369,3,27,1,3.85,721446.67,-6479.1,-0.08,16308.96,0.51,0
369,4,27,0,0.0,689139.5,-32307.18,-0.39,0,0.0,0
369,5,27,0,0.0,701519.03,12379.53,0.15,24485.89,0.77,0
369,6,28,1,3.7,712753.58,11234.55,0.14,29785.06,0.93,0
369,7,28,0,0.0,717447.8,4694.22,0.06,7267.49,0.23,0
369,8,28,0,0.0,687378.99,-30068.8,-0.36,20855.2,0.65,0
369,9,29,1,3.57,685130.19,-2248.81,-0.03,0,0.0,0
369,10,30,1,3.45,7132016.59,6446886.4,77.86,0,0.0,1
369,11,31,1,3.33,7143055.92,11039.33,0.13,44026.61,1.38,0
369,12,32,1,3.23,7133141.89,-9914.03,-0.12,10400.6,0.32,0
370,1,35,3,9.38,179521.22,-2643.42,-0.2,46546.77,1.15,0
370,2,38,3,8.57,178573.5,-947.71,-0.07,31809.38,0.78,0
370,3,40,2,5.26,177365.81,-1207.7,-0.09,13714.66,0.34,0
370,4,43,3,7.5,180202.43,2836.62,0.22,0,0.0,0
370,5,47,4,9.3,180956.37,753.94,0.06,31300.53,0.77,0
370,6,48,1,2.13,174595.71,-6360.66,-0.49,0,0.0,0
370,7,50,2,4.17,174457.81,-137.91,-0.01,0,0.0,0
370,8,51,1,2.0,170104.15,-4353.65,-0.34,46450.36,1.15,0
370,9,52,1,1.96,166889.96,-3214.19,-0.25,387281.33,9.56,1
370,10,57,5,9.62,166752.05,-137.91,-0.01,0,0.0,0
370,11,59,2,3.51,166365.13,-386.92,-0.03,44680.23,1.1,0
370,12,65,6,10.17,161551.54,-4813.58,-0.37,0,0.0,0
371,1,42,4,10.53,102252.0,-2755.31,-0.22,59115.93,1.27,0
371,2,46,4,9.52,100531.07,-1720.93,-0.14,13648.19,0.29,0
371,3,51,5,10.87,100548.43,17.36,0.0,36215.35,0.78,0
371,4,54,3,5.88,97634.98,-2913.44,-0.24,61373.86,1.32,0
371,5,60,6,11.11,94180.83,-3454.16,-0.28,0,0.0,0
371,6,64,4,6.67,90908.83,-3272.0,-0.26,0,0.0,0
371,7,69,5,7.81,90204.76,-704.07,-0.06,0,0.0,0
371,8,72,3,4.35,88895.48,-1309.28,-0.11,0,0.0,0
371,9,77,5,6.94,89624.98,729.5,0.06,28808.19,0.62,0
371,10,82,5,6.49,83108.19,-6516.79,-0.53,14093.09,0.3,0
371,11,91,9,10.98,80488.97,-2619.22,-0.21,0,0.0,0
371,12,94,3,3.3,79793.92,-695.05,-0.06,27048.58,0.58,0
372,1,36,2,5.88,470663.02,-14254.72,-0.27,39012.67,1.08,0
372,2,39,3,8.33,467326.84,-3336.17,-0.06,0,0.0,0
372,3,43,4,10.26,471077.96,3751.12,0.07,10563.66,0.29,0
372,4,52,9,20.93,4964979.48,4493901.52,85.7,40606.28,1.13,1
372,5,61,9,17.31,4937228.15,-27751.33,-0.53,0,0.0,0
372,6,73,12,19.67,4916471.23,-20756.92,-0.4,48657.15,1.35,0
372,7,78,5,6.85,4913973.88,-2497.35,-0.05,25557.43,0.71,0
372,8,89,11,14.1,4911065.3,-2908.59,-0.06,0,0.0,0
372,9,101,12,13.48,4913576.26,2510.96,0.05,43857.56,1.22,0
372,10,123,22,21.78,4912739.06,-837.2,-0.02,0,0.0,0
372,11,142,19,15.45,4909317.41,-3421.65,-0.07,0,0.0,0
372,12,151,9,6.34,4904124.23,-5193.18,-0.1,0,0.0,0
373,1,20,2,11.11,2569701.73,-44476.36,-0.15,18216.54,0.46,0
373,2,21,1,5.0,2499612.03,-70089.7,-0.23,47956.88,1.21,0
373,3,22,1,4.76,2432144.66,-67467.37,-0.22,0,0.0,0
373,4,23,1,4.55,2410856.09,-21288.57,-0.07,0,0.0,0
373,5,25,2,8.7,10082861.56,7672005.47,25.17,21496.97,0.54,1
373,6,27,2,8.0,10074143.18,-8718.38,-0.03,0,0.0,0
373,7,30,3,11.11,9934368.0,-139775.17,-0.46,0,0.0,0
373,8,36,6,20.0,9843046.29,-91321.72,-0.3,587446.64,14.82,1
373,9,42,6,16.67,9839774.85,-3271.44,-0.01,57283.52,1.45,0
373,10,46,4,9.52,9661336.96,-178437.89,-0.59,0,0.0,0
373,11,48,2,4.35,9613122.58,-48214.38,-0.16,46746.55,1.18,0
373,12,53,5,10.42,9606794.83,-6327.75,-0.02,0,0.0,0
374,1,45,5,12.5,1791614.68,-3514.96,-0.03,0,0.0,0
374,2,48,3,6.67,1788694.37,-2920.31,-0.02,0,0.0,0
374,3,52,4,8.33,1763606.37,-25088.0,-0.21,13671.79,0.8,0
374,4,56,4,7.69,11019132.0,9255525.63,78.22,23088.69,1.35,1
374,5,61,5,8.93,10978752.56,-40379.44,-0.34,12395.66,0.73,0
374,6,69,8,13.11,10988973.39,10220.83,0.09,0,0.0,0
374,7,71,2,2.9,10974609.02,-14364.38,-0.12,0,0.0,0
374,8,73,2,2.82,10928280.46,-46328.56,-0.39,23595.88,1.38,0
374,9,81,8,10.96,10883609.86,-44670.6,-0.38,0,0.0,0
374,10,88,7,8.64,10841638.76,-41971.1,-0.35,4635.16,0.27,0
374,11,91,3,3.41,10844604.39,2965.63,0.03,10267.62,0.6,0
374,12,96,5,5.49,10862179.5,17575.11,0.15,5423.69,0.32,0
375,1,55,24,77.42,1510155.81,-15855.22,-0.23,20413.47,0.86,1
375,2,62,7,12.73,1497929.28,-12226.53,-0.18,27952.96,1.17,0
375,3,71,9,14.52,1502350.31,4421.04,0.06,0,0.0,0
375,4,83,12,16.9,1502441.7,91.39,0.0,11081.22,0.46,0
375,5,90,7,8.43,4788977.83,3286536.13,47.76,10834.41,0.45,1
375,6,105,15,16.67,4787344.97,-1632.85,-0.02,7204.95,0.3,0
375,7,112,7,6.67,4780471.79,-6873.18,-0.1,24541.69,1.03,0
375,8,128,16,14.29,4766954.87,-13516.92,-0.2,24074.21,1.01,0
375,9,144,16,12.5,4766639.54,-315.33,-0.0,0,0.0,0
375,10,164,20,13.89,4761139.36,-5500.18,-0.08,0,0.0,0
375,11,183,19,11.59,4750347.12,-10792.24,-0.16,32274.43,1.35,0
375,12,213,30,16.39,4740048.8,-10298.31,-0.15,0,0.0,0
376,1,17,2,13.33,2858145.02,27876.09,0.25,8812.62,0.7,0
376,2,18,1,5.88,2831718.76,-26426.26,-0.24,17470.3,1.39,0
376,3,19,1,5.56,2826910.18,-4808.58,-0.04,16267.92,1.29,0
376,4,22,3,15.79,2814556.73,-12353.45,-0.11,0,0.0,0
376,5,23,1,4.55,2782310.93,-32245.8,-0.29,5673.78,0.45,0
376,6,24,1,4.35,2733420.06,-48890.87,-0.45,6593.7,0.52,0
376,7,25,1,4.17,2730742.53,-2677.53,-0.02,0,0.0,0
376,8,28,3,12.0,2724686.71,-6055.82,-0.06,7539.55,0.6,0
376,9,29,1,3.57,2723074.44,-1612.27,-0.01,0,0.0,0
376,10,33,4,13.79,2696005.99,-27068.45,-0.25,12552.2,1.0,0
376,11,35,2,6.06,2702159.13,6153.14,0.06,16238.92,1.29,0
376,12,38,3,8.57,2707913.74,5754.61,0.05,0,0.0,0
377,1,21,0,0.0,1677306.58,-19860.61,-0.1,0,0.0,0
377,2,21,0,0.0,1661087.39,-16219.2,-0.08,0,0.0,0
377,3,40,19,90.48,1609961.53,-51125.86,-0.26,41847.92,1.36,1
377,4,41,1,2.5,1596829.91,-13131.62,-0.07,0,0.0,0
377,5,41,0,0.0,1517968.68,-78861.23,-0.39,164433.02,5.36,1
377,6,42,1,2.44,1479499.62,-38469.06,-0.19,33544.0,1.09,0
377,7,43,1,2.38,1415304.31,-64195.31,-0.32,32082.71,1.05,0
377,8,44,1,2.33,1374875.55,-40428.76,-0.2,0,0.0,0
377,9,44,0,0.0,1332625.47,-42250.08,-0.21,43333.0,1.41,0
377,10,44,0,0.0,1265509.98,-67115.48,-0.34,32548.07,1.06,0
377,11,45,1,2.27,1242024.7,-23485.28,-0.12,11303.63,0.37,0
377,12,45,0,0.0,1260789.13,18764.42,0.09,11952.32,0.39,0
378,1,4,0,0.0,1967836.12,-32137.97,-0.14,16795.41,1.13,0
378,2,4,0,0.0,1952977.11,-14859.01,-0.07,0,0.0,0
378,3,5,1,25.0,1974125.52,21148.41,0.09,0,0.0,0
378,4,6,1,20.0,1896945.18,-77180.34,-0.34,3519.37,0.24,0
378,5,7,1,16.67,1921847.97,24902.79,0.11,9880.95,0.67,0
378,6,8,1,14.29,1890015.86,-31832.11,-0.14,0,0.0,0
378,7,9,1,12.5,1882628.64,-7387.22,-0.03,0,0.0,0
378,8,9,0,0.0,1878475.83,-4152.81,-0.02,0,0.0,0
378,9,10,1,11.11,1835493.77,-42982.06,-0.19,0,0.0,0
378,10,11,1,10.0,1766251.03,-69242.74,-0.31,0,0.0,0
378,11,12,1,9.09,1791913.97,25662.93,0.11,13201.82,0.89,0
378,12,15,3,25.0,1717749.05,-74164.92,-0.33,16410.53,1.11,0
379,1,17,0,0.0,1208956.75,10365.92,0.07,28159.71,1.28,0
379,2,17,0,0.0,6409773.85,5200817.1,37.31,4841.37,0.22,1
379,3,17,0,0.0,6389581.71,-20192.14,-0.14,0,0.0,0
379,4,17,0,0.0,6398314.61,8732.91,0.06,0,0.0,0
379,5,17,0,0.0,6378177.48,-20137.13,-0.14,0,0.0,0
379,6,17,0,0.0,6315749.99,-62427.49,-0.45,17545.51,0.8,0
379,7,17,0,0.0,6271030.59,-44719.4,-0.32,8065.39,0.37,0
379,8,17,0,0.0,6262946.88,-8083.71,-0.06,0,0.0,0
379,9,17,0,0.0,6233918.76,-29028.12,-0.21,10722.95,0.49,0
379,10,17,0,0.0,6233053.18,-865.57,-0.01,29127.11,1.32,0
379,11,17,0,0.0,6198381.52,-34671.66,-0.25,0,0.0,0
379,12,17,0,0.0,6205050.48,6668.96,0.05,0,0.0,0
380,1,46,7,17.95,1110697.79,-23604.1,-0.23,15971.2,0.47,0
380,2,52,6,13.04,1102336.33,-8361.46,-0.08,19853.23,0.59,0
380,3,63,11,21.15,1066569.56,-35766.76,-0.35,0,0.0,0
380,4,71,8,12.7,1061045.28,-5524.29,-0.05,30996.94,0.92,0
380,5,80,9,12.68,1042941.89,-18103.39,-0.18,32015.25,0.95,0
380,6,88,8,10.0,1012076.8,-30865.09,-0.3,47954.47,1.42,0
380,7,97,9,10.23,977210.31,-34866.49,-0.34,34373.13,1.02,0
380,8,118,21,21.65,972589.28,-4621.02,-0.05,26853.38,0.79,0
380,9,129,11,9.32,998818.36,26229.08,0.26,0,0.0,0
380,10,158,29,22.48,961974.23,-36844.14,-0.36,0,0.0,0
380,11,177,19,12.03,953170.87,-8803.36,-0.09,0,0.0,0
380,12,188,11,6.21,944148.19,-9022.67,-0.09,16601.72,0.49,0
381,1,28,0,0.0,986828.21,-2137.76,-0.02,45569.59,1.16,0
381,2,30,2,7.14,965900.21,-20928.01,-0.21,0,0.0,0
381,3,32,2,6.67,921648.31,-44251.89,-0.45,41260.08,1.05,0
381,4,33,1,3.12,941553.27,19904.96,0.2,46743.15,1.19,0
381,5,35,2,6.06,902219.92,-39333.35,-0.4,0,0.0,0
381,6,37,2,5.71,900806.72,-1413.2,-0.01,0,0.0,0
381,7,40,3,8.11,875359.19,-25447.53,-0.26,0,0.0,0
381,8,43,3,7.5,860543.42,-14815.77,-0.15,48499.36,1.23,0
381,9,44,1,2.33,855448.63,-5094.79,-0.05,0,0.0,0
381,10,46,2,4.55,817283.28,-38165.36,-0.39,52978.82,1.35,0
381,11,48,2,4.35,826982.93,9699.65,0.1,0,0.0,0
381,12,50,2,4.17,786220.65,-40762.28,-0.42,306951.38,7.8,1
382,1,39,0,0.0,1197221.88,-11983.39,-0.12,0,0.0,0
382,2,40,1,2.56,1168333.17,-28888.71,-0.28,25252.83,1.1,0
382,3,41,1,2.5,1175650.47,7317.3,0.07,23329.5,1.01,0
382,4,42,1,2.44,1181403.22,5752.75,0.06,33929.57,1.48,0
382,5,43,1,2.38,1169707.89,-11695.34,-0.11,0,0.0,0
382,6,44,1,2.33,1155460.59,-14247.3,-0.14,30335.61,1.32,0
382,7,45,1,2.27,1122132.91,-33327.68,-0.32,7270.05,0.32,0
382,8,46,1,2.22,1100176.49,-21956.42,-0.21,0,0.0,0
382,9,47,1,2.17,1083048.21,-17128.29,-0.17,16420.38,0.71,0
382,10,48,1,2.13,1059503.27,-23544.94,-0.23,0,0.0,0
382,11,50,2,4.17,1010847.52,-48655.75,-0.47,21624.91,0.94,0
382,12,51,1,2.0,997430.25,-13417.27,-0.13,6647.67,0.29,0
383,1,43,5,13.16,861469.64,-6673.86,-0.2,0,0.0,0
383,2,47,4,9.3,856311.96,-5157.68,-0.15,10287.48,0.62,0
383,3,54,7,14.89,852825.02,-3486.94,-0.1,16670.17,1.0,0
383,4,61,7,12.96,849427.85,-3397.17,-0.1,24742.83,1.48,0
383,5,67,6,9.84,844004.69,-5423.16,-0.16,12272.58,0.73,0
383,6,74,7,10.45,843501.71,-502.98,-0.01,0,0.0,0
383,7,79,5,6.76,835022.23,-8479.48,-0.25,23929.95,1.43,0
383,8,89,10,12.66,831809.04,-3213.19,-0.1,16256.69,0.97,0
383,9,143,54,60.67,832864.27,1055.23,0.03,23998.18,1.43,1
383,10,160,17,11.89,822386.97,-10477.3,-0.31,0,0.0,0
383,11,179,19,11.88,811187.88,-11199.09,-0.33,217540.66,13.01,1
383,12,201,22,12.29,809631.96,-1555.92,-0.05,23842.43,1.43,0
384,1,35,4,12.9,1023636.32,-19824.77,-0.36,16771.37,1.32,0
384,2,40,5,14.29,1031562.39,7926.07,0.14,15358.7,1.21,0
384,3,48,8,20.0,1023734.03,-7828.36,-0.14,12425.43,0.98,0
384,4,58,10,20.83,1011611.46,-12122.57,-0.22,0,0.0,0
384,5,65,7,12.07,985028.95,-26582.51,-0.48,17571.13,1.38,0
384,6,76,11,16.92,972960.69,-12068.27,-0.22,6070.97,0.48,0
384,7,91,15,19.74,6194656.31,5221695.63,94.58,10230.28,0.8,1
384,8,100,9,9.89,6183867.99,-10788.32,-0.2,14384.54,1.13,0
384,9,109,9,9.0,6185069.36,1201.37,0.02,15922.57,1.25,0
384,10,132,23,21.1,6174382.88,-10686.48,-0.19,14340.36,1.13,0
384,11,153,21,15.91,6179355.46,4972.58,0.09,18062.87,1.42,0
384,12,171,18,11.76,6188656.15,9300.69,0.17,5700.0,0.45,0
385,1,27,1,3.85,278261.42,-1346.18,-0.08,38366.16,1.11,0
385,2,27,0,0.0,277215.2,-1046.21,-0.06,47485.96,1.38,0
385,3,27,0,0.0,277704.91,489.71,0.03,0,0.0,0
385,4,27,0,0.0,273560.44,-4144.46,-0.24,26892.81,0.78,0
385,5,28,1,3.7,271799.66,-1760.79,-0.1,51795.51,1.5,0
385,6,28,0,0.0,271705.11,-94.55,-0.01,25202.5,0.73,0
385,7,28,0,0.0,271260.94,-444.17,-0.03,19032.64,0.55,0
385,8,28,0,0.0,264171.55,-7089.39,-0.41,0,0.0,0
385,9,29,1,3.57,265479.31,1307.76,0.08,34005.59,0.98,0
385,10,30,1,3.45,261329.53,-4149.78,-0.24,34494.3,1.0,0
385,11,30,0,0.0,258867.32,-2462.22,-0.14,38884.17,1.13,0
385,12,31,1,3.33,253716.83,-5150.49,-0.3,0,0.0,0
386,1,21,2,10.53,114544.16,-1378.54,-0.13,0,0.0,0
386,2,22,1,4.76,111763.34,-2780.82,-0.26,0,0.0,0
386,3,23,1,4.55,113167.55,1404.21,0.13,0,0.0,0
386,4,25,2,8.7,113058.09,-109.46,-0.01,0,0.0,0
386,5,26,1,4.0,111950.13,-1107.96,-0.1,32589.83,0.76,0
386,6,28,2,7.69,109718.61,-2231.51,-0.21,19563.06,0.45,0
386,7,31,3,10.71,105252.06,-4466.55,-0.41,57049.81,1.33,0
386,8,34,3,9.68,103067.0,-2185.06,-0.2,44482.21,1.03,0
386,9,37,3,8.82,102548.42,-518.58,-0.05,0,0.0,0
386,10,41,4,10.81,99236.59,-3311.83,-0.31,62473.37,1.45,0
386,11,45,4,9.76,94590.55,-4646.04,-0.43,0,0.0,0
386,12,47,2,4.44,94768.08,177.53,0.02,12871.19,0.3,0
387,1,50,15,42.86,2251269.8,-77503.13,-0.43,0,0.0,1
387,2,50,0,0.0,2236525.19,-14744.61,-0.08,0,0.0,0
387,3,51,1,2.0,2220299.19,-16226.01,-0.09,0,0.0,0
387,4,52,1,1.96,2223241.85,2942.67,0.02,16048.01,0.37,0
387,5,52,0,0.0,2145679.42,-77562.44,-0.43,22076.89,0.52,0
387,6,53,1,1.92,2107733.53,-37945.88,-0.21,17962.3,0.42,0
387,7,53,0,0.0,2092555.9,-15177.63,-0.08,57437.05,1.34,0
387,8,54,1,1.89,2016783.27,-75772.64,-0.42,40442.35,0.94,0
387,9,55,1,1.85,2005431.52,-11351.74,-0.06,38798.36,0.91,0
387,10,56,1,1.82,1949627.05,-55804.47,-0.31,35444.36,0.83,0
387,11,57,1,1.79,1971081.32,21454.28,0.12,61888.9,1.45,0
387,12,58,1,1.75,1898990.57,-72090.76,-0.4,0,0.0,0
388,1,29,2,7.41,1968305.84,-19167.68,-0.25,7083.96,0.34,0
388,2,32,3,10.34,1958275.49,-10030.35,-0.13,0,0.0,0
388,3,36,4,12.5,1965802.05,7526.56,0.1,0,0.0,0
388,4,38,2,5.56,1980281.25,14479.2,0.19,23255.55,1.12,0
388,5,41,3,7.89,1955961.58,-24319.67,-0.31,21972.22,1.06,0
388,6,43,2,4.88,1963798.2,7836.62,0.1,19018.02,0.92,0
388,7,48,5,11.63,1944859.58,-18938.62,-0.24,30899.17,1.49,0
388,8,50,2,4.17,1914721.74,-30137.84,-0.39,8860.47,0.43,0
388,9,57,7,14.0,1933010.83,18289.09,0.23,28417.63,1.37,0
388,10,63,6,10.53,1937233.66,4222.83,0.05,25578.01,1.23,0
388,11,66,3,4.76,1908200.15,-29033.51,-0.37,0,0.0,0
388,12,68,2,3.03,1905993.16,-2206.99,-0.03,0,0.0,0
389,1,34,0,0.0,2500072.43,-101204.03,-0.34,16341.66,1.24,0
389,2,34,0,0.0,2471953.06,-28119.37,-0.1,12423.44,0.95,0
389,3,34,0,0.0,2502713.19,30760.13,0.1,0,0.0,0
389,4,34,0,0.0,2381397.02,-121316.17,-0.41,0,0.0,0
389,5,34,0,0.0,2380150.98,-1246.04,-0.0,8902.28,0.68,0
389,6,34,0,0.0,2350199.72,-29951.26,-0.1,18531.76,1.41,0
389,7,34,0,0.0,2331897.65,-18302.07,-0.06,18484.23,1.41,0
389,8,34,0,0.0,2341417.25,9519.6,0.03,9639.1,0.73,0
389,9,34,0,0.0,2223068.82,-118348.43,-0.4,6956.3,0.53,0
389,10,34,0,0.0,2181432.93,-41635.9,-0.14,0,0.0,0
389,11,51,17,50.0,2151981.42,-29451.51,-0.1,0,0.0,1
389,12,51,0,0.0,2070809.44,-81171.97,-0.27,4594.62,0.35,0
390,1,40,3,8.11,2472146.83,-34401.76,-0.19,0,0.0,0
390,2,43,3,7.5,2451554.89,-20591.95,-0.12,0,0.0,0
390,3,47,4,9.3,2403739.61,-47815.27,-0.27,53508.96,1.23,0
390,4,51,4,8.51,2400315.25,-3424.36,-0.02,0,0.0,0
390,5,57,6,11.76,2425730.36,25415.11,0.14,0,0.0,0
390,6,59,2,3.51,13414064.38,10988334.01,61.59,0,0.0,1
390,7,64,5,8.47,13370741.85,-43322.53,-0.24,0,0.0,0
390,8,67,3,4.69,13338886.25,-31855.6,-0.18,9816.38,0.23,0
390,9,71,4,5.97,13294516.19,-44370.06,-0.25,52841.18,1.21,0
390,10,76,5,7.04,13284275.26,-10240.93,-0.06,0,0.0,0
390,11,80,4,5.26,13231802.41,-52472.86,-0.29,11610.67,0.27,0
390,12,89,9,11.25,13219525.18,-12277.23,-0.07,0,0.0,0
391,1,26,1,4.0,2242306.86,-73.33,-0.0,0,0.0,0
391,2,27,1,3.85,2242503.92,197.07,0.0,0,0.0,0
391,3,28,1,3.7,2213331.67,-29172.26,-0.19,0,0.0,0
391,4,29,1,3.57,2191500.01,-21831.65,-0.14,0,0.0,0
391,5,31,2,6.9,2190866.67,-633.34,-0.0,8978.74,0.37,0
391,6,32,1,3.23,2200032.54,9165.87,0.06,0,0.0,0
391,7,33,1,3.12,2175437.72,-24594.82,-0.16,19530.22,0.81,0
391,8,35,2,6.06,2126373.21,-49064.51,-0.32,0,0.0,0
391,9,36,1,2.86,2084510.64,-41862.56,-0.28,28225.81,1.17,0
391,10,38,2,5.56,2047191.59,-37319.06,-0.25,34532.25,1.43,0
391,11,40,2,5.26,2084341.44,37149.85,0.24,17993.99,0.75,0
391,12,41,1,2.5,2089459.69,5118.25,0.03,0,0.0,0
392,1,13,1,8.33,529937.3,-3754.89,-0.15,0,0.0,0
392,2,14,1,7.69,519705.38,-10231.92,-0.41,23341.46,0.49,0
392,3,15,1,7.14,516216.72,-3488.67,-0.14,30364.4,0.64,0
392,4,16,1,6.67,508246.3,-7970.41,-0.32,14983.11,0.32,0
392,5,26,10,62.5,499027.37,-9218.93,-0.36,57634.91,1.22,1
392,6,28,2,7.69,491954.82,-7072.55,-0.28,0,0.0,0
392,7,29,1,3.57,485738.12,-6216.71,-0.25,15982.63,0.34,0
392,8,31,2,6.9,480938.65,-4799.46,-0.19,10041.41,0.21,0
392,9,32,1,3.23,477165.21,-3773.44,-0.15,58659.07,1.24,0
392,10,33,1,3.12,480275.76,3110.55,0.12,0,0.0,0
392,11,35,2,6.06,471744.88,-8530.88,-0.34,62185.86,1.32,0
392,12,37,2,5.71,467205.59,-4539.28,-0.18,33792.12,0.72,0
393,1,13,0,0.0,2158347.96,-21866.85,-0.09,0,0.0,0
393,2,13,0,0.0,2136912.23,-21435.73,-0.09,8907.9,0.88,0
393,3,13,0,0.0,2150037.75,13125.52,0.05,12494.25,1.24,0
393,4,13,0,0.0,2119417.73,-30620.02,-0.12,12489.29,1.24,0
393,5,13,0,0.0,2124246.42,4828.69,0.02,0,0.0,0
393,6,13,0,0.0,2068645.75,-55600.67,-0.22,12003.9,1.19,0
393,7,13,0,0.0,2034594.26,-34051.49,-0.14,3052.26,0.3,0
393,8,13,0,0.0,2019133.35,-15460.91,-0.06,0,0.0,0
393,9,13,0,0.0,1902748.33,-116385.02,-0.46,0,0.0,0
393,10,13,0,0.0,1779909.78,-122838.55,-0.49,5927.88,0.59,0
393,11,13,0,0.0,1710165.86,-69743.92,-0.28,3825.85,0.38,0
393,12,24,11,84.62,1580812.57,-129353.3,-0.51,7470.84,0.74,1
394,1,32,1,3.23,10715776.77,8483598.5,37.93,0,0.0,1
394,2,34,2,6.25,10642349.93,-73426.84,-0.33,27415.82,1.44,0
394,3,35,1,2.94,10574539.31,-67810.62,-0.3,21340.55,1.12,0
394,4,36,1,2.86,10527420.57,-47118.75,-0.21,14852.52,0.78,0
394,5,38,2,5.56,10472408.89,-55011.67,-0.25,22190.86,1.16,0
394,6,40,2,5.26,10474688.9,2280.0,0.01,0,0.0,0
394,7,41,1,2.5,10406150.75,-68538.14,-0.31,16114.45,0.85,0
394,8,44,3,7.32,10410621.89,4471.14,0.02,7013.18,0.37,0
394,9,45,1,2.27,10369847.44,-40774.45,-0.18,17436.85,0.91,0
394,10,48,3,6.67,10318950.98,-50896.45,-0.23,17818.36,0.93,0
394,11,51,3,6.25,10315714.95,-3236.03,-0.01,0,0.0,0
394,12,90,39,76.47,10291233.76,-24481.19,-0.11,6369.14,0.33,1
395,1,39,3,8.33,1851945.41,-61371.39,-0.51,24787.49,1.42,0
395,2,43,4,10.26,1831497.95,-20447.46,-0.17,0,0.0,0
395,3,53,10,23.26,1785982.62,-45515.33,-0.37,0,0.0,0
395,4,62,9,16.98,1764985.38,-20997.24,-0.17,0,0.0,0
395,5,71,9,14.52,1740144.91,-24840.47,-0.2,18348.62,1.05,0
395,6,88,17,23.94,1730179.94,-9964.97,-0.08,0,0.0,0
395,7,96,8,9.09,1740904.52,10724.57,0.09,0,0.0,0
395,8,110,14,14.58,1757637.95,16733.43,0.14,10449.24,0.6,0
395,9,129,19,17.27,1739369.97,-18267.98,-0.15,0,0.0,0
395,10,148,19,14.73,1677746.64,-61623.33,-0.51,14333.6,0.82,0
395,11,165,17,11.49,1643576.69,-34169.95,-0.28,23832.68,1.36,0
395,12,201,36,21.82,1618051.37,-25525.32,-0.21,0,0.0,0
396,1,38,0,0.0,2438491.25,10553.09,0.08,130519.37,4.72,0
396,2,38,0,0.0,2418749.9,-19741.35,-0.15,37097.0,1.34,0
396,3,38,0,0.0,2387053.02,-31696.88,-0.24,0,0.0,0
396,4,38,0,0.0,2369820.34,-17232.68,-0.13,20345.26,0.74,0
396,5,38,0,0.0,2306824.52,-62995.82,-0.48,0,0.0,0
396,6,38,0,0.0,2283781.27,-23043.25,-0.17,0,0.0,0
396,7,38,0,0.0,2254432.47,-29348.79,-0.22,0,0.0,0
396,8,38,0,0.0,2215160.4,-39272.07,-0.3,38262.95,1.38,0
396,9,38,0,0.0,2234771.05,19610.65,0.15,33827.7,1.22,0
396,10,38,0,0.0,2222688.7,-12082.35,-0.09,27449.28,0.99,0
396,11,38,0,0.0,2228638.99,5950.29,0.05,0,0.0,0
396,12,38,0,0.0,2246460.37,17821.37,0.14,28418.89,1.03,0
397,1,25,3,13.64,2004219.45,-64736.62,-0.28,5366.31,0.21,0
397,2,28,3,12.0,1922277.68,-81941.77,-0.35,27967.12,1.11,0
397,3,48,20,71.43,1847910.05,-74367.63,-0.32,212676.65,8.47,1
397,4,55,7,14.58,1848377.89,467.84,0.0,20974.48,0.84,0
397,5,63,8,14.55,1854310.65,5932.76,0.03,0,0.0,0
397,6,65,2,3.17,1898383.87,44073.21,0.19,18091.74,0.72,0
397,7,71,6,9.23,1803264.6,-95119.27,-0.41,19146.29,0.76,0
397,8,82,11,15.49,1826134.48,22869.88,0.1,25317.37,1.01,0
397,9,88,6,7.32,1753292.22,-72842.26,-0.31,14065.6,0.56,0
397,10,100,12,13.64,11617920.74,9864628.53,42.55,0,0.0,1
397,11,112,12,12.0,11548315.38,-69605.37,-0.3,0,0.0,0
397,12,120,8,7.14,11448211.54,-100103.83,-0.43,0,0.0,0
398,1,8,0,0.0,756318.26,-20188.0,-0.23,6967.41,0.53,0
398,2,9,1,12.5,755699.57,-618.7,-0.01,0,0.0,0
398,3,10,1,11.11,4117723.8,3362024.23,37.95,3455.85,0.26,1
398,4,11,1,10.0,4102460.38,-15263.42,-0.17,14753.43,1.12,0
398,5,12,1,9.09,4081600.03,-20860.35,-0.24,16382.97,1.25,0
398,6,15,3,25.0,4040347.27,-41252.76,-0.47,5229.38,0.4,0
398,7,18,3,20.0,4034931.86,-5415.41,-0.06,0,0.0,0
398,8,20,2,11.11,3999330.08,-35601.78,-0.4,16537.6,1.26,0
398,9,24,4,20.0,3979200.66,-20129.42,-0.23,0,0.0,0
398,10,25,1,4.17,3964708.7,-14491.96,-0.16,17075.85,1.3,0
398,11,30,5,20.0,3948055.38,-16653.32,-0.19,0,0.0,0
398,12,33,3,10.0,3937404.76,-10650.62,-0.12,19068.82,1.45,0
399,1,7,1,16.67,2603987.61,-25746.63,-0.25,45494.69,1.29,0
399,2,8,1,14.29,2616459.08,12471.47,0.12,0,0.0,0
399,3,9,1,12.5,2613672.9,-2786.18,-0.03,0,0.0,0
399,4,10,1,11.11,2599626.54,-14046.37,-0.13,0,0.0,0
399,5,10,0,0.0,2598435.02,-1191.52,-0.01,14086.37,0.4,0
399,6,11,1,10.0,2590776.57,-7658.45,-0.07,0,0.0,0
399,7,12,1,9.09,13139166.74,10548390.17,100.51,38441.78,1.09,1
399,8,13,1,8.33,13102023.58,-37143.16,-0.35,41157.72,1.17,0
399,9,14,1,7.69,13083468.74,-18554.84,-0.18,251086.17,7.13,1
399,10,16,2,14.29,13065264.64,-18204.1,-0.17,0,0.0,0
399,11,18,2,12.5,13048202.65,-17062.0,-0.16,11537.29,0.33,0
399,12,20,2,11.11,12995671.04,-52531.6,-0.5,0,0.0,0
